ISO-10303-21;
HEADER;
FILE_DESCRIPTION(('Open CASCADE Model'),'2;1');
FILE_NAME('Open CASCADE Shape Model','2026-07-15T12:09:29',('Author'),(
    'Open CASCADE'),'Open CASCADE STEP processor 7.9','Open CASCADE 7.9'
  ,'Unknown');
FILE_SCHEMA(('AUTOMOTIVE_DESIGN { 1 0 10303 214 1 1 1 1 }'));
ENDSEC;
DATA;
#1 = APPLICATION_PROTOCOL_DEFINITION('international standard',
  'automotive_design',2000,#2);
#2 = APPLICATION_CONTEXT(
  'core data for automotive mechanical design processes');
#3 = SHAPE_DEFINITION_REPRESENTATION(#4,#10);
#4 = PRODUCT_DEFINITION_SHAPE('','',#5);
#5 = PRODUCT_DEFINITION('design','',#6,#9);
#6 = PRODUCT_DEFINITION_FORMATION('','',#7);
#7 = PRODUCT('Open CASCADE STEP translator 7.9 4',
  'Open CASCADE STEP translator 7.9 4','',(#8));
#8 = PRODUCT_CONTEXT('',#2,'mechanical');
#9 = PRODUCT_DEFINITION_CONTEXT('part definition',#2,'design');
#10 = ADVANCED_BREP_SHAPE_REPRESENTATION('',(#11,#15),#4613);
#11 = AXIS2_PLACEMENT_3D('',#12,#13,#14);
#12 = CARTESIAN_POINT('',(0.,0.,0.));
#13 = DIRECTION('',(0.,0.,1.));
#14 = DIRECTION('',(1.,0.,-0.));
#15 = MANIFOLD_SOLID_BREP('',#16);
#16 = CLOSED_SHELL('',(#17,#139,#1301,#1353,#2395,#2422,#2449,#2476,
    #2501,#2526,#2553,#2578,#2605,#2630,#2657,#2682,#2707,#2734,#2759,
    #2786,#2811,#2838,#2863,#2888,#2915,#2940,#2967,#2992,#3019,#3044,
    #3051,#3078,#3105,#3132,#3159,#3186,#3213,#3240,#3267,#3294,#4047,
    #4074,#4101,#4128,#4550,#4579,#4586));
#17 = ADVANCED_FACE('',(#18),#33,.T.);
#18 = FACE_BOUND('',#19,.F.);
#19 = EDGE_LOOP('',(#20,#56,#82,#115));
#20 = ORIENTED_EDGE('',*,*,#21,.F.);
#21 = EDGE_CURVE('',#22,#24,#26,.T.);
#22 = VERTEX_POINT('',#23);
#23 = CARTESIAN_POINT('',(24.000000000001,17.153716798407,0.));
#24 = VERTEX_POINT('',#25);
#25 = CARTESIAN_POINT('',(14.489471505717,25.696404719046,0.));
#26 = SURFACE_CURVE('',#27,(#32,#44),.PCURVE_S1.);
#27 = CIRCLE('',#28,29.5);
#28 = AXIS2_PLACEMENT_3D('',#29,#30,#31);
#29 = CARTESIAN_POINT('',(0.,0.,0.));
#30 = DIRECTION('',(0.,-0.,1.));
#31 = DIRECTION('',(0.813559322034,0.58148192537,0.));
#32 = PCURVE('',#33,#38);
#33 = CYLINDRICAL_SURFACE('',#34,29.5);
#34 = AXIS2_PLACEMENT_3D('',#35,#36,#37);
#35 = CARTESIAN_POINT('',(0.,0.,0.));
#36 = DIRECTION('',(-0.,-0.,-1.));
#37 = DIRECTION('',(1.,0.,0.));
#38 = DEFINITIONAL_REPRESENTATION('',(#39),#43);
#39 = LINE('',#40,#41);
#40 = CARTESIAN_POINT('',(-0.62054904074,0.));
#41 = VECTOR('',#42,1.);
#42 = DIRECTION('',(-1.,0.));
#43 = ( GEOMETRIC_REPRESENTATION_CONTEXT(2) 
PARAMETRIC_REPRESENTATION_CONTEXT() REPRESENTATION_CONTEXT('2D SPACE',''
  ) );
#44 = PCURVE('',#45,#50);
#45 = PLANE('',#46);
#46 = AXIS2_PLACEMENT_3D('',#47,#48,#49);
#47 = CARTESIAN_POINT('',(-7.416624447671E-16,1.762413759907E-15,0.));
#48 = DIRECTION('',(0.,0.,1.));
#49 = DIRECTION('',(1.,0.,-0.));
#50 = DEFINITIONAL_REPRESENTATION('',(#51),#55);
#51 = CIRCLE('',#52,29.5);
#52 = AXIS2_PLACEMENT_2D('',#53,#54);
#53 = CARTESIAN_POINT('',(7.416624447671E-16,-1.762413759907E-15));
#54 = DIRECTION('',(0.813559322034,0.58148192537));
#55 = ( GEOMETRIC_REPRESENTATION_CONTEXT(2) 
PARAMETRIC_REPRESENTATION_CONTEXT() REPRESENTATION_CONTEXT('2D SPACE',''
  ) );
#56 = ORIENTED_EDGE('',*,*,#57,.F.);
#57 = EDGE_CURVE('',#58,#22,#60,.T.);
#58 = VERTEX_POINT('',#59);
#59 = CARTESIAN_POINT('',(24.000000000001,17.153716798407,5.));
#60 = SURFACE_CURVE('',#61,(#65,#71),.PCURVE_S1.);
#61 = LINE('',#62,#63);
#62 = CARTESIAN_POINT('',(24.,17.153716798408,0.));
#63 = VECTOR('',#64,1.);
#64 = DIRECTION('',(-0.,-0.,-1.));
#65 = PCURVE('',#33,#66);
#66 = DEFINITIONAL_REPRESENTATION('',(#67),#70);
#67 = B_SPLINE_CURVE_WITH_KNOTS('',1,(#68,#69),.UNSPECIFIED.,.F.,.F.,(2,
    2),(-5.,0.),.PIECEWISE_BEZIER_KNOTS.);
#68 = CARTESIAN_POINT('',(-0.62054904074,-5.));
#69 = CARTESIAN_POINT('',(-0.62054904074,0.));
#70 = ( GEOMETRIC_REPRESENTATION_CONTEXT(2) 
PARAMETRIC_REPRESENTATION_CONTEXT() REPRESENTATION_CONTEXT('2D SPACE',''
  ) );
#71 = PCURVE('',#72,#77);
#72 = PLANE('',#73);
#73 = AXIS2_PLACEMENT_3D('',#74,#75,#76);
#74 = CARTESIAN_POINT('',(24.,7.,0.));
#75 = DIRECTION('',(1.,0.,0.));
#76 = DIRECTION('',(0.,0.,1.));
#77 = DEFINITIONAL_REPRESENTATION('',(#78),#81);
#78 = B_SPLINE_CURVE_WITH_KNOTS('',1,(#79,#80),.UNSPECIFIED.,.F.,.F.,(2,
    2),(-5.0000006,6.E-07),.PIECEWISE_BEZIER_KNOTS.);
#79 = CARTESIAN_POINT('',(5.0000006,-10.1537167984));
#80 = CARTESIAN_POINT('',(-6.E-07,-10.1537167984));
#81 = ( GEOMETRIC_REPRESENTATION_CONTEXT(2) 
PARAMETRIC_REPRESENTATION_CONTEXT() REPRESENTATION_CONTEXT('2D SPACE',''
  ) );
#82 = ORIENTED_EDGE('',*,*,#83,.F.);
#83 = EDGE_CURVE('',#84,#58,#86,.T.);
#84 = VERTEX_POINT('',#85);
#85 = CARTESIAN_POINT('',(14.489471505717,25.696404719046,5.));
#86 = SURFACE_CURVE('',#87,(#92,#99),.PCURVE_S1.);
#87 = CIRCLE('',#88,29.5);
#88 = AXIS2_PLACEMENT_3D('',#89,#90,#91);
#89 = CARTESIAN_POINT('',(0.,0.,5.));
#90 = DIRECTION('',(0.,0.,-1.));
#91 = DIRECTION('',(0.97143931396,0.237288135593,0.));
#92 = PCURVE('',#33,#93);
#93 = DEFINITIONAL_REPRESENTATION('',(#94),#98);
#94 = LINE('',#95,#96);
#95 = CARTESIAN_POINT('',(-6.522758607907,-5.));
#96 = VECTOR('',#97,1.);
#97 = DIRECTION('',(1.,-0.));
#98 = ( GEOMETRIC_REPRESENTATION_CONTEXT(2) 
PARAMETRIC_REPRESENTATION_CONTEXT() REPRESENTATION_CONTEXT('2D SPACE',''
  ) );
#99 = PCURVE('',#100,#105);
#100 = PLANE('',#101);
#101 = AXIS2_PLACEMENT_3D('',#102,#103,#104);
#102 = CARTESIAN_POINT('',(-7.416624447671E-16,1.762413759907E-15,5.));
#103 = DIRECTION('',(0.,0.,1.));
#104 = DIRECTION('',(1.,0.,-0.));
#105 = DEFINITIONAL_REPRESENTATION('',(#106),#114);
#106 = ( BOUNDED_CURVE() B_SPLINE_CURVE(2,(#107,#108,#109,#110,#111,#112
,#113),.UNSPECIFIED.,.T.,.F.) B_SPLINE_CURVE_WITH_KNOTS((1,2,2,2,2,1),(
    -2.094395102393,0.,2.094395102393,4.188790204786,6.28318530718,
8.377580409573),.UNSPECIFIED.) CURVE() GEOMETRIC_REPRESENTATION_ITEM() 
RATIONAL_B_SPLINE_CURVE((1.,0.5,1.,0.5,1.,0.5,1.)) REPRESENTATION_ITEM(
  '') );
#107 = CARTESIAN_POINT('',(28.657459761814,6.999999999999));
#108 = CARTESIAN_POINT('',(40.781815414795,-42.63617632332));
#109 = CARTESIAN_POINT('',(-8.266552054417,-28.31808816166));
#110 = CARTESIAN_POINT('',(-57.31491952362,-13.99999999999));
#111 = CARTESIAN_POINT('',(-20.39090770739,21.318088161662));
#112 = CARTESIAN_POINT('',(16.533104108834,56.636176323322));
#113 = CARTESIAN_POINT('',(28.657459761814,6.999999999999));
#114 = ( GEOMETRIC_REPRESENTATION_CONTEXT(2) 
PARAMETRIC_REPRESENTATION_CONTEXT() REPRESENTATION_CONTEXT('2D SPACE',''
  ) );
#115 = ORIENTED_EDGE('',*,*,#116,.T.);
#116 = EDGE_CURVE('',#84,#24,#117,.T.);
#117 = SURFACE_CURVE('',#118,(#122,#128),.PCURVE_S1.);
#118 = LINE('',#119,#120);
#119 = CARTESIAN_POINT('',(14.489471505717,25.696404719046,0.));
#120 = VECTOR('',#121,1.);
#121 = DIRECTION('',(-0.,-0.,-1.));
#122 = PCURVE('',#33,#123);
#123 = DEFINITIONAL_REPRESENTATION('',(#124),#127);
#124 = B_SPLINE_CURVE_WITH_KNOTS('',1,(#125,#126),.UNSPECIFIED.,.F.,.F.,
  (2,2),(-5.0000006,6.E-07),.PIECEWISE_BEZIER_KNOTS.);
#125 = CARTESIAN_POINT('',(-1.057365589056,-5.0000006));
#126 = CARTESIAN_POINT('',(-1.057365589056,6.E-07));
#127 = ( GEOMETRIC_REPRESENTATION_CONTEXT(2) 
PARAMETRIC_REPRESENTATION_CONTEXT() REPRESENTATION_CONTEXT('2D SPACE',''
  ) );
#128 = PCURVE('',#129,#134);
#129 = CYLINDRICAL_SURFACE('',#130,1.4);
#130 = AXIS2_PLACEMENT_3D('',#131,#132,#133);
#131 = CARTESIAN_POINT('',(15.,27.,0.));
#132 = DIRECTION('',(-0.,-0.,-1.));
#133 = DIRECTION('',(1.,0.,0.));
#134 = DEFINITIONAL_REPRESENTATION('',(#135),#138);
#135 = B_SPLINE_CURVE_WITH_KNOTS('',1,(#136,#137),.UNSPECIFIED.,.F.,.F.,
  (2,2),(-5.0000006,6.E-07),.PIECEWISE_BEZIER_KNOTS.);
#136 = CARTESIAN_POINT('',(-4.339117899336,-5.0000006));
#137 = CARTESIAN_POINT('',(-4.339117899336,6.E-07));
#138 = ( GEOMETRIC_REPRESENTATION_CONTEXT(2) 
PARAMETRIC_REPRESENTATION_CONTEXT() REPRESENTATION_CONTEXT('2D SPACE',''
  ) );
#139 = ADVANCED_FACE('',(#140,#898,#929,#960,#991,#1022,#1053,#1084,
    #1115,#1146,#1177,#1208,#1239,#1270),#45,.F.);
#140 = FACE_BOUND('',#141,.F.);
#141 = EDGE_LOOP('',(#142,#165,#166,#190,#219,#247,#275,#303,#331,#360,
    #389,#418,#446,#474,#502,#530,#559,#588,#617,#645,#673,#701,#729,
    #758,#787,#816,#844,#872));
#142 = ORIENTED_EDGE('',*,*,#143,.F.);
#143 = EDGE_CURVE('',#22,#144,#146,.T.);
#144 = VERTEX_POINT('',#145);
#145 = CARTESIAN_POINT('',(24.,19.,0.));
#146 = SURFACE_CURVE('',#147,(#151,#158),.PCURVE_S1.);
#147 = LINE('',#148,#149);
#148 = CARTESIAN_POINT('',(24.,7.,0.));
#149 = VECTOR('',#150,1.);
#150 = DIRECTION('',(0.,1.,0.));
#151 = PCURVE('',#45,#152);
#152 = DEFINITIONAL_REPRESENTATION('',(#153),#157);
#153 = LINE('',#154,#155);
#154 = CARTESIAN_POINT('',(24.,7.));
#155 = VECTOR('',#156,1.);
#156 = DIRECTION('',(0.,1.));
#157 = ( GEOMETRIC_REPRESENTATION_CONTEXT(2) 
PARAMETRIC_REPRESENTATION_CONTEXT() REPRESENTATION_CONTEXT('2D SPACE',''
  ) );
#158 = PCURVE('',#72,#159);
#159 = DEFINITIONAL_REPRESENTATION('',(#160),#164);
#160 = LINE('',#161,#162);
#161 = CARTESIAN_POINT('',(0.,0.));
#162 = VECTOR('',#163,1.);
#163 = DIRECTION('',(0.,-1.));
#164 = ( GEOMETRIC_REPRESENTATION_CONTEXT(2) 
PARAMETRIC_REPRESENTATION_CONTEXT() REPRESENTATION_CONTEXT('2D SPACE',''
  ) );
#165 = ORIENTED_EDGE('',*,*,#21,.T.);
#166 = ORIENTED_EDGE('',*,*,#167,.F.);
#167 = EDGE_CURVE('',#168,#24,#170,.T.);
#168 = VERTEX_POINT('',#169);
#169 = CARTESIAN_POINT('',(14.162886984849,25.877840563973,0.));
#170 = SURFACE_CURVE('',#171,(#176,#183),.PCURVE_S1.);
#171 = CIRCLE('',#172,1.4);
#172 = AXIS2_PLACEMENT_3D('',#173,#174,#175);
#173 = CARTESIAN_POINT('',(15.,27.,0.));
#174 = DIRECTION('',(0.,0.,1.));
#175 = DIRECTION('',(1.,0.,0.));
#176 = PCURVE('',#45,#177);
#177 = DEFINITIONAL_REPRESENTATION('',(#178),#182);
#178 = CIRCLE('',#179,1.4);
#179 = AXIS2_PLACEMENT_2D('',#180,#181);
#180 = CARTESIAN_POINT('',(15.,27.));
#181 = DIRECTION('',(1.,0.));
#182 = ( GEOMETRIC_REPRESENTATION_CONTEXT(2) 
PARAMETRIC_REPRESENTATION_CONTEXT() REPRESENTATION_CONTEXT('2D SPACE',''
  ) );
#183 = PCURVE('',#129,#184);
#184 = DEFINITIONAL_REPRESENTATION('',(#185),#189);
#185 = LINE('',#186,#187);
#186 = CARTESIAN_POINT('',(-0.,0.));
#187 = VECTOR('',#188,1.);
#188 = DIRECTION('',(-1.,0.));
#189 = ( GEOMETRIC_REPRESENTATION_CONTEXT(2) 
PARAMETRIC_REPRESENTATION_CONTEXT() REPRESENTATION_CONTEXT('2D SPACE',''
  ) );
#190 = ORIENTED_EDGE('',*,*,#191,.T.);
#191 = EDGE_CURVE('',#168,#192,#194,.T.);
#192 = VERTEX_POINT('',#193);
#193 = CARTESIAN_POINT('',(-7.,28.657459761814,0.));
#194 = SURFACE_CURVE('',#195,(#200,#207),.PCURVE_S1.);
#195 = CIRCLE('',#196,29.5);
#196 = AXIS2_PLACEMENT_3D('',#197,#198,#199);
#197 = CARTESIAN_POINT('',(0.,0.,0.));
#198 = DIRECTION('',(0.,-0.,1.));
#199 = DIRECTION('',(0.813559322034,0.58148192537,0.));
#200 = PCURVE('',#45,#201);
#201 = DEFINITIONAL_REPRESENTATION('',(#202),#206);
#202 = CIRCLE('',#203,29.5);
#203 = AXIS2_PLACEMENT_2D('',#204,#205);
#204 = CARTESIAN_POINT('',(7.416624447671E-16,-1.762413759907E-15));
#205 = DIRECTION('',(0.813559322034,0.58148192537));
#206 = ( GEOMETRIC_REPRESENTATION_CONTEXT(2) 
PARAMETRIC_REPRESENTATION_CONTEXT() REPRESENTATION_CONTEXT('2D SPACE',''
  ) );
#207 = PCURVE('',#208,#213);
#208 = CYLINDRICAL_SURFACE('',#209,29.5);
#209 = AXIS2_PLACEMENT_3D('',#210,#211,#212);
#210 = CARTESIAN_POINT('',(0.,0.,0.));
#211 = DIRECTION('',(-0.,-0.,-1.));
#212 = DIRECTION('',(1.,0.,0.));
#213 = DEFINITIONAL_REPRESENTATION('',(#214),#218);
#214 = LINE('',#215,#216);
#215 = CARTESIAN_POINT('',(-0.62054904074,0.));
#216 = VECTOR('',#217,1.);
#217 = DIRECTION('',(-1.,0.));
#218 = ( GEOMETRIC_REPRESENTATION_CONTEXT(2) 
PARAMETRIC_REPRESENTATION_CONTEXT() REPRESENTATION_CONTEXT('2D SPACE',''
  ) );
#219 = ORIENTED_EDGE('',*,*,#220,.T.);
#220 = EDGE_CURVE('',#192,#221,#223,.T.);
#221 = VERTEX_POINT('',#222);
#222 = CARTESIAN_POINT('',(-7.,38.,0.));
#223 = SURFACE_CURVE('',#224,(#228,#235),.PCURVE_S1.);
#224 = LINE('',#225,#226);
#225 = CARTESIAN_POINT('',(-7.,24.,0.));
#226 = VECTOR('',#227,1.);
#227 = DIRECTION('',(1.110223024625E-16,1.,0.));
#228 = PCURVE('',#45,#229);
#229 = DEFINITIONAL_REPRESENTATION('',(#230),#234);
#230 = LINE('',#231,#232);
#231 = CARTESIAN_POINT('',(-7.,24.));
#232 = VECTOR('',#233,1.);
#233 = DIRECTION('',(1.110223024625E-16,1.));
#234 = ( GEOMETRIC_REPRESENTATION_CONTEXT(2) 
PARAMETRIC_REPRESENTATION_CONTEXT() REPRESENTATION_CONTEXT('2D SPACE',''
  ) );
#235 = PCURVE('',#236,#241);
#236 = PLANE('',#237);
#237 = AXIS2_PLACEMENT_3D('',#238,#239,#240);
#238 = CARTESIAN_POINT('',(-7.,24.,0.));
#239 = DIRECTION('',(-1.,1.110223024625E-16,0.));
#240 = DIRECTION('',(0.,0.,1.));
#241 = DEFINITIONAL_REPRESENTATION('',(#242),#246);
#242 = LINE('',#243,#244);
#243 = CARTESIAN_POINT('',(0.,0.));
#244 = VECTOR('',#245,1.);
#245 = DIRECTION('',(0.,1.));
#246 = ( GEOMETRIC_REPRESENTATION_CONTEXT(2) 
PARAMETRIC_REPRESENTATION_CONTEXT() REPRESENTATION_CONTEXT('2D SPACE',''
  ) );
#247 = ORIENTED_EDGE('',*,*,#248,.T.);
#248 = EDGE_CURVE('',#221,#249,#251,.T.);
#249 = VERTEX_POINT('',#250);
#250 = CARTESIAN_POINT('',(-19.,38.,0.));
#251 = SURFACE_CURVE('',#252,(#256,#263),.PCURVE_S1.);
#252 = LINE('',#253,#254);
#253 = CARTESIAN_POINT('',(-7.,38.,0.));
#254 = VECTOR('',#255,1.);
#255 = DIRECTION('',(-1.,1.110223024625E-16,0.));
#256 = PCURVE('',#45,#257);
#257 = DEFINITIONAL_REPRESENTATION('',(#258),#262);
#258 = LINE('',#259,#260);
#259 = CARTESIAN_POINT('',(-7.,38.));
#260 = VECTOR('',#261,1.);
#261 = DIRECTION('',(-1.,1.110223024625E-16));
#262 = ( GEOMETRIC_REPRESENTATION_CONTEXT(2) 
PARAMETRIC_REPRESENTATION_CONTEXT() REPRESENTATION_CONTEXT('2D SPACE',''
  ) );
#263 = PCURVE('',#264,#269);
#264 = PLANE('',#265);
#265 = AXIS2_PLACEMENT_3D('',#266,#267,#268);
#266 = CARTESIAN_POINT('',(-7.,38.,0.));
#267 = DIRECTION('',(1.110223024625E-16,1.,0.));
#268 = DIRECTION('',(0.,0.,1.));
#269 = DEFINITIONAL_REPRESENTATION('',(#270),#274);
#270 = LINE('',#271,#272);
#271 = CARTESIAN_POINT('',(0.,0.));
#272 = VECTOR('',#273,1.);
#273 = DIRECTION('',(0.,-1.));
#274 = ( GEOMETRIC_REPRESENTATION_CONTEXT(2) 
PARAMETRIC_REPRESENTATION_CONTEXT() REPRESENTATION_CONTEXT('2D SPACE',''
  ) );
#275 = ORIENTED_EDGE('',*,*,#276,.F.);
#276 = EDGE_CURVE('',#277,#249,#279,.T.);
#277 = VERTEX_POINT('',#278);
#278 = CARTESIAN_POINT('',(-19.,24.,0.));
#279 = SURFACE_CURVE('',#280,(#284,#291),.PCURVE_S1.);
#280 = LINE('',#281,#282);
#281 = CARTESIAN_POINT('',(-19.,24.,0.));
#282 = VECTOR('',#283,1.);
#283 = DIRECTION('',(1.110223024625E-16,1.,0.));
#284 = PCURVE('',#45,#285);
#285 = DEFINITIONAL_REPRESENTATION('',(#286),#290);
#286 = LINE('',#287,#288);
#287 = CARTESIAN_POINT('',(-19.,24.));
#288 = VECTOR('',#289,1.);
#289 = DIRECTION('',(1.110223024625E-16,1.));
#290 = ( GEOMETRIC_REPRESENTATION_CONTEXT(2) 
PARAMETRIC_REPRESENTATION_CONTEXT() REPRESENTATION_CONTEXT('2D SPACE',''
  ) );
#291 = PCURVE('',#292,#297);
#292 = PLANE('',#293);
#293 = AXIS2_PLACEMENT_3D('',#294,#295,#296);
#294 = CARTESIAN_POINT('',(-19.,24.,0.));
#295 = DIRECTION('',(-1.,1.110223024625E-16,0.));
#296 = DIRECTION('',(0.,0.,1.));
#297 = DEFINITIONAL_REPRESENTATION('',(#298),#302);
#298 = LINE('',#299,#300);
#299 = CARTESIAN_POINT('',(0.,0.));
#300 = VECTOR('',#301,1.);
#301 = DIRECTION('',(0.,1.));
#302 = ( GEOMETRIC_REPRESENTATION_CONTEXT(2) 
PARAMETRIC_REPRESENTATION_CONTEXT() REPRESENTATION_CONTEXT('2D SPACE',''
  ) );
#303 = ORIENTED_EDGE('',*,*,#304,.F.);
#304 = EDGE_CURVE('',#305,#277,#307,.T.);
#305 = VERTEX_POINT('',#306);
#306 = CARTESIAN_POINT('',(-17.1537167984,24.,0.));
#307 = SURFACE_CURVE('',#308,(#312,#319),.PCURVE_S1.);
#308 = LINE('',#309,#310);
#309 = CARTESIAN_POINT('',(-7.,24.,0.));
#310 = VECTOR('',#311,1.);
#311 = DIRECTION('',(-1.,1.110223024625E-16,0.));
#312 = PCURVE('',#45,#313);
#313 = DEFINITIONAL_REPRESENTATION('',(#314),#318);
#314 = LINE('',#315,#316);
#315 = CARTESIAN_POINT('',(-7.,24.));
#316 = VECTOR('',#317,1.);
#317 = DIRECTION('',(-1.,1.110223024625E-16));
#318 = ( GEOMETRIC_REPRESENTATION_CONTEXT(2) 
PARAMETRIC_REPRESENTATION_CONTEXT() REPRESENTATION_CONTEXT('2D SPACE',''
  ) );
#319 = PCURVE('',#320,#325);
#320 = PLANE('',#321);
#321 = AXIS2_PLACEMENT_3D('',#322,#323,#324);
#322 = CARTESIAN_POINT('',(-7.,24.,0.));
#323 = DIRECTION('',(1.110223024625E-16,1.,0.));
#324 = DIRECTION('',(0.,0.,1.));
#325 = DEFINITIONAL_REPRESENTATION('',(#326),#330);
#326 = LINE('',#327,#328);
#327 = CARTESIAN_POINT('',(0.,0.));
#328 = VECTOR('',#329,1.);
#329 = DIRECTION('',(0.,-1.));
#330 = ( GEOMETRIC_REPRESENTATION_CONTEXT(2) 
PARAMETRIC_REPRESENTATION_CONTEXT() REPRESENTATION_CONTEXT('2D SPACE',''
  ) );
#331 = ORIENTED_EDGE('',*,*,#332,.T.);
#332 = EDGE_CURVE('',#305,#333,#335,.T.);
#333 = VERTEX_POINT('',#334);
#334 = CARTESIAN_POINT('',(-25.69640471904,14.489471505717,0.));
#335 = SURFACE_CURVE('',#336,(#341,#348),.PCURVE_S1.);
#336 = CIRCLE('',#337,29.5);
#337 = AXIS2_PLACEMENT_3D('',#338,#339,#340);
#338 = CARTESIAN_POINT('',(0.,0.,0.));
#339 = DIRECTION('',(0.,-0.,1.));
#340 = DIRECTION('',(0.813559322034,0.58148192537,0.));
#341 = PCURVE('',#45,#342);
#342 = DEFINITIONAL_REPRESENTATION('',(#343),#347);
#343 = CIRCLE('',#344,29.5);
#344 = AXIS2_PLACEMENT_2D('',#345,#346);
#345 = CARTESIAN_POINT('',(7.416624447671E-16,-1.762413759907E-15));
#346 = DIRECTION('',(0.813559322034,0.58148192537));
#347 = ( GEOMETRIC_REPRESENTATION_CONTEXT(2) 
PARAMETRIC_REPRESENTATION_CONTEXT() REPRESENTATION_CONTEXT('2D SPACE',''
  ) );
#348 = PCURVE('',#349,#354);
#349 = CYLINDRICAL_SURFACE('',#350,29.5);
#350 = AXIS2_PLACEMENT_3D('',#351,#352,#353);
#351 = CARTESIAN_POINT('',(0.,0.,0.));
#352 = DIRECTION('',(-0.,-0.,-1.));
#353 = DIRECTION('',(1.,0.,0.));
#354 = DEFINITIONAL_REPRESENTATION('',(#355),#359);
#355 = LINE('',#356,#357);
#356 = CARTESIAN_POINT('',(-0.62054904074,0.));
#357 = VECTOR('',#358,1.);
#358 = DIRECTION('',(-1.,0.));
#359 = ( GEOMETRIC_REPRESENTATION_CONTEXT(2) 
PARAMETRIC_REPRESENTATION_CONTEXT() REPRESENTATION_CONTEXT('2D SPACE',''
  ) );
#360 = ORIENTED_EDGE('',*,*,#361,.F.);
#361 = EDGE_CURVE('',#362,#333,#364,.T.);
#362 = VERTEX_POINT('',#363);
#363 = CARTESIAN_POINT('',(-25.87784056397,14.162886984849,0.));
#364 = SURFACE_CURVE('',#365,(#370,#377),.PCURVE_S1.);
#365 = CIRCLE('',#366,1.4);
#366 = AXIS2_PLACEMENT_3D('',#367,#368,#369);
#367 = CARTESIAN_POINT('',(-27.,15.,0.));
#368 = DIRECTION('',(0.,0.,1.));
#369 = DIRECTION('',(1.,0.,0.));
#370 = PCURVE('',#45,#371);
#371 = DEFINITIONAL_REPRESENTATION('',(#372),#376);
#372 = CIRCLE('',#373,1.4);
#373 = AXIS2_PLACEMENT_2D('',#374,#375);
#374 = CARTESIAN_POINT('',(-27.,15.));
#375 = DIRECTION('',(1.,0.));
#376 = ( GEOMETRIC_REPRESENTATION_CONTEXT(2) 
PARAMETRIC_REPRESENTATION_CONTEXT() REPRESENTATION_CONTEXT('2D SPACE',''
  ) );
#377 = PCURVE('',#378,#383);
#378 = CYLINDRICAL_SURFACE('',#379,1.4);
#379 = AXIS2_PLACEMENT_3D('',#380,#381,#382);
#380 = CARTESIAN_POINT('',(-27.,15.,0.));
#381 = DIRECTION('',(-0.,-0.,-1.));
#382 = DIRECTION('',(1.,0.,0.));
#383 = DEFINITIONAL_REPRESENTATION('',(#384),#388);
#384 = LINE('',#385,#386);
#385 = CARTESIAN_POINT('',(-0.,0.));
#386 = VECTOR('',#387,1.);
#387 = DIRECTION('',(-1.,0.));
#388 = ( GEOMETRIC_REPRESENTATION_CONTEXT(2) 
PARAMETRIC_REPRESENTATION_CONTEXT() REPRESENTATION_CONTEXT('2D SPACE',''
  ) );
#389 = ORIENTED_EDGE('',*,*,#390,.T.);
#390 = EDGE_CURVE('',#362,#391,#393,.T.);
#391 = VERTEX_POINT('',#392);
#392 = CARTESIAN_POINT('',(-28.65745976181,-7.,0.));
#393 = SURFACE_CURVE('',#394,(#399,#406),.PCURVE_S1.);
#394 = CIRCLE('',#395,29.5);
#395 = AXIS2_PLACEMENT_3D('',#396,#397,#398);
#396 = CARTESIAN_POINT('',(0.,0.,0.));
#397 = DIRECTION('',(0.,-0.,1.));
#398 = DIRECTION('',(0.813559322034,0.58148192537,0.));
#399 = PCURVE('',#45,#400);
#400 = DEFINITIONAL_REPRESENTATION('',(#401),#405);
#401 = CIRCLE('',#402,29.5);
#402 = AXIS2_PLACEMENT_2D('',#403,#404);
#403 = CARTESIAN_POINT('',(7.416624447671E-16,-1.762413759907E-15));
#404 = DIRECTION('',(0.813559322034,0.58148192537));
#405 = ( GEOMETRIC_REPRESENTATION_CONTEXT(2) 
PARAMETRIC_REPRESENTATION_CONTEXT() REPRESENTATION_CONTEXT('2D SPACE',''
  ) );
#406 = PCURVE('',#407,#412);
#407 = CYLINDRICAL_SURFACE('',#408,29.5);
#408 = AXIS2_PLACEMENT_3D('',#409,#410,#411);
#409 = CARTESIAN_POINT('',(0.,0.,0.));
#410 = DIRECTION('',(-0.,-0.,-1.));
#411 = DIRECTION('',(1.,0.,0.));
#412 = DEFINITIONAL_REPRESENTATION('',(#413),#417);
#413 = LINE('',#414,#415);
#414 = CARTESIAN_POINT('',(-0.62054904074,0.));
#415 = VECTOR('',#416,1.);
#416 = DIRECTION('',(-1.,0.));
#417 = ( GEOMETRIC_REPRESENTATION_CONTEXT(2) 
PARAMETRIC_REPRESENTATION_CONTEXT() REPRESENTATION_CONTEXT('2D SPACE',''
  ) );
#418 = ORIENTED_EDGE('',*,*,#419,.T.);
#419 = EDGE_CURVE('',#391,#420,#422,.T.);
#420 = VERTEX_POINT('',#421);
#421 = CARTESIAN_POINT('',(-38.,-7.,0.));
#422 = SURFACE_CURVE('',#423,(#427,#434),.PCURVE_S1.);
#423 = LINE('',#424,#425);
#424 = CARTESIAN_POINT('',(-24.,-7.,0.));
#425 = VECTOR('',#426,1.);
#426 = DIRECTION('',(-1.,1.224646799147E-16,0.));
#427 = PCURVE('',#45,#428);
#428 = DEFINITIONAL_REPRESENTATION('',(#429),#433);
#429 = LINE('',#430,#431);
#430 = CARTESIAN_POINT('',(-24.,-7.));
#431 = VECTOR('',#432,1.);
#432 = DIRECTION('',(-1.,1.224646799147E-16));
#433 = ( GEOMETRIC_REPRESENTATION_CONTEXT(2) 
PARAMETRIC_REPRESENTATION_CONTEXT() REPRESENTATION_CONTEXT('2D SPACE',''
  ) );
#434 = PCURVE('',#435,#440);
#435 = PLANE('',#436);
#436 = AXIS2_PLACEMENT_3D('',#437,#438,#439);
#437 = CARTESIAN_POINT('',(-24.,-7.,0.));
#438 = DIRECTION('',(-1.224646799147E-16,-1.,0.));
#439 = DIRECTION('',(0.,0.,1.));
#440 = DEFINITIONAL_REPRESENTATION('',(#441),#445);
#441 = LINE('',#442,#443);
#442 = CARTESIAN_POINT('',(0.,0.));
#443 = VECTOR('',#444,1.);
#444 = DIRECTION('',(0.,1.));
#445 = ( GEOMETRIC_REPRESENTATION_CONTEXT(2) 
PARAMETRIC_REPRESENTATION_CONTEXT() REPRESENTATION_CONTEXT('2D SPACE',''
  ) );
#446 = ORIENTED_EDGE('',*,*,#447,.T.);
#447 = EDGE_CURVE('',#420,#448,#450,.T.);
#448 = VERTEX_POINT('',#449);
#449 = CARTESIAN_POINT('',(-38.,-19.,0.));
#450 = SURFACE_CURVE('',#451,(#455,#462),.PCURVE_S1.);
#451 = LINE('',#452,#453);
#452 = CARTESIAN_POINT('',(-38.,-7.,0.));
#453 = VECTOR('',#454,1.);
#454 = DIRECTION('',(-1.224646799147E-16,-1.,0.));
#455 = PCURVE('',#45,#456);
#456 = DEFINITIONAL_REPRESENTATION('',(#457),#461);
#457 = LINE('',#458,#459);
#458 = CARTESIAN_POINT('',(-38.,-7.));
#459 = VECTOR('',#460,1.);
#460 = DIRECTION('',(-1.224646799147E-16,-1.));
#461 = ( GEOMETRIC_REPRESENTATION_CONTEXT(2) 
PARAMETRIC_REPRESENTATION_CONTEXT() REPRESENTATION_CONTEXT('2D SPACE',''
  ) );
#462 = PCURVE('',#463,#468);
#463 = PLANE('',#464);
#464 = AXIS2_PLACEMENT_3D('',#465,#466,#467);
#465 = CARTESIAN_POINT('',(-38.,-7.,0.));
#466 = DIRECTION('',(-1.,1.224646799147E-16,0.));
#467 = DIRECTION('',(0.,0.,1.));
#468 = DEFINITIONAL_REPRESENTATION('',(#469),#473);
#469 = LINE('',#470,#471);
#470 = CARTESIAN_POINT('',(0.,0.));
#471 = VECTOR('',#472,1.);
#472 = DIRECTION('',(0.,-1.));
#473 = ( GEOMETRIC_REPRESENTATION_CONTEXT(2) 
PARAMETRIC_REPRESENTATION_CONTEXT() REPRESENTATION_CONTEXT('2D SPACE',''
  ) );
#474 = ORIENTED_EDGE('',*,*,#475,.F.);
#475 = EDGE_CURVE('',#476,#448,#478,.T.);
#476 = VERTEX_POINT('',#477);
#477 = CARTESIAN_POINT('',(-24.,-19.,0.));
#478 = SURFACE_CURVE('',#479,(#483,#490),.PCURVE_S1.);
#479 = LINE('',#480,#481);
#480 = CARTESIAN_POINT('',(-24.,-19.,0.));
#481 = VECTOR('',#482,1.);
#482 = DIRECTION('',(-1.,1.224646799147E-16,0.));
#483 = PCURVE('',#45,#484);
#484 = DEFINITIONAL_REPRESENTATION('',(#485),#489);
#485 = LINE('',#486,#487);
#486 = CARTESIAN_POINT('',(-24.,-19.));
#487 = VECTOR('',#488,1.);
#488 = DIRECTION('',(-1.,1.224646799147E-16));
#489 = ( GEOMETRIC_REPRESENTATION_CONTEXT(2) 
PARAMETRIC_REPRESENTATION_CONTEXT() REPRESENTATION_CONTEXT('2D SPACE',''
  ) );
#490 = PCURVE('',#491,#496);
#491 = PLANE('',#492);
#492 = AXIS2_PLACEMENT_3D('',#493,#494,#495);
#493 = CARTESIAN_POINT('',(-24.,-19.,0.));
#494 = DIRECTION('',(-1.224646799147E-16,-1.,0.));
#495 = DIRECTION('',(0.,0.,1.));
#496 = DEFINITIONAL_REPRESENTATION('',(#497),#501);
#497 = LINE('',#498,#499);
#498 = CARTESIAN_POINT('',(0.,0.));
#499 = VECTOR('',#500,1.);
#500 = DIRECTION('',(0.,1.));
#501 = ( GEOMETRIC_REPRESENTATION_CONTEXT(2) 
PARAMETRIC_REPRESENTATION_CONTEXT() REPRESENTATION_CONTEXT('2D SPACE',''
  ) );
#502 = ORIENTED_EDGE('',*,*,#503,.F.);
#503 = EDGE_CURVE('',#504,#476,#506,.T.);
#504 = VERTEX_POINT('',#505);
#505 = CARTESIAN_POINT('',(-24.,-17.1537167984,0.));
#506 = SURFACE_CURVE('',#507,(#511,#518),.PCURVE_S1.);
#507 = LINE('',#508,#509);
#508 = CARTESIAN_POINT('',(-24.,-7.,0.));
#509 = VECTOR('',#510,1.);
#510 = DIRECTION('',(-1.224646799147E-16,-1.,0.));
#511 = PCURVE('',#45,#512);
#512 = DEFINITIONAL_REPRESENTATION('',(#513),#517);
#513 = LINE('',#514,#515);
#514 = CARTESIAN_POINT('',(-24.,-7.));
#515 = VECTOR('',#516,1.);
#516 = DIRECTION('',(-1.224646799147E-16,-1.));
#517 = ( GEOMETRIC_REPRESENTATION_CONTEXT(2) 
PARAMETRIC_REPRESENTATION_CONTEXT() REPRESENTATION_CONTEXT('2D SPACE',''
  ) );
#518 = PCURVE('',#519,#524);
#519 = PLANE('',#520);
#520 = AXIS2_PLACEMENT_3D('',#521,#522,#523);
#521 = CARTESIAN_POINT('',(-24.,-7.,0.));
#522 = DIRECTION('',(-1.,1.224646799147E-16,0.));
#523 = DIRECTION('',(0.,0.,1.));
#524 = DEFINITIONAL_REPRESENTATION('',(#525),#529);
#525 = LINE('',#526,#527);
#526 = CARTESIAN_POINT('',(0.,0.));
#527 = VECTOR('',#528,1.);
#528 = DIRECTION('',(0.,-1.));
#529 = ( GEOMETRIC_REPRESENTATION_CONTEXT(2) 
PARAMETRIC_REPRESENTATION_CONTEXT() REPRESENTATION_CONTEXT('2D SPACE',''
  ) );
#530 = ORIENTED_EDGE('',*,*,#531,.T.);
#531 = EDGE_CURVE('',#504,#532,#534,.T.);
#532 = VERTEX_POINT('',#533);
#533 = CARTESIAN_POINT('',(-14.48947150571,-25.69640471904,0.));
#534 = SURFACE_CURVE('',#535,(#540,#547),.PCURVE_S1.);
#535 = CIRCLE('',#536,29.5);
#536 = AXIS2_PLACEMENT_3D('',#537,#538,#539);
#537 = CARTESIAN_POINT('',(0.,0.,0.));
#538 = DIRECTION('',(0.,-0.,1.));
#539 = DIRECTION('',(0.813559322034,0.58148192537,0.));
#540 = PCURVE('',#45,#541);
#541 = DEFINITIONAL_REPRESENTATION('',(#542),#546);
#542 = CIRCLE('',#543,29.5);
#543 = AXIS2_PLACEMENT_2D('',#544,#545);
#544 = CARTESIAN_POINT('',(7.416624447671E-16,-1.762413759907E-15));
#545 = DIRECTION('',(0.813559322034,0.58148192537));
#546 = ( GEOMETRIC_REPRESENTATION_CONTEXT(2) 
PARAMETRIC_REPRESENTATION_CONTEXT() REPRESENTATION_CONTEXT('2D SPACE',''
  ) );
#547 = PCURVE('',#548,#553);
#548 = CYLINDRICAL_SURFACE('',#549,29.5);
#549 = AXIS2_PLACEMENT_3D('',#550,#551,#552);
#550 = CARTESIAN_POINT('',(0.,0.,0.));
#551 = DIRECTION('',(-0.,-0.,-1.));
#552 = DIRECTION('',(1.,0.,0.));
#553 = DEFINITIONAL_REPRESENTATION('',(#554),#558);
#554 = LINE('',#555,#556);
#555 = CARTESIAN_POINT('',(-0.62054904074,0.));
#556 = VECTOR('',#557,1.);
#557 = DIRECTION('',(-1.,0.));
#558 = ( GEOMETRIC_REPRESENTATION_CONTEXT(2) 
PARAMETRIC_REPRESENTATION_CONTEXT() REPRESENTATION_CONTEXT('2D SPACE',''
  ) );
#559 = ORIENTED_EDGE('',*,*,#560,.F.);
#560 = EDGE_CURVE('',#561,#532,#563,.T.);
#561 = VERTEX_POINT('',#562);
#562 = CARTESIAN_POINT('',(-14.16288698484,-25.87784056397,0.));
#563 = SURFACE_CURVE('',#564,(#569,#576),.PCURVE_S1.);
#564 = CIRCLE('',#565,1.4);
#565 = AXIS2_PLACEMENT_3D('',#566,#567,#568);
#566 = CARTESIAN_POINT('',(-15.,-27.,0.));
#567 = DIRECTION('',(0.,0.,1.));
#568 = DIRECTION('',(1.,0.,0.));
#569 = PCURVE('',#45,#570);
#570 = DEFINITIONAL_REPRESENTATION('',(#571),#575);
#571 = CIRCLE('',#572,1.4);
#572 = AXIS2_PLACEMENT_2D('',#573,#574);
#573 = CARTESIAN_POINT('',(-15.,-27.));
#574 = DIRECTION('',(1.,0.));
#575 = ( GEOMETRIC_REPRESENTATION_CONTEXT(2) 
PARAMETRIC_REPRESENTATION_CONTEXT() REPRESENTATION_CONTEXT('2D SPACE',''
  ) );
#576 = PCURVE('',#577,#582);
#577 = CYLINDRICAL_SURFACE('',#578,1.4);
#578 = AXIS2_PLACEMENT_3D('',#579,#580,#581);
#579 = CARTESIAN_POINT('',(-15.,-27.,0.));
#580 = DIRECTION('',(-0.,-0.,-1.));
#581 = DIRECTION('',(1.,0.,0.));
#582 = DEFINITIONAL_REPRESENTATION('',(#583),#587);
#583 = LINE('',#584,#585);
#584 = CARTESIAN_POINT('',(-0.,0.));
#585 = VECTOR('',#586,1.);
#586 = DIRECTION('',(-1.,0.));
#587 = ( GEOMETRIC_REPRESENTATION_CONTEXT(2) 
PARAMETRIC_REPRESENTATION_CONTEXT() REPRESENTATION_CONTEXT('2D SPACE',''
  ) );
#588 = ORIENTED_EDGE('',*,*,#589,.T.);
#589 = EDGE_CURVE('',#561,#590,#592,.T.);
#590 = VERTEX_POINT('',#591);
#591 = CARTESIAN_POINT('',(6.999999999999,-28.65745976181,0.));
#592 = SURFACE_CURVE('',#593,(#598,#605),.PCURVE_S1.);
#593 = CIRCLE('',#594,29.5);
#594 = AXIS2_PLACEMENT_3D('',#595,#596,#597);
#595 = CARTESIAN_POINT('',(0.,0.,0.));
#596 = DIRECTION('',(0.,-0.,1.));
#597 = DIRECTION('',(0.813559322034,0.58148192537,0.));
#598 = PCURVE('',#45,#599);
#599 = DEFINITIONAL_REPRESENTATION('',(#600),#604);
#600 = CIRCLE('',#601,29.5);
#601 = AXIS2_PLACEMENT_2D('',#602,#603);
#602 = CARTESIAN_POINT('',(7.416624447671E-16,-1.762413759907E-15));
#603 = DIRECTION('',(0.813559322034,0.58148192537));
#604 = ( GEOMETRIC_REPRESENTATION_CONTEXT(2) 
PARAMETRIC_REPRESENTATION_CONTEXT() REPRESENTATION_CONTEXT('2D SPACE',''
  ) );
#605 = PCURVE('',#606,#611);
#606 = CYLINDRICAL_SURFACE('',#607,29.5);
#607 = AXIS2_PLACEMENT_3D('',#608,#609,#610);
#608 = CARTESIAN_POINT('',(0.,0.,0.));
#609 = DIRECTION('',(-0.,-0.,-1.));
#610 = DIRECTION('',(1.,0.,0.));
#611 = DEFINITIONAL_REPRESENTATION('',(#612),#616);
#612 = LINE('',#613,#614);
#613 = CARTESIAN_POINT('',(-0.62054904074,0.));
#614 = VECTOR('',#615,1.);
#615 = DIRECTION('',(-1.,0.));
#616 = ( GEOMETRIC_REPRESENTATION_CONTEXT(2) 
PARAMETRIC_REPRESENTATION_CONTEXT() REPRESENTATION_CONTEXT('2D SPACE',''
  ) );
#617 = ORIENTED_EDGE('',*,*,#618,.T.);
#618 = EDGE_CURVE('',#590,#619,#621,.T.);
#619 = VERTEX_POINT('',#620);
#620 = CARTESIAN_POINT('',(7.,-38.,0.));
#621 = SURFACE_CURVE('',#622,(#626,#633),.PCURVE_S1.);
#622 = LINE('',#623,#624);
#623 = CARTESIAN_POINT('',(7.,-24.,0.));
#624 = VECTOR('',#625,1.);
#625 = DIRECTION('',(-2.22044604925E-16,-1.,0.));
#626 = PCURVE('',#45,#627);
#627 = DEFINITIONAL_REPRESENTATION('',(#628),#632);
#628 = LINE('',#629,#630);
#629 = CARTESIAN_POINT('',(7.,-24.));
#630 = VECTOR('',#631,1.);
#631 = DIRECTION('',(-2.22044604925E-16,-1.));
#632 = ( GEOMETRIC_REPRESENTATION_CONTEXT(2) 
PARAMETRIC_REPRESENTATION_CONTEXT() REPRESENTATION_CONTEXT('2D SPACE',''
  ) );
#633 = PCURVE('',#634,#639);
#634 = PLANE('',#635);
#635 = AXIS2_PLACEMENT_3D('',#636,#637,#638);
#636 = CARTESIAN_POINT('',(7.,-24.,0.));
#637 = DIRECTION('',(1.,-2.22044604925E-16,0.));
#638 = DIRECTION('',(0.,0.,1.));
#639 = DEFINITIONAL_REPRESENTATION('',(#640),#644);
#640 = LINE('',#641,#642);
#641 = CARTESIAN_POINT('',(0.,0.));
#642 = VECTOR('',#643,1.);
#643 = DIRECTION('',(0.,1.));
#644 = ( GEOMETRIC_REPRESENTATION_CONTEXT(2) 
PARAMETRIC_REPRESENTATION_CONTEXT() REPRESENTATION_CONTEXT('2D SPACE',''
  ) );
#645 = ORIENTED_EDGE('',*,*,#646,.T.);
#646 = EDGE_CURVE('',#619,#647,#649,.T.);
#647 = VERTEX_POINT('',#648);
#648 = CARTESIAN_POINT('',(19.,-38.,0.));
#649 = SURFACE_CURVE('',#650,(#654,#661),.PCURVE_S1.);
#650 = LINE('',#651,#652);
#651 = CARTESIAN_POINT('',(7.,-38.,0.));
#652 = VECTOR('',#653,1.);
#653 = DIRECTION('',(1.,-2.22044604925E-16,0.));
#654 = PCURVE('',#45,#655);
#655 = DEFINITIONAL_REPRESENTATION('',(#656),#660);
#656 = LINE('',#657,#658);
#657 = CARTESIAN_POINT('',(7.,-38.));
#658 = VECTOR('',#659,1.);
#659 = DIRECTION('',(1.,-2.22044604925E-16));
#660 = ( GEOMETRIC_REPRESENTATION_CONTEXT(2) 
PARAMETRIC_REPRESENTATION_CONTEXT() REPRESENTATION_CONTEXT('2D SPACE',''
  ) );
#661 = PCURVE('',#662,#667);
#662 = PLANE('',#663);
#663 = AXIS2_PLACEMENT_3D('',#664,#665,#666);
#664 = CARTESIAN_POINT('',(7.,-38.,0.));
#665 = DIRECTION('',(-2.22044604925E-16,-1.,0.));
#666 = DIRECTION('',(0.,0.,1.));
#667 = DEFINITIONAL_REPRESENTATION('',(#668),#672);
#668 = LINE('',#669,#670);
#669 = CARTESIAN_POINT('',(0.,0.));
#670 = VECTOR('',#671,1.);
#671 = DIRECTION('',(0.,-1.));
#672 = ( GEOMETRIC_REPRESENTATION_CONTEXT(2) 
PARAMETRIC_REPRESENTATION_CONTEXT() REPRESENTATION_CONTEXT('2D SPACE',''
  ) );
#673 = ORIENTED_EDGE('',*,*,#674,.F.);
#674 = EDGE_CURVE('',#675,#647,#677,.T.);
#675 = VERTEX_POINT('',#676);
#676 = CARTESIAN_POINT('',(19.,-24.,0.));
#677 = SURFACE_CURVE('',#678,(#682,#689),.PCURVE_S1.);
#678 = LINE('',#679,#680);
#679 = CARTESIAN_POINT('',(19.,-24.,0.));
#680 = VECTOR('',#681,1.);
#681 = DIRECTION('',(-2.22044604925E-16,-1.,0.));
#682 = PCURVE('',#45,#683);
#683 = DEFINITIONAL_REPRESENTATION('',(#684),#688);
#684 = LINE('',#685,#686);
#685 = CARTESIAN_POINT('',(19.,-24.));
#686 = VECTOR('',#687,1.);
#687 = DIRECTION('',(-2.22044604925E-16,-1.));
#688 = ( GEOMETRIC_REPRESENTATION_CONTEXT(2) 
PARAMETRIC_REPRESENTATION_CONTEXT() REPRESENTATION_CONTEXT('2D SPACE',''
  ) );
#689 = PCURVE('',#690,#695);
#690 = PLANE('',#691);
#691 = AXIS2_PLACEMENT_3D('',#692,#693,#694);
#692 = CARTESIAN_POINT('',(19.,-24.,0.));
#693 = DIRECTION('',(1.,-2.22044604925E-16,0.));
#694 = DIRECTION('',(0.,0.,1.));
#695 = DEFINITIONAL_REPRESENTATION('',(#696),#700);
#696 = LINE('',#697,#698);
#697 = CARTESIAN_POINT('',(0.,0.));
#698 = VECTOR('',#699,1.);
#699 = DIRECTION('',(0.,1.));
#700 = ( GEOMETRIC_REPRESENTATION_CONTEXT(2) 
PARAMETRIC_REPRESENTATION_CONTEXT() REPRESENTATION_CONTEXT('2D SPACE',''
  ) );
#701 = ORIENTED_EDGE('',*,*,#702,.F.);
#702 = EDGE_CURVE('',#703,#675,#705,.T.);
#703 = VERTEX_POINT('',#704);
#704 = CARTESIAN_POINT('',(17.153716798408,-24.,0.));
#705 = SURFACE_CURVE('',#706,(#710,#717),.PCURVE_S1.);
#706 = LINE('',#707,#708);
#707 = CARTESIAN_POINT('',(7.,-24.,0.));
#708 = VECTOR('',#709,1.);
#709 = DIRECTION('',(1.,-2.22044604925E-16,0.));
#710 = PCURVE('',#45,#711);
#711 = DEFINITIONAL_REPRESENTATION('',(#712),#716);
#712 = LINE('',#713,#714);
#713 = CARTESIAN_POINT('',(7.,-24.));
#714 = VECTOR('',#715,1.);
#715 = DIRECTION('',(1.,-2.22044604925E-16));
#716 = ( GEOMETRIC_REPRESENTATION_CONTEXT(2) 
PARAMETRIC_REPRESENTATION_CONTEXT() REPRESENTATION_CONTEXT('2D SPACE',''
  ) );
#717 = PCURVE('',#718,#723);
#718 = PLANE('',#719);
#719 = AXIS2_PLACEMENT_3D('',#720,#721,#722);
#720 = CARTESIAN_POINT('',(7.,-24.,0.));
#721 = DIRECTION('',(-2.22044604925E-16,-1.,0.));
#722 = DIRECTION('',(0.,0.,1.));
#723 = DEFINITIONAL_REPRESENTATION('',(#724),#728);
#724 = LINE('',#725,#726);
#725 = CARTESIAN_POINT('',(0.,0.));
#726 = VECTOR('',#727,1.);
#727 = DIRECTION('',(0.,-1.));
#728 = ( GEOMETRIC_REPRESENTATION_CONTEXT(2) 
PARAMETRIC_REPRESENTATION_CONTEXT() REPRESENTATION_CONTEXT('2D SPACE',''
  ) );
#729 = ORIENTED_EDGE('',*,*,#730,.T.);
#730 = EDGE_CURVE('',#703,#731,#733,.T.);
#731 = VERTEX_POINT('',#732);
#732 = CARTESIAN_POINT('',(25.696404719046,-14.48947150571,0.));
#733 = SURFACE_CURVE('',#734,(#739,#746),.PCURVE_S1.);
#734 = CIRCLE('',#735,29.5);
#735 = AXIS2_PLACEMENT_3D('',#736,#737,#738);
#736 = CARTESIAN_POINT('',(0.,0.,0.));
#737 = DIRECTION('',(0.,-0.,1.));
#738 = DIRECTION('',(0.813559322034,0.58148192537,0.));
#739 = PCURVE('',#45,#740);
#740 = DEFINITIONAL_REPRESENTATION('',(#741),#745);
#741 = CIRCLE('',#742,29.5);
#742 = AXIS2_PLACEMENT_2D('',#743,#744);
#743 = CARTESIAN_POINT('',(7.416624447671E-16,-1.762413759907E-15));
#744 = DIRECTION('',(0.813559322034,0.58148192537));
#745 = ( GEOMETRIC_REPRESENTATION_CONTEXT(2) 
PARAMETRIC_REPRESENTATION_CONTEXT() REPRESENTATION_CONTEXT('2D SPACE',''
  ) );
#746 = PCURVE('',#747,#752);
#747 = CYLINDRICAL_SURFACE('',#748,29.5);
#748 = AXIS2_PLACEMENT_3D('',#749,#750,#751);
#749 = CARTESIAN_POINT('',(0.,0.,0.));
#750 = DIRECTION('',(-0.,-0.,-1.));
#751 = DIRECTION('',(1.,0.,0.));
#752 = DEFINITIONAL_REPRESENTATION('',(#753),#757);
#753 = LINE('',#754,#755);
#754 = CARTESIAN_POINT('',(-0.62054904074,0.));
#755 = VECTOR('',#756,1.);
#756 = DIRECTION('',(-1.,0.));
#757 = ( GEOMETRIC_REPRESENTATION_CONTEXT(2) 
PARAMETRIC_REPRESENTATION_CONTEXT() REPRESENTATION_CONTEXT('2D SPACE',''
  ) );
#758 = ORIENTED_EDGE('',*,*,#759,.F.);
#759 = EDGE_CURVE('',#760,#731,#762,.T.);
#760 = VERTEX_POINT('',#761);
#761 = CARTESIAN_POINT('',(25.877840563973,-14.16288698484,0.));
#762 = SURFACE_CURVE('',#763,(#768,#775),.PCURVE_S1.);
#763 = CIRCLE('',#764,1.4);
#764 = AXIS2_PLACEMENT_3D('',#765,#766,#767);
#765 = CARTESIAN_POINT('',(27.,-15.,0.));
#766 = DIRECTION('',(0.,0.,1.));
#767 = DIRECTION('',(1.,0.,0.));
#768 = PCURVE('',#45,#769);
#769 = DEFINITIONAL_REPRESENTATION('',(#770),#774);
#770 = CIRCLE('',#771,1.4);
#771 = AXIS2_PLACEMENT_2D('',#772,#773);
#772 = CARTESIAN_POINT('',(27.,-15.));
#773 = DIRECTION('',(1.,0.));
#774 = ( GEOMETRIC_REPRESENTATION_CONTEXT(2) 
PARAMETRIC_REPRESENTATION_CONTEXT() REPRESENTATION_CONTEXT('2D SPACE',''
  ) );
#775 = PCURVE('',#776,#781);
#776 = CYLINDRICAL_SURFACE('',#777,1.4);
#777 = AXIS2_PLACEMENT_3D('',#778,#779,#780);
#778 = CARTESIAN_POINT('',(27.,-15.,0.));
#779 = DIRECTION('',(-0.,-0.,-1.));
#780 = DIRECTION('',(1.,0.,0.));
#781 = DEFINITIONAL_REPRESENTATION('',(#782),#786);
#782 = LINE('',#783,#784);
#783 = CARTESIAN_POINT('',(-0.,0.));
#784 = VECTOR('',#785,1.);
#785 = DIRECTION('',(-1.,0.));
#786 = ( GEOMETRIC_REPRESENTATION_CONTEXT(2) 
PARAMETRIC_REPRESENTATION_CONTEXT() REPRESENTATION_CONTEXT('2D SPACE',''
  ) );
#787 = ORIENTED_EDGE('',*,*,#788,.T.);
#788 = EDGE_CURVE('',#760,#789,#791,.T.);
#789 = VERTEX_POINT('',#790);
#790 = CARTESIAN_POINT('',(28.657459761815,6.999999999999,0.));
#791 = SURFACE_CURVE('',#792,(#797,#804),.PCURVE_S1.);
#792 = CIRCLE('',#793,29.5);
#793 = AXIS2_PLACEMENT_3D('',#794,#795,#796);
#794 = CARTESIAN_POINT('',(0.,0.,0.));
#795 = DIRECTION('',(0.,-0.,1.));
#796 = DIRECTION('',(0.813559322034,0.58148192537,0.));
#797 = PCURVE('',#45,#798);
#798 = DEFINITIONAL_REPRESENTATION('',(#799),#803);
#799 = CIRCLE('',#800,29.5);
#800 = AXIS2_PLACEMENT_2D('',#801,#802);
#801 = CARTESIAN_POINT('',(7.416624447671E-16,-1.762413759907E-15));
#802 = DIRECTION('',(0.813559322034,0.58148192537));
#803 = ( GEOMETRIC_REPRESENTATION_CONTEXT(2) 
PARAMETRIC_REPRESENTATION_CONTEXT() REPRESENTATION_CONTEXT('2D SPACE',''
  ) );
#804 = PCURVE('',#805,#810);
#805 = CYLINDRICAL_SURFACE('',#806,29.5);
#806 = AXIS2_PLACEMENT_3D('',#807,#808,#809);
#807 = CARTESIAN_POINT('',(0.,0.,0.));
#808 = DIRECTION('',(-0.,-0.,-1.));
#809 = DIRECTION('',(1.,0.,0.));
#810 = DEFINITIONAL_REPRESENTATION('',(#811),#815);
#811 = LINE('',#812,#813);
#812 = CARTESIAN_POINT('',(-0.62054904074,0.));
#813 = VECTOR('',#814,1.);
#814 = DIRECTION('',(-1.,0.));
#815 = ( GEOMETRIC_REPRESENTATION_CONTEXT(2) 
PARAMETRIC_REPRESENTATION_CONTEXT() REPRESENTATION_CONTEXT('2D SPACE',''
  ) );
#816 = ORIENTED_EDGE('',*,*,#817,.T.);
#817 = EDGE_CURVE('',#789,#818,#820,.T.);
#818 = VERTEX_POINT('',#819);
#819 = CARTESIAN_POINT('',(38.,7.,0.));
#820 = SURFACE_CURVE('',#821,(#825,#832),.PCURVE_S1.);
#821 = LINE('',#822,#823);
#822 = CARTESIAN_POINT('',(24.,7.,0.));
#823 = VECTOR('',#824,1.);
#824 = DIRECTION('',(1.,0.,0.));
#825 = PCURVE('',#45,#826);
#826 = DEFINITIONAL_REPRESENTATION('',(#827),#831);
#827 = LINE('',#828,#829);
#828 = CARTESIAN_POINT('',(24.,7.));
#829 = VECTOR('',#830,1.);
#830 = DIRECTION('',(1.,0.));
#831 = ( GEOMETRIC_REPRESENTATION_CONTEXT(2) 
PARAMETRIC_REPRESENTATION_CONTEXT() REPRESENTATION_CONTEXT('2D SPACE',''
  ) );
#832 = PCURVE('',#833,#838);
#833 = PLANE('',#834);
#834 = AXIS2_PLACEMENT_3D('',#835,#836,#837);
#835 = CARTESIAN_POINT('',(24.,7.,0.));
#836 = DIRECTION('',(0.,1.,0.));
#837 = DIRECTION('',(0.,0.,1.));
#838 = DEFINITIONAL_REPRESENTATION('',(#839),#843);
#839 = LINE('',#840,#841);
#840 = CARTESIAN_POINT('',(0.,0.));
#841 = VECTOR('',#842,1.);
#842 = DIRECTION('',(0.,1.));
#843 = ( GEOMETRIC_REPRESENTATION_CONTEXT(2) 
PARAMETRIC_REPRESENTATION_CONTEXT() REPRESENTATION_CONTEXT('2D SPACE',''
  ) );
#844 = ORIENTED_EDGE('',*,*,#845,.T.);
#845 = EDGE_CURVE('',#818,#846,#848,.T.);
#846 = VERTEX_POINT('',#847);
#847 = CARTESIAN_POINT('',(38.,19.,0.));
#848 = SURFACE_CURVE('',#849,(#853,#860),.PCURVE_S1.);
#849 = LINE('',#850,#851);
#850 = CARTESIAN_POINT('',(38.,7.,0.));
#851 = VECTOR('',#852,1.);
#852 = DIRECTION('',(0.,1.,0.));
#853 = PCURVE('',#45,#854);
#854 = DEFINITIONAL_REPRESENTATION('',(#855),#859);
#855 = LINE('',#856,#857);
#856 = CARTESIAN_POINT('',(38.,7.));
#857 = VECTOR('',#858,1.);
#858 = DIRECTION('',(0.,1.));
#859 = ( GEOMETRIC_REPRESENTATION_CONTEXT(2) 
PARAMETRIC_REPRESENTATION_CONTEXT() REPRESENTATION_CONTEXT('2D SPACE',''
  ) );
#860 = PCURVE('',#861,#866);
#861 = PLANE('',#862);
#862 = AXIS2_PLACEMENT_3D('',#863,#864,#865);
#863 = CARTESIAN_POINT('',(38.,7.,0.));
#864 = DIRECTION('',(1.,0.,0.));
#865 = DIRECTION('',(0.,0.,1.));
#866 = DEFINITIONAL_REPRESENTATION('',(#867),#871);
#867 = LINE('',#868,#869);
#868 = CARTESIAN_POINT('',(0.,0.));
#869 = VECTOR('',#870,1.);
#870 = DIRECTION('',(0.,-1.));
#871 = ( GEOMETRIC_REPRESENTATION_CONTEXT(2) 
PARAMETRIC_REPRESENTATION_CONTEXT() REPRESENTATION_CONTEXT('2D SPACE',''
  ) );
#872 = ORIENTED_EDGE('',*,*,#873,.F.);
#873 = EDGE_CURVE('',#144,#846,#874,.T.);
#874 = SURFACE_CURVE('',#875,(#879,#886),.PCURVE_S1.);
#875 = LINE('',#876,#877);
#876 = CARTESIAN_POINT('',(24.,19.,0.));
#877 = VECTOR('',#878,1.);
#878 = DIRECTION('',(1.,0.,0.));
#879 = PCURVE('',#45,#880);
#880 = DEFINITIONAL_REPRESENTATION('',(#881),#885);
#881 = LINE('',#882,#883);
#882 = CARTESIAN_POINT('',(24.,19.));
#883 = VECTOR('',#884,1.);
#884 = DIRECTION('',(1.,0.));
#885 = ( GEOMETRIC_REPRESENTATION_CONTEXT(2) 
PARAMETRIC_REPRESENTATION_CONTEXT() REPRESENTATION_CONTEXT('2D SPACE',''
  ) );
#886 = PCURVE('',#887,#892);
#887 = PLANE('',#888);
#888 = AXIS2_PLACEMENT_3D('',#889,#890,#891);
#889 = CARTESIAN_POINT('',(24.,19.,0.));
#890 = DIRECTION('',(0.,1.,0.));
#891 = DIRECTION('',(0.,0.,1.));
#892 = DEFINITIONAL_REPRESENTATION('',(#893),#897);
#893 = LINE('',#894,#895);
#894 = CARTESIAN_POINT('',(0.,0.));
#895 = VECTOR('',#896,1.);
#896 = DIRECTION('',(0.,1.));
#897 = ( GEOMETRIC_REPRESENTATION_CONTEXT(2) 
PARAMETRIC_REPRESENTATION_CONTEXT() REPRESENTATION_CONTEXT('2D SPACE',''
  ) );
#898 = FACE_BOUND('',#899,.F.);
#899 = EDGE_LOOP('',(#900));
#900 = ORIENTED_EDGE('',*,*,#901,.F.);
#901 = EDGE_CURVE('',#902,#902,#904,.T.);
#902 = VERTEX_POINT('',#903);
#903 = CARTESIAN_POINT('',(-28.6,-17.,0.));
#904 = SURFACE_CURVE('',#905,(#910,#917),.PCURVE_S1.);
#905 = CIRCLE('',#906,1.4);
#906 = AXIS2_PLACEMENT_3D('',#907,#908,#909);
#907 = CARTESIAN_POINT('',(-30.,-17.,0.));
#908 = DIRECTION('',(0.,0.,1.));
#909 = DIRECTION('',(1.,0.,0.));
#910 = PCURVE('',#45,#911);
#911 = DEFINITIONAL_REPRESENTATION('',(#912),#916);
#912 = CIRCLE('',#913,1.4);
#913 = AXIS2_PLACEMENT_2D('',#914,#915);
#914 = CARTESIAN_POINT('',(-30.,-17.));
#915 = DIRECTION('',(1.,0.));
#916 = ( GEOMETRIC_REPRESENTATION_CONTEXT(2) 
PARAMETRIC_REPRESENTATION_CONTEXT() REPRESENTATION_CONTEXT('2D SPACE',''
  ) );
#917 = PCURVE('',#918,#923);
#918 = CYLINDRICAL_SURFACE('',#919,1.4);
#919 = AXIS2_PLACEMENT_3D('',#920,#921,#922);
#920 = CARTESIAN_POINT('',(-30.,-17.,0.));
#921 = DIRECTION('',(-0.,-0.,-1.));
#922 = DIRECTION('',(1.,0.,0.));
#923 = DEFINITIONAL_REPRESENTATION('',(#924),#928);
#924 = LINE('',#925,#926);
#925 = CARTESIAN_POINT('',(-0.,0.));
#926 = VECTOR('',#927,1.);
#927 = DIRECTION('',(-1.,0.));
#928 = ( GEOMETRIC_REPRESENTATION_CONTEXT(2) 
PARAMETRIC_REPRESENTATION_CONTEXT() REPRESENTATION_CONTEXT('2D SPACE',''
  ) );
#929 = FACE_BOUND('',#930,.F.);
#930 = EDGE_LOOP('',(#931));
#931 = ORIENTED_EDGE('',*,*,#932,.F.);
#932 = EDGE_CURVE('',#933,#933,#935,.T.);
#933 = VERTEX_POINT('',#934);
#934 = CARTESIAN_POINT('',(-28.6,-9.,0.));
#935 = SURFACE_CURVE('',#936,(#941,#948),.PCURVE_S1.);
#936 = CIRCLE('',#937,1.4);
#937 = AXIS2_PLACEMENT_3D('',#938,#939,#940);
#938 = CARTESIAN_POINT('',(-30.,-9.,0.));
#939 = DIRECTION('',(0.,0.,1.));
#940 = DIRECTION('',(1.,0.,0.));
#941 = PCURVE('',#45,#942);
#942 = DEFINITIONAL_REPRESENTATION('',(#943),#947);
#943 = CIRCLE('',#944,1.4);
#944 = AXIS2_PLACEMENT_2D('',#945,#946);
#945 = CARTESIAN_POINT('',(-30.,-9.));
#946 = DIRECTION('',(1.,0.));
#947 = ( GEOMETRIC_REPRESENTATION_CONTEXT(2) 
PARAMETRIC_REPRESENTATION_CONTEXT() REPRESENTATION_CONTEXT('2D SPACE',''
  ) );
#948 = PCURVE('',#949,#954);
#949 = CYLINDRICAL_SURFACE('',#950,1.4);
#950 = AXIS2_PLACEMENT_3D('',#951,#952,#953);
#951 = CARTESIAN_POINT('',(-30.,-9.,0.));
#952 = DIRECTION('',(-0.,-0.,-1.));
#953 = DIRECTION('',(1.,0.,0.));
#954 = DEFINITIONAL_REPRESENTATION('',(#955),#959);
#955 = LINE('',#956,#957);
#956 = CARTESIAN_POINT('',(-0.,0.));
#957 = VECTOR('',#958,1.);
#958 = DIRECTION('',(-1.,0.));
#959 = ( GEOMETRIC_REPRESENTATION_CONTEXT(2) 
PARAMETRIC_REPRESENTATION_CONTEXT() REPRESENTATION_CONTEXT('2D SPACE',''
  ) );
#960 = FACE_BOUND('',#961,.F.);
#961 = EDGE_LOOP('',(#962));
#962 = ORIENTED_EDGE('',*,*,#963,.F.);
#963 = EDGE_CURVE('',#964,#964,#966,.T.);
#964 = VERTEX_POINT('',#965);
#965 = CARTESIAN_POINT('',(-13.6,-13.,0.));
#966 = SURFACE_CURVE('',#967,(#972,#979),.PCURVE_S1.);
#967 = CIRCLE('',#968,1.4);
#968 = AXIS2_PLACEMENT_3D('',#969,#970,#971);
#969 = CARTESIAN_POINT('',(-15.,-13.,0.));
#970 = DIRECTION('',(0.,0.,1.));
#971 = DIRECTION('',(1.,0.,0.));
#972 = PCURVE('',#45,#973);
#973 = DEFINITIONAL_REPRESENTATION('',(#974),#978);
#974 = CIRCLE('',#975,1.4);
#975 = AXIS2_PLACEMENT_2D('',#976,#977);
#976 = CARTESIAN_POINT('',(-15.,-13.));
#977 = DIRECTION('',(1.,0.));
#978 = ( GEOMETRIC_REPRESENTATION_CONTEXT(2) 
PARAMETRIC_REPRESENTATION_CONTEXT() REPRESENTATION_CONTEXT('2D SPACE',''
  ) );
#979 = PCURVE('',#980,#985);
#980 = CYLINDRICAL_SURFACE('',#981,1.4);
#981 = AXIS2_PLACEMENT_3D('',#982,#983,#984);
#982 = CARTESIAN_POINT('',(-15.,-13.,0.));
#983 = DIRECTION('',(-0.,-0.,-1.));
#984 = DIRECTION('',(1.,0.,0.));
#985 = DEFINITIONAL_REPRESENTATION('',(#986),#990);
#986 = LINE('',#987,#988);
#987 = CARTESIAN_POINT('',(-0.,0.));
#988 = VECTOR('',#989,1.);
#989 = DIRECTION('',(-1.,0.));
#990 = ( GEOMETRIC_REPRESENTATION_CONTEXT(2) 
PARAMETRIC_REPRESENTATION_CONTEXT() REPRESENTATION_CONTEXT('2D SPACE',''
  ) );
#991 = FACE_BOUND('',#992,.F.);
#992 = EDGE_LOOP('',(#993));
#993 = ORIENTED_EDGE('',*,*,#994,.F.);
#994 = EDGE_CURVE('',#995,#995,#997,.T.);
#995 = VERTEX_POINT('',#996);
#996 = CARTESIAN_POINT('',(10.4,-30.,0.));
#997 = SURFACE_CURVE('',#998,(#1003,#1010),.PCURVE_S1.);
#998 = CIRCLE('',#999,1.4);
#999 = AXIS2_PLACEMENT_3D('',#1000,#1001,#1002);
#1000 = CARTESIAN_POINT('',(9.,-30.,0.));
#1001 = DIRECTION('',(0.,0.,1.));
#1002 = DIRECTION('',(1.,0.,0.));
#1003 = PCURVE('',#45,#1004);
#1004 = DEFINITIONAL_REPRESENTATION('',(#1005),#1009);
#1005 = CIRCLE('',#1006,1.4);
#1006 = AXIS2_PLACEMENT_2D('',#1007,#1008);
#1007 = CARTESIAN_POINT('',(9.,-30.));
#1008 = DIRECTION('',(1.,0.));
#1009 = ( GEOMETRIC_REPRESENTATION_CONTEXT(2) 
PARAMETRIC_REPRESENTATION_CONTEXT() REPRESENTATION_CONTEXT('2D SPACE',''
  ) );
#1010 = PCURVE('',#1011,#1016);
#1011 = CYLINDRICAL_SURFACE('',#1012,1.4);
#1012 = AXIS2_PLACEMENT_3D('',#1013,#1014,#1015);
#1013 = CARTESIAN_POINT('',(9.,-30.,0.));
#1014 = DIRECTION('',(-0.,-0.,-1.));
#1015 = DIRECTION('',(1.,0.,0.));
#1016 = DEFINITIONAL_REPRESENTATION('',(#1017),#1021);
#1017 = LINE('',#1018,#1019);
#1018 = CARTESIAN_POINT('',(-0.,0.));
#1019 = VECTOR('',#1020,1.);
#1020 = DIRECTION('',(-1.,0.));
#1021 = ( GEOMETRIC_REPRESENTATION_CONTEXT(2) 
PARAMETRIC_REPRESENTATION_CONTEXT() REPRESENTATION_CONTEXT('2D SPACE',''
  ) );
#1022 = FACE_BOUND('',#1023,.F.);
#1023 = EDGE_LOOP('',(#1024));
#1024 = ORIENTED_EDGE('',*,*,#1025,.F.);
#1025 = EDGE_CURVE('',#1026,#1026,#1028,.T.);
#1026 = VERTEX_POINT('',#1027);
#1027 = CARTESIAN_POINT('',(18.4,-30.,0.));
#1028 = SURFACE_CURVE('',#1029,(#1034,#1041),.PCURVE_S1.);
#1029 = CIRCLE('',#1030,1.4);
#1030 = AXIS2_PLACEMENT_3D('',#1031,#1032,#1033);
#1031 = CARTESIAN_POINT('',(17.,-30.,0.));
#1032 = DIRECTION('',(0.,0.,1.));
#1033 = DIRECTION('',(1.,0.,0.));
#1034 = PCURVE('',#45,#1035);
#1035 = DEFINITIONAL_REPRESENTATION('',(#1036),#1040);
#1036 = CIRCLE('',#1037,1.4);
#1037 = AXIS2_PLACEMENT_2D('',#1038,#1039);
#1038 = CARTESIAN_POINT('',(17.,-30.));
#1039 = DIRECTION('',(1.,0.));
#1040 = ( GEOMETRIC_REPRESENTATION_CONTEXT(2) 
PARAMETRIC_REPRESENTATION_CONTEXT() REPRESENTATION_CONTEXT('2D SPACE',''
  ) );
#1041 = PCURVE('',#1042,#1047);
#1042 = CYLINDRICAL_SURFACE('',#1043,1.4);
#1043 = AXIS2_PLACEMENT_3D('',#1044,#1045,#1046);
#1044 = CARTESIAN_POINT('',(17.,-30.,0.));
#1045 = DIRECTION('',(-0.,-0.,-1.));
#1046 = DIRECTION('',(1.,0.,0.));
#1047 = DEFINITIONAL_REPRESENTATION('',(#1048),#1052);
#1048 = LINE('',#1049,#1050);
#1049 = CARTESIAN_POINT('',(-0.,0.));
#1050 = VECTOR('',#1051,1.);
#1051 = DIRECTION('',(-1.,0.));
#1052 = ( GEOMETRIC_REPRESENTATION_CONTEXT(2) 
PARAMETRIC_REPRESENTATION_CONTEXT() REPRESENTATION_CONTEXT('2D SPACE',''
  ) );
#1053 = FACE_BOUND('',#1054,.F.);
#1054 = EDGE_LOOP('',(#1055));
#1055 = ORIENTED_EDGE('',*,*,#1056,.F.);
#1056 = EDGE_CURVE('',#1057,#1057,#1059,.T.);
#1057 = VERTEX_POINT('',#1058);
#1058 = CARTESIAN_POINT('',(14.4,-15.,0.));
#1059 = SURFACE_CURVE('',#1060,(#1065,#1072),.PCURVE_S1.);
#1060 = CIRCLE('',#1061,1.4);
#1061 = AXIS2_PLACEMENT_3D('',#1062,#1063,#1064);
#1062 = CARTESIAN_POINT('',(13.,-15.,0.));
#1063 = DIRECTION('',(0.,0.,1.));
#1064 = DIRECTION('',(1.,0.,0.));
#1065 = PCURVE('',#45,#1066);
#1066 = DEFINITIONAL_REPRESENTATION('',(#1067),#1071);
#1067 = CIRCLE('',#1068,1.4);
#1068 = AXIS2_PLACEMENT_2D('',#1069,#1070);
#1069 = CARTESIAN_POINT('',(13.,-15.));
#1070 = DIRECTION('',(1.,0.));
#1071 = ( GEOMETRIC_REPRESENTATION_CONTEXT(2) 
PARAMETRIC_REPRESENTATION_CONTEXT() REPRESENTATION_CONTEXT('2D SPACE',''
  ) );
#1072 = PCURVE('',#1073,#1078);
#1073 = CYLINDRICAL_SURFACE('',#1074,1.4);
#1074 = AXIS2_PLACEMENT_3D('',#1075,#1076,#1077);
#1075 = CARTESIAN_POINT('',(13.,-15.,0.));
#1076 = DIRECTION('',(-0.,-0.,-1.));
#1077 = DIRECTION('',(1.,0.,0.));
#1078 = DEFINITIONAL_REPRESENTATION('',(#1079),#1083);
#1079 = LINE('',#1080,#1081);
#1080 = CARTESIAN_POINT('',(-0.,0.));
#1081 = VECTOR('',#1082,1.);
#1082 = DIRECTION('',(-1.,0.));
#1083 = ( GEOMETRIC_REPRESENTATION_CONTEXT(2) 
PARAMETRIC_REPRESENTATION_CONTEXT() REPRESENTATION_CONTEXT('2D SPACE',''
  ) );
#1084 = FACE_BOUND('',#1085,.F.);
#1085 = EDGE_LOOP('',(#1086));
#1086 = ORIENTED_EDGE('',*,*,#1087,.F.);
#1087 = EDGE_CURVE('',#1088,#1088,#1090,.T.);
#1088 = VERTEX_POINT('',#1089);
#1089 = CARTESIAN_POINT('',(-11.6,15.,0.));
#1090 = SURFACE_CURVE('',#1091,(#1096,#1103),.PCURVE_S1.);
#1091 = CIRCLE('',#1092,1.4);
#1092 = AXIS2_PLACEMENT_3D('',#1093,#1094,#1095);
#1093 = CARTESIAN_POINT('',(-13.,15.,0.));
#1094 = DIRECTION('',(0.,0.,1.));
#1095 = DIRECTION('',(1.,0.,0.));
#1096 = PCURVE('',#45,#1097);
#1097 = DEFINITIONAL_REPRESENTATION('',(#1098),#1102);
#1098 = CIRCLE('',#1099,1.4);
#1099 = AXIS2_PLACEMENT_2D('',#1100,#1101);
#1100 = CARTESIAN_POINT('',(-13.,15.));
#1101 = DIRECTION('',(1.,0.));
#1102 = ( GEOMETRIC_REPRESENTATION_CONTEXT(2) 
PARAMETRIC_REPRESENTATION_CONTEXT() REPRESENTATION_CONTEXT('2D SPACE',''
  ) );
#1103 = PCURVE('',#1104,#1109);
#1104 = CYLINDRICAL_SURFACE('',#1105,1.4);
#1105 = AXIS2_PLACEMENT_3D('',#1106,#1107,#1108);
#1106 = CARTESIAN_POINT('',(-13.,15.,0.));
#1107 = DIRECTION('',(-0.,-0.,-1.));
#1108 = DIRECTION('',(1.,0.,0.));
#1109 = DEFINITIONAL_REPRESENTATION('',(#1110),#1114);
#1110 = LINE('',#1111,#1112);
#1111 = CARTESIAN_POINT('',(-0.,0.));
#1112 = VECTOR('',#1113,1.);
#1113 = DIRECTION('',(-1.,0.));
#1114 = ( GEOMETRIC_REPRESENTATION_CONTEXT(2) 
PARAMETRIC_REPRESENTATION_CONTEXT() REPRESENTATION_CONTEXT('2D SPACE',''
  ) );
#1115 = FACE_BOUND('',#1116,.F.);
#1116 = EDGE_LOOP('',(#1117));
#1117 = ORIENTED_EDGE('',*,*,#1118,.F.);
#1118 = EDGE_CURVE('',#1119,#1119,#1121,.T.);
#1119 = VERTEX_POINT('',#1120);
#1120 = CARTESIAN_POINT('',(-15.6,30.,0.));
#1121 = SURFACE_CURVE('',#1122,(#1127,#1134),.PCURVE_S1.);
#1122 = CIRCLE('',#1123,1.4);
#1123 = AXIS2_PLACEMENT_3D('',#1124,#1125,#1126);
#1124 = CARTESIAN_POINT('',(-17.,30.,0.));
#1125 = DIRECTION('',(0.,0.,1.));
#1126 = DIRECTION('',(1.,0.,0.));
#1127 = PCURVE('',#45,#1128);
#1128 = DEFINITIONAL_REPRESENTATION('',(#1129),#1133);
#1129 = CIRCLE('',#1130,1.4);
#1130 = AXIS2_PLACEMENT_2D('',#1131,#1132);
#1131 = CARTESIAN_POINT('',(-17.,30.));
#1132 = DIRECTION('',(1.,0.));
#1133 = ( GEOMETRIC_REPRESENTATION_CONTEXT(2) 
PARAMETRIC_REPRESENTATION_CONTEXT() REPRESENTATION_CONTEXT('2D SPACE',''
  ) );
#1134 = PCURVE('',#1135,#1140);
#1135 = CYLINDRICAL_SURFACE('',#1136,1.4);
#1136 = AXIS2_PLACEMENT_3D('',#1137,#1138,#1139);
#1137 = CARTESIAN_POINT('',(-17.,30.,0.));
#1138 = DIRECTION('',(-0.,-0.,-1.));
#1139 = DIRECTION('',(1.,0.,0.));
#1140 = DEFINITIONAL_REPRESENTATION('',(#1141),#1145);
#1141 = LINE('',#1142,#1143);
#1142 = CARTESIAN_POINT('',(-0.,0.));
#1143 = VECTOR('',#1144,1.);
#1144 = DIRECTION('',(-1.,0.));
#1145 = ( GEOMETRIC_REPRESENTATION_CONTEXT(2) 
PARAMETRIC_REPRESENTATION_CONTEXT() REPRESENTATION_CONTEXT('2D SPACE',''
  ) );
#1146 = FACE_BOUND('',#1147,.F.);
#1147 = EDGE_LOOP('',(#1148));
#1148 = ORIENTED_EDGE('',*,*,#1149,.F.);
#1149 = EDGE_CURVE('',#1150,#1150,#1152,.T.);
#1150 = VERTEX_POINT('',#1151);
#1151 = CARTESIAN_POINT('',(-7.6,30.,0.));
#1152 = SURFACE_CURVE('',#1153,(#1158,#1165),.PCURVE_S1.);
#1153 = CIRCLE('',#1154,1.4);
#1154 = AXIS2_PLACEMENT_3D('',#1155,#1156,#1157);
#1155 = CARTESIAN_POINT('',(-9.,30.,0.));
#1156 = DIRECTION('',(0.,0.,1.));
#1157 = DIRECTION('',(1.,0.,0.));
#1158 = PCURVE('',#45,#1159);
#1159 = DEFINITIONAL_REPRESENTATION('',(#1160),#1164);
#1160 = CIRCLE('',#1161,1.4);
#1161 = AXIS2_PLACEMENT_2D('',#1162,#1163);
#1162 = CARTESIAN_POINT('',(-9.,30.));
#1163 = DIRECTION('',(1.,0.));
#1164 = ( GEOMETRIC_REPRESENTATION_CONTEXT(2) 
PARAMETRIC_REPRESENTATION_CONTEXT() REPRESENTATION_CONTEXT('2D SPACE',''
  ) );
#1165 = PCURVE('',#1166,#1171);
#1166 = CYLINDRICAL_SURFACE('',#1167,1.4);
#1167 = AXIS2_PLACEMENT_3D('',#1168,#1169,#1170);
#1168 = CARTESIAN_POINT('',(-9.,30.,0.));
#1169 = DIRECTION('',(-0.,-0.,-1.));
#1170 = DIRECTION('',(1.,0.,0.));
#1171 = DEFINITIONAL_REPRESENTATION('',(#1172),#1176);
#1172 = LINE('',#1173,#1174);
#1173 = CARTESIAN_POINT('',(-0.,0.));
#1174 = VECTOR('',#1175,1.);
#1175 = DIRECTION('',(-1.,0.));
#1176 = ( GEOMETRIC_REPRESENTATION_CONTEXT(2) 
PARAMETRIC_REPRESENTATION_CONTEXT() REPRESENTATION_CONTEXT('2D SPACE',''
  ) );
#1177 = FACE_BOUND('',#1178,.F.);
#1178 = EDGE_LOOP('',(#1179));
#1179 = ORIENTED_EDGE('',*,*,#1180,.F.);
#1180 = EDGE_CURVE('',#1181,#1181,#1183,.T.);
#1181 = VERTEX_POINT('',#1182);
#1182 = CARTESIAN_POINT('',(2.65,0.,0.));
#1183 = SURFACE_CURVE('',#1184,(#1189,#1196),.PCURVE_S1.);
#1184 = CIRCLE('',#1185,2.65);
#1185 = AXIS2_PLACEMENT_3D('',#1186,#1187,#1188);
#1186 = CARTESIAN_POINT('',(0.,0.,0.));
#1187 = DIRECTION('',(0.,0.,1.));
#1188 = DIRECTION('',(1.,0.,0.));
#1189 = PCURVE('',#45,#1190);
#1190 = DEFINITIONAL_REPRESENTATION('',(#1191),#1195);
#1191 = CIRCLE('',#1192,2.65);
#1192 = AXIS2_PLACEMENT_2D('',#1193,#1194);
#1193 = CARTESIAN_POINT('',(7.416624447671E-16,-1.762413759907E-15));
#1194 = DIRECTION('',(1.,0.));
#1195 = ( GEOMETRIC_REPRESENTATION_CONTEXT(2) 
PARAMETRIC_REPRESENTATION_CONTEXT() REPRESENTATION_CONTEXT('2D SPACE',''
  ) );
#1196 = PCURVE('',#1197,#1202);
#1197 = CYLINDRICAL_SURFACE('',#1198,2.65);
#1198 = AXIS2_PLACEMENT_3D('',#1199,#1200,#1201);
#1199 = CARTESIAN_POINT('',(0.,0.,0.));
#1200 = DIRECTION('',(-0.,-0.,-1.));
#1201 = DIRECTION('',(1.,0.,0.));
#1202 = DEFINITIONAL_REPRESENTATION('',(#1203),#1207);
#1203 = LINE('',#1204,#1205);
#1204 = CARTESIAN_POINT('',(-0.,0.));
#1205 = VECTOR('',#1206,1.);
#1206 = DIRECTION('',(-1.,0.));
#1207 = ( GEOMETRIC_REPRESENTATION_CONTEXT(2) 
PARAMETRIC_REPRESENTATION_CONTEXT() REPRESENTATION_CONTEXT('2D SPACE',''
  ) );
#1208 = FACE_BOUND('',#1209,.F.);
#1209 = EDGE_LOOP('',(#1210));
#1210 = ORIENTED_EDGE('',*,*,#1211,.F.);
#1211 = EDGE_CURVE('',#1212,#1212,#1214,.T.);
#1212 = VERTEX_POINT('',#1213);
#1213 = CARTESIAN_POINT('',(16.4,13.,0.));
#1214 = SURFACE_CURVE('',#1215,(#1220,#1227),.PCURVE_S1.);
#1215 = CIRCLE('',#1216,1.4);
#1216 = AXIS2_PLACEMENT_3D('',#1217,#1218,#1219);
#1217 = CARTESIAN_POINT('',(15.,13.,0.));
#1218 = DIRECTION('',(0.,0.,1.));
#1219 = DIRECTION('',(1.,0.,0.));
#1220 = PCURVE('',#45,#1221);
#1221 = DEFINITIONAL_REPRESENTATION('',(#1222),#1226);
#1222 = CIRCLE('',#1223,1.4);
#1223 = AXIS2_PLACEMENT_2D('',#1224,#1225);
#1224 = CARTESIAN_POINT('',(15.,13.));
#1225 = DIRECTION('',(1.,0.));
#1226 = ( GEOMETRIC_REPRESENTATION_CONTEXT(2) 
PARAMETRIC_REPRESENTATION_CONTEXT() REPRESENTATION_CONTEXT('2D SPACE',''
  ) );
#1227 = PCURVE('',#1228,#1233);
#1228 = CYLINDRICAL_SURFACE('',#1229,1.4);
#1229 = AXIS2_PLACEMENT_3D('',#1230,#1231,#1232);
#1230 = CARTESIAN_POINT('',(15.,13.,0.));
#1231 = DIRECTION('',(-0.,-0.,-1.));
#1232 = DIRECTION('',(1.,0.,0.));
#1233 = DEFINITIONAL_REPRESENTATION('',(#1234),#1238);
#1234 = LINE('',#1235,#1236);
#1235 = CARTESIAN_POINT('',(-0.,0.));
#1236 = VECTOR('',#1237,1.);
#1237 = DIRECTION('',(-1.,0.));
#1238 = ( GEOMETRIC_REPRESENTATION_CONTEXT(2) 
PARAMETRIC_REPRESENTATION_CONTEXT() REPRESENTATION_CONTEXT('2D SPACE',''
  ) );
#1239 = FACE_BOUND('',#1240,.F.);
#1240 = EDGE_LOOP('',(#1241));
#1241 = ORIENTED_EDGE('',*,*,#1242,.F.);
#1242 = EDGE_CURVE('',#1243,#1243,#1245,.T.);
#1243 = VERTEX_POINT('',#1244);
#1244 = CARTESIAN_POINT('',(31.4,9.,0.));
#1245 = SURFACE_CURVE('',#1246,(#1251,#1258),.PCURVE_S1.);
#1246 = CIRCLE('',#1247,1.4);
#1247 = AXIS2_PLACEMENT_3D('',#1248,#1249,#1250);
#1248 = CARTESIAN_POINT('',(30.,9.,0.));
#1249 = DIRECTION('',(0.,0.,1.));
#1250 = DIRECTION('',(1.,0.,0.));
#1251 = PCURVE('',#45,#1252);
#1252 = DEFINITIONAL_REPRESENTATION('',(#1253),#1257);
#1253 = CIRCLE('',#1254,1.4);
#1254 = AXIS2_PLACEMENT_2D('',#1255,#1256);
#1255 = CARTESIAN_POINT('',(30.,9.));
#1256 = DIRECTION('',(1.,0.));
#1257 = ( GEOMETRIC_REPRESENTATION_CONTEXT(2) 
PARAMETRIC_REPRESENTATION_CONTEXT() REPRESENTATION_CONTEXT('2D SPACE',''
  ) );
#1258 = PCURVE('',#1259,#1264);
#1259 = CYLINDRICAL_SURFACE('',#1260,1.4);
#1260 = AXIS2_PLACEMENT_3D('',#1261,#1262,#1263);
#1261 = CARTESIAN_POINT('',(30.,9.,0.));
#1262 = DIRECTION('',(-0.,-0.,-1.));
#1263 = DIRECTION('',(1.,0.,0.));
#1264 = DEFINITIONAL_REPRESENTATION('',(#1265),#1269);
#1265 = LINE('',#1266,#1267);
#1266 = CARTESIAN_POINT('',(-0.,0.));
#1267 = VECTOR('',#1268,1.);
#1268 = DIRECTION('',(-1.,0.));
#1269 = ( GEOMETRIC_REPRESENTATION_CONTEXT(2) 
PARAMETRIC_REPRESENTATION_CONTEXT() REPRESENTATION_CONTEXT('2D SPACE',''
  ) );
#1270 = FACE_BOUND('',#1271,.F.);
#1271 = EDGE_LOOP('',(#1272));
#1272 = ORIENTED_EDGE('',*,*,#1273,.F.);
#1273 = EDGE_CURVE('',#1274,#1274,#1276,.T.);
#1274 = VERTEX_POINT('',#1275);
#1275 = CARTESIAN_POINT('',(31.4,17.,0.));
#1276 = SURFACE_CURVE('',#1277,(#1282,#1289),.PCURVE_S1.);
#1277 = CIRCLE('',#1278,1.4);
#1278 = AXIS2_PLACEMENT_3D('',#1279,#1280,#1281);
#1279 = CARTESIAN_POINT('',(30.,17.,0.));
#1280 = DIRECTION('',(0.,0.,1.));
#1281 = DIRECTION('',(1.,0.,0.));
#1282 = PCURVE('',#45,#1283);
#1283 = DEFINITIONAL_REPRESENTATION('',(#1284),#1288);
#1284 = CIRCLE('',#1285,1.4);
#1285 = AXIS2_PLACEMENT_2D('',#1286,#1287);
#1286 = CARTESIAN_POINT('',(30.,17.));
#1287 = DIRECTION('',(1.,0.));
#1288 = ( GEOMETRIC_REPRESENTATION_CONTEXT(2) 
PARAMETRIC_REPRESENTATION_CONTEXT() REPRESENTATION_CONTEXT('2D SPACE',''
  ) );
#1289 = PCURVE('',#1290,#1295);
#1290 = CYLINDRICAL_SURFACE('',#1291,1.4);
#1291 = AXIS2_PLACEMENT_3D('',#1292,#1293,#1294);
#1292 = CARTESIAN_POINT('',(30.,17.,0.));
#1293 = DIRECTION('',(-0.,-0.,-1.));
#1294 = DIRECTION('',(1.,0.,0.));
#1295 = DEFINITIONAL_REPRESENTATION('',(#1296),#1300);
#1296 = LINE('',#1297,#1298);
#1297 = CARTESIAN_POINT('',(-0.,0.));
#1298 = VECTOR('',#1299,1.);
#1299 = DIRECTION('',(-1.,0.));
#1300 = ( GEOMETRIC_REPRESENTATION_CONTEXT(2) 
PARAMETRIC_REPRESENTATION_CONTEXT() REPRESENTATION_CONTEXT('2D SPACE',''
  ) );
#1301 = ADVANCED_FACE('',(#1302),#129,.F.);
#1302 = FACE_BOUND('',#1303,.T.);
#1303 = EDGE_LOOP('',(#1304,#1305,#1326,#1352));
#1304 = ORIENTED_EDGE('',*,*,#167,.F.);
#1305 = ORIENTED_EDGE('',*,*,#1306,.F.);
#1306 = EDGE_CURVE('',#1307,#168,#1309,.T.);
#1307 = VERTEX_POINT('',#1308);
#1308 = CARTESIAN_POINT('',(14.162886984849,25.877840563973,5.));
#1309 = SURFACE_CURVE('',#1310,(#1314,#1320),.PCURVE_S1.);
#1310 = LINE('',#1311,#1312);
#1311 = CARTESIAN_POINT('',(14.162886984849,25.877840563973,0.));
#1312 = VECTOR('',#1313,1.);
#1313 = DIRECTION('',(-0.,-0.,-1.));
#1314 = PCURVE('',#129,#1315);
#1315 = DEFINITIONAL_REPRESENTATION('',(#1316),#1319);
#1316 = B_SPLINE_CURVE_WITH_KNOTS('',1,(#1317,#1318),.UNSPECIFIED.,.F.,
  .F.,(2,2),(-5.0000006,6.E-07),.PIECEWISE_BEZIER_KNOTS.);
#1317 = CARTESIAN_POINT('',(-4.071463052649,-5.0000006));
#1318 = CARTESIAN_POINT('',(-4.071463052649,6.E-07));
#1319 = ( GEOMETRIC_REPRESENTATION_CONTEXT(2) 
PARAMETRIC_REPRESENTATION_CONTEXT() REPRESENTATION_CONTEXT('2D SPACE',''
  ) );
#1320 = PCURVE('',#208,#1321);
#1321 = DEFINITIONAL_REPRESENTATION('',(#1322),#1325);
#1322 = B_SPLINE_CURVE_WITH_KNOTS('',1,(#1323,#1324),.UNSPECIFIED.,.F.,
  .F.,(2,2),(-5.0000006,6.E-07),.PIECEWISE_BEZIER_KNOTS.);
#1323 = CARTESIAN_POINT('',(-1.070030055749,-5.0000006));
#1324 = CARTESIAN_POINT('',(-1.070030055749,6.E-07));
#1325 = ( GEOMETRIC_REPRESENTATION_CONTEXT(2) 
PARAMETRIC_REPRESENTATION_CONTEXT() REPRESENTATION_CONTEXT('2D SPACE',''
  ) );
#1326 = ORIENTED_EDGE('',*,*,#1327,.F.);
#1327 = EDGE_CURVE('',#84,#1307,#1328,.T.);
#1328 = SURFACE_CURVE('',#1329,(#1334,#1341),.PCURVE_S1.);
#1329 = CIRCLE('',#1330,1.4);
#1330 = AXIS2_PLACEMENT_3D('',#1331,#1332,#1333);
#1331 = CARTESIAN_POINT('',(15.,27.,5.));
#1332 = DIRECTION('',(0.,0.,-1.));
#1333 = DIRECTION('',(1.,0.,0.));
#1334 = PCURVE('',#129,#1335);
#1335 = DEFINITIONAL_REPRESENTATION('',(#1336),#1340);
#1336 = LINE('',#1337,#1338);
#1337 = CARTESIAN_POINT('',(-6.28318530718,-5.));
#1338 = VECTOR('',#1339,1.);
#1339 = DIRECTION('',(1.,-0.));
#1340 = ( GEOMETRIC_REPRESENTATION_CONTEXT(2) 
PARAMETRIC_REPRESENTATION_CONTEXT() REPRESENTATION_CONTEXT('2D SPACE',''
  ) );
#1341 = PCURVE('',#100,#1342);
#1342 = DEFINITIONAL_REPRESENTATION('',(#1343),#1351);
#1343 = ( BOUNDED_CURVE() B_SPLINE_CURVE(2,(#1344,#1345,#1346,#1347,
#1348,#1349,#1350),.UNSPECIFIED.,.T.,.F.) B_SPLINE_CURVE_WITH_KNOTS((1,2
    ,2,2,2,1),(-2.094395102393,0.,2.094395102393,4.188790204786,
6.28318530718,8.377580409573),.UNSPECIFIED.) CURVE() 
GEOMETRIC_REPRESENTATION_ITEM() RATIONAL_B_SPLINE_CURVE((1.,0.5,1.,0.5,
1.,0.5,1.)) REPRESENTATION_ITEM('') );
#1344 = CARTESIAN_POINT('',(16.4,27.));
#1345 = CARTESIAN_POINT('',(16.4,24.575128869404));
#1346 = CARTESIAN_POINT('',(14.3,25.787564434702));
#1347 = CARTESIAN_POINT('',(12.2,27.));
#1348 = CARTESIAN_POINT('',(14.3,28.212435565298));
#1349 = CARTESIAN_POINT('',(16.4,29.424871130596));
#1350 = CARTESIAN_POINT('',(16.4,27.));
#1351 = ( GEOMETRIC_REPRESENTATION_CONTEXT(2) 
PARAMETRIC_REPRESENTATION_CONTEXT() REPRESENTATION_CONTEXT('2D SPACE',''
  ) );
#1352 = ORIENTED_EDGE('',*,*,#116,.T.);
#1353 = ADVANCED_FACE('',(#1354,#2004,#2034,#2064,#2094,#2124,#2154,
    #2184,#2214,#2244,#2274,#2305,#2335,#2365),#100,.T.);
#1354 = FACE_BOUND('',#1355,.T.);
#1355 = EDGE_LOOP('',(#1356,#1386,#1409,#1432,#1455,#1476,#1477,#1478,
    #1506,#1529,#1552,#1575,#1598,#1626,#1654,#1682,#1705,#1728,#1751,
    #1774,#1802,#1830,#1858,#1881,#1904,#1927,#1950,#1978));
#1356 = ORIENTED_EDGE('',*,*,#1357,.F.);
#1357 = EDGE_CURVE('',#1358,#1360,#1362,.T.);
#1358 = VERTEX_POINT('',#1359);
#1359 = CARTESIAN_POINT('',(28.657459761815,6.999999999999,5.));
#1360 = VERTEX_POINT('',#1361);
#1361 = CARTESIAN_POINT('',(25.877840563973,-14.16288698484,5.));
#1362 = SURFACE_CURVE('',#1363,(#1368,#1379),.PCURVE_S1.);
#1363 = CIRCLE('',#1364,29.5);
#1364 = AXIS2_PLACEMENT_3D('',#1365,#1366,#1367);
#1365 = CARTESIAN_POINT('',(0.,0.,5.));
#1366 = DIRECTION('',(0.,0.,-1.));
#1367 = DIRECTION('',(0.97143931396,0.237288135593,0.));
#1368 = PCURVE('',#100,#1369);
#1369 = DEFINITIONAL_REPRESENTATION('',(#1370),#1378);
#1370 = ( BOUNDED_CURVE() B_SPLINE_CURVE(2,(#1371,#1372,#1373,#1374,
#1375,#1376,#1377),.UNSPECIFIED.,.T.,.F.) B_SPLINE_CURVE_WITH_KNOTS((1,2
    ,2,2,2,1),(-2.094395102393,0.,2.094395102393,4.188790204786,
6.28318530718,8.377580409573),.UNSPECIFIED.) CURVE() 
GEOMETRIC_REPRESENTATION_ITEM() RATIONAL_B_SPLINE_CURVE((1.,0.5,1.,0.5,
1.,0.5,1.)) REPRESENTATION_ITEM('') );
#1371 = CARTESIAN_POINT('',(28.657459761814,6.999999999999));
#1372 = CARTESIAN_POINT('',(40.781815414795,-42.63617632332));
#1373 = CARTESIAN_POINT('',(-8.266552054417,-28.31808816166));
#1374 = CARTESIAN_POINT('',(-57.31491952362,-13.99999999999));
#1375 = CARTESIAN_POINT('',(-20.39090770739,21.318088161662));
#1376 = CARTESIAN_POINT('',(16.533104108834,56.636176323322));
#1377 = CARTESIAN_POINT('',(28.657459761814,6.999999999999));
#1378 = ( GEOMETRIC_REPRESENTATION_CONTEXT(2) 
PARAMETRIC_REPRESENTATION_CONTEXT() REPRESENTATION_CONTEXT('2D SPACE',''
  ) );
#1379 = PCURVE('',#805,#1380);
#1380 = DEFINITIONAL_REPRESENTATION('',(#1381),#1385);
#1381 = LINE('',#1382,#1383);
#1382 = CARTESIAN_POINT('',(-6.522758607907,-5.));
#1383 = VECTOR('',#1384,1.);
#1384 = DIRECTION('',(1.,-0.));
#1385 = ( GEOMETRIC_REPRESENTATION_CONTEXT(2) 
PARAMETRIC_REPRESENTATION_CONTEXT() REPRESENTATION_CONTEXT('2D SPACE',''
  ) );
#1386 = ORIENTED_EDGE('',*,*,#1387,.T.);
#1387 = EDGE_CURVE('',#1358,#1388,#1390,.T.);
#1388 = VERTEX_POINT('',#1389);
#1389 = CARTESIAN_POINT('',(38.,7.,5.));
#1390 = SURFACE_CURVE('',#1391,(#1395,#1402),.PCURVE_S1.);
#1391 = LINE('',#1392,#1393);
#1392 = CARTESIAN_POINT('',(24.,7.,5.));
#1393 = VECTOR('',#1394,1.);
#1394 = DIRECTION('',(1.,0.,0.));
#1395 = PCURVE('',#100,#1396);
#1396 = DEFINITIONAL_REPRESENTATION('',(#1397),#1401);
#1397 = LINE('',#1398,#1399);
#1398 = CARTESIAN_POINT('',(24.,7.));
#1399 = VECTOR('',#1400,1.);
#1400 = DIRECTION('',(1.,0.));
#1401 = ( GEOMETRIC_REPRESENTATION_CONTEXT(2) 
PARAMETRIC_REPRESENTATION_CONTEXT() REPRESENTATION_CONTEXT('2D SPACE',''
  ) );
#1402 = PCURVE('',#833,#1403);
#1403 = DEFINITIONAL_REPRESENTATION('',(#1404),#1408);
#1404 = LINE('',#1405,#1406);
#1405 = CARTESIAN_POINT('',(5.,0.));
#1406 = VECTOR('',#1407,1.);
#1407 = DIRECTION('',(0.,1.));
#1408 = ( GEOMETRIC_REPRESENTATION_CONTEXT(2) 
PARAMETRIC_REPRESENTATION_CONTEXT() REPRESENTATION_CONTEXT('2D SPACE',''
  ) );
#1409 = ORIENTED_EDGE('',*,*,#1410,.T.);
#1410 = EDGE_CURVE('',#1388,#1411,#1413,.T.);
#1411 = VERTEX_POINT('',#1412);
#1412 = CARTESIAN_POINT('',(38.,19.,5.));
#1413 = SURFACE_CURVE('',#1414,(#1418,#1425),.PCURVE_S1.);
#1414 = LINE('',#1415,#1416);
#1415 = CARTESIAN_POINT('',(38.,7.,5.));
#1416 = VECTOR('',#1417,1.);
#1417 = DIRECTION('',(0.,1.,0.));
#1418 = PCURVE('',#100,#1419);
#1419 = DEFINITIONAL_REPRESENTATION('',(#1420),#1424);
#1420 = LINE('',#1421,#1422);
#1421 = CARTESIAN_POINT('',(38.,7.));
#1422 = VECTOR('',#1423,1.);
#1423 = DIRECTION('',(0.,1.));
#1424 = ( GEOMETRIC_REPRESENTATION_CONTEXT(2) 
PARAMETRIC_REPRESENTATION_CONTEXT() REPRESENTATION_CONTEXT('2D SPACE',''
  ) );
#1425 = PCURVE('',#861,#1426);
#1426 = DEFINITIONAL_REPRESENTATION('',(#1427),#1431);
#1427 = LINE('',#1428,#1429);
#1428 = CARTESIAN_POINT('',(5.,0.));
#1429 = VECTOR('',#1430,1.);
#1430 = DIRECTION('',(0.,-1.));
#1431 = ( GEOMETRIC_REPRESENTATION_CONTEXT(2) 
PARAMETRIC_REPRESENTATION_CONTEXT() REPRESENTATION_CONTEXT('2D SPACE',''
  ) );
#1432 = ORIENTED_EDGE('',*,*,#1433,.F.);
#1433 = EDGE_CURVE('',#1434,#1411,#1436,.T.);
#1434 = VERTEX_POINT('',#1435);
#1435 = CARTESIAN_POINT('',(24.,19.,5.));
#1436 = SURFACE_CURVE('',#1437,(#1441,#1448),.PCURVE_S1.);
#1437 = LINE('',#1438,#1439);
#1438 = CARTESIAN_POINT('',(24.,19.,5.));
#1439 = VECTOR('',#1440,1.);
#1440 = DIRECTION('',(1.,0.,0.));
#1441 = PCURVE('',#100,#1442);
#1442 = DEFINITIONAL_REPRESENTATION('',(#1443),#1447);
#1443 = LINE('',#1444,#1445);
#1444 = CARTESIAN_POINT('',(24.,19.));
#1445 = VECTOR('',#1446,1.);
#1446 = DIRECTION('',(1.,0.));
#1447 = ( GEOMETRIC_REPRESENTATION_CONTEXT(2) 
PARAMETRIC_REPRESENTATION_CONTEXT() REPRESENTATION_CONTEXT('2D SPACE',''
  ) );
#1448 = PCURVE('',#887,#1449);
#1449 = DEFINITIONAL_REPRESENTATION('',(#1450),#1454);
#1450 = LINE('',#1451,#1452);
#1451 = CARTESIAN_POINT('',(5.,0.));
#1452 = VECTOR('',#1453,1.);
#1453 = DIRECTION('',(0.,1.));
#1454 = ( GEOMETRIC_REPRESENTATION_CONTEXT(2) 
PARAMETRIC_REPRESENTATION_CONTEXT() REPRESENTATION_CONTEXT('2D SPACE',''
  ) );
#1455 = ORIENTED_EDGE('',*,*,#1456,.F.);
#1456 = EDGE_CURVE('',#58,#1434,#1457,.T.);
#1457 = SURFACE_CURVE('',#1458,(#1462,#1469),.PCURVE_S1.);
#1458 = LINE('',#1459,#1460);
#1459 = CARTESIAN_POINT('',(24.,7.,5.));
#1460 = VECTOR('',#1461,1.);
#1461 = DIRECTION('',(0.,1.,0.));
#1462 = PCURVE('',#100,#1463);
#1463 = DEFINITIONAL_REPRESENTATION('',(#1464),#1468);
#1464 = LINE('',#1465,#1466);
#1465 = CARTESIAN_POINT('',(24.,7.));
#1466 = VECTOR('',#1467,1.);
#1467 = DIRECTION('',(0.,1.));
#1468 = ( GEOMETRIC_REPRESENTATION_CONTEXT(2) 
PARAMETRIC_REPRESENTATION_CONTEXT() REPRESENTATION_CONTEXT('2D SPACE',''
  ) );
#1469 = PCURVE('',#72,#1470);
#1470 = DEFINITIONAL_REPRESENTATION('',(#1471),#1475);
#1471 = LINE('',#1472,#1473);
#1472 = CARTESIAN_POINT('',(5.,0.));
#1473 = VECTOR('',#1474,1.);
#1474 = DIRECTION('',(0.,-1.));
#1475 = ( GEOMETRIC_REPRESENTATION_CONTEXT(2) 
PARAMETRIC_REPRESENTATION_CONTEXT() REPRESENTATION_CONTEXT('2D SPACE',''
  ) );
#1476 = ORIENTED_EDGE('',*,*,#83,.F.);
#1477 = ORIENTED_EDGE('',*,*,#1327,.T.);
#1478 = ORIENTED_EDGE('',*,*,#1479,.F.);
#1479 = EDGE_CURVE('',#1480,#1307,#1482,.T.);
#1480 = VERTEX_POINT('',#1481);
#1481 = CARTESIAN_POINT('',(-7.,28.657459761814,5.));
#1482 = SURFACE_CURVE('',#1483,(#1488,#1499),.PCURVE_S1.);
#1483 = CIRCLE('',#1484,29.5);
#1484 = AXIS2_PLACEMENT_3D('',#1485,#1486,#1487);
#1485 = CARTESIAN_POINT('',(0.,0.,5.));
#1486 = DIRECTION('',(0.,0.,-1.));
#1487 = DIRECTION('',(0.97143931396,0.237288135593,0.));
#1488 = PCURVE('',#100,#1489);
#1489 = DEFINITIONAL_REPRESENTATION('',(#1490),#1498);
#1490 = ( BOUNDED_CURVE() B_SPLINE_CURVE(2,(#1491,#1492,#1493,#1494,
#1495,#1496,#1497),.UNSPECIFIED.,.T.,.F.) B_SPLINE_CURVE_WITH_KNOTS((1,2
    ,2,2,2,1),(-2.094395102393,0.,2.094395102393,4.188790204786,
6.28318530718,8.377580409573),.UNSPECIFIED.) CURVE() 
GEOMETRIC_REPRESENTATION_ITEM() RATIONAL_B_SPLINE_CURVE((1.,0.5,1.,0.5,
1.,0.5,1.)) REPRESENTATION_ITEM('') );
#1491 = CARTESIAN_POINT('',(28.657459761814,6.999999999999));
#1492 = CARTESIAN_POINT('',(40.781815414795,-42.63617632332));
#1493 = CARTESIAN_POINT('',(-8.266552054417,-28.31808816166));
#1494 = CARTESIAN_POINT('',(-57.31491952362,-13.99999999999));
#1495 = CARTESIAN_POINT('',(-20.39090770739,21.318088161662));
#1496 = CARTESIAN_POINT('',(16.533104108834,56.636176323322));
#1497 = CARTESIAN_POINT('',(28.657459761814,6.999999999999));
#1498 = ( GEOMETRIC_REPRESENTATION_CONTEXT(2) 
PARAMETRIC_REPRESENTATION_CONTEXT() REPRESENTATION_CONTEXT('2D SPACE',''
  ) );
#1499 = PCURVE('',#208,#1500);
#1500 = DEFINITIONAL_REPRESENTATION('',(#1501),#1505);
#1501 = LINE('',#1502,#1503);
#1502 = CARTESIAN_POINT('',(-6.522758607907,-5.));
#1503 = VECTOR('',#1504,1.);
#1504 = DIRECTION('',(1.,-0.));
#1505 = ( GEOMETRIC_REPRESENTATION_CONTEXT(2) 
PARAMETRIC_REPRESENTATION_CONTEXT() REPRESENTATION_CONTEXT('2D SPACE',''
  ) );
#1506 = ORIENTED_EDGE('',*,*,#1507,.T.);
#1507 = EDGE_CURVE('',#1480,#1508,#1510,.T.);
#1508 = VERTEX_POINT('',#1509);
#1509 = CARTESIAN_POINT('',(-7.,38.,5.));
#1510 = SURFACE_CURVE('',#1511,(#1515,#1522),.PCURVE_S1.);
#1511 = LINE('',#1512,#1513);
#1512 = CARTESIAN_POINT('',(-7.,24.,5.));
#1513 = VECTOR('',#1514,1.);
#1514 = DIRECTION('',(1.110223024625E-16,1.,0.));
#1515 = PCURVE('',#100,#1516);
#1516 = DEFINITIONAL_REPRESENTATION('',(#1517),#1521);
#1517 = LINE('',#1518,#1519);
#1518 = CARTESIAN_POINT('',(-7.,24.));
#1519 = VECTOR('',#1520,1.);
#1520 = DIRECTION('',(1.110223024625E-16,1.));
#1521 = ( GEOMETRIC_REPRESENTATION_CONTEXT(2) 
PARAMETRIC_REPRESENTATION_CONTEXT() REPRESENTATION_CONTEXT('2D SPACE',''
  ) );
#1522 = PCURVE('',#236,#1523);
#1523 = DEFINITIONAL_REPRESENTATION('',(#1524),#1528);
#1524 = LINE('',#1525,#1526);
#1525 = CARTESIAN_POINT('',(5.,0.));
#1526 = VECTOR('',#1527,1.);
#1527 = DIRECTION('',(0.,1.));
#1528 = ( GEOMETRIC_REPRESENTATION_CONTEXT(2) 
PARAMETRIC_REPRESENTATION_CONTEXT() REPRESENTATION_CONTEXT('2D SPACE',''
  ) );
#1529 = ORIENTED_EDGE('',*,*,#1530,.T.);
#1530 = EDGE_CURVE('',#1508,#1531,#1533,.T.);
#1531 = VERTEX_POINT('',#1532);
#1532 = CARTESIAN_POINT('',(-19.,38.,5.));
#1533 = SURFACE_CURVE('',#1534,(#1538,#1545),.PCURVE_S1.);
#1534 = LINE('',#1535,#1536);
#1535 = CARTESIAN_POINT('',(-7.,38.,5.));
#1536 = VECTOR('',#1537,1.);
#1537 = DIRECTION('',(-1.,1.110223024625E-16,0.));
#1538 = PCURVE('',#100,#1539);
#1539 = DEFINITIONAL_REPRESENTATION('',(#1540),#1544);
#1540 = LINE('',#1541,#1542);
#1541 = CARTESIAN_POINT('',(-7.,38.));
#1542 = VECTOR('',#1543,1.);
#1543 = DIRECTION('',(-1.,1.110223024625E-16));
#1544 = ( GEOMETRIC_REPRESENTATION_CONTEXT(2) 
PARAMETRIC_REPRESENTATION_CONTEXT() REPRESENTATION_CONTEXT('2D SPACE',''
  ) );
#1545 = PCURVE('',#264,#1546);
#1546 = DEFINITIONAL_REPRESENTATION('',(#1547),#1551);
#1547 = LINE('',#1548,#1549);
#1548 = CARTESIAN_POINT('',(5.,0.));
#1549 = VECTOR('',#1550,1.);
#1550 = DIRECTION('',(0.,-1.));
#1551 = ( GEOMETRIC_REPRESENTATION_CONTEXT(2) 
PARAMETRIC_REPRESENTATION_CONTEXT() REPRESENTATION_CONTEXT('2D SPACE',''
  ) );
#1552 = ORIENTED_EDGE('',*,*,#1553,.F.);
#1553 = EDGE_CURVE('',#1554,#1531,#1556,.T.);
#1554 = VERTEX_POINT('',#1555);
#1555 = CARTESIAN_POINT('',(-19.,24.,5.));
#1556 = SURFACE_CURVE('',#1557,(#1561,#1568),.PCURVE_S1.);
#1557 = LINE('',#1558,#1559);
#1558 = CARTESIAN_POINT('',(-19.,24.,5.));
#1559 = VECTOR('',#1560,1.);
#1560 = DIRECTION('',(1.110223024625E-16,1.,0.));
#1561 = PCURVE('',#100,#1562);
#1562 = DEFINITIONAL_REPRESENTATION('',(#1563),#1567);
#1563 = LINE('',#1564,#1565);
#1564 = CARTESIAN_POINT('',(-19.,24.));
#1565 = VECTOR('',#1566,1.);
#1566 = DIRECTION('',(1.110223024625E-16,1.));
#1567 = ( GEOMETRIC_REPRESENTATION_CONTEXT(2) 
PARAMETRIC_REPRESENTATION_CONTEXT() REPRESENTATION_CONTEXT('2D SPACE',''
  ) );
#1568 = PCURVE('',#292,#1569);
#1569 = DEFINITIONAL_REPRESENTATION('',(#1570),#1574);
#1570 = LINE('',#1571,#1572);
#1571 = CARTESIAN_POINT('',(5.,0.));
#1572 = VECTOR('',#1573,1.);
#1573 = DIRECTION('',(0.,1.));
#1574 = ( GEOMETRIC_REPRESENTATION_CONTEXT(2) 
PARAMETRIC_REPRESENTATION_CONTEXT() REPRESENTATION_CONTEXT('2D SPACE',''
  ) );
#1575 = ORIENTED_EDGE('',*,*,#1576,.F.);
#1576 = EDGE_CURVE('',#1577,#1554,#1579,.T.);
#1577 = VERTEX_POINT('',#1578);
#1578 = CARTESIAN_POINT('',(-17.1537167984,24.,5.));
#1579 = SURFACE_CURVE('',#1580,(#1584,#1591),.PCURVE_S1.);
#1580 = LINE('',#1581,#1582);
#1581 = CARTESIAN_POINT('',(-7.,24.,5.));
#1582 = VECTOR('',#1583,1.);
#1583 = DIRECTION('',(-1.,1.110223024625E-16,0.));
#1584 = PCURVE('',#100,#1585);
#1585 = DEFINITIONAL_REPRESENTATION('',(#1586),#1590);
#1586 = LINE('',#1587,#1588);
#1587 = CARTESIAN_POINT('',(-7.,24.));
#1588 = VECTOR('',#1589,1.);
#1589 = DIRECTION('',(-1.,1.110223024625E-16));
#1590 = ( GEOMETRIC_REPRESENTATION_CONTEXT(2) 
PARAMETRIC_REPRESENTATION_CONTEXT() REPRESENTATION_CONTEXT('2D SPACE',''
  ) );
#1591 = PCURVE('',#320,#1592);
#1592 = DEFINITIONAL_REPRESENTATION('',(#1593),#1597);
#1593 = LINE('',#1594,#1595);
#1594 = CARTESIAN_POINT('',(5.,0.));
#1595 = VECTOR('',#1596,1.);
#1596 = DIRECTION('',(0.,-1.));
#1597 = ( GEOMETRIC_REPRESENTATION_CONTEXT(2) 
PARAMETRIC_REPRESENTATION_CONTEXT() REPRESENTATION_CONTEXT('2D SPACE',''
  ) );
#1598 = ORIENTED_EDGE('',*,*,#1599,.F.);
#1599 = EDGE_CURVE('',#1600,#1577,#1602,.T.);
#1600 = VERTEX_POINT('',#1601);
#1601 = CARTESIAN_POINT('',(-25.69640471904,14.489471505717,5.));
#1602 = SURFACE_CURVE('',#1603,(#1608,#1619),.PCURVE_S1.);
#1603 = CIRCLE('',#1604,29.5);
#1604 = AXIS2_PLACEMENT_3D('',#1605,#1606,#1607);
#1605 = CARTESIAN_POINT('',(0.,0.,5.));
#1606 = DIRECTION('',(0.,0.,-1.));
#1607 = DIRECTION('',(0.97143931396,0.237288135593,0.));
#1608 = PCURVE('',#100,#1609);
#1609 = DEFINITIONAL_REPRESENTATION('',(#1610),#1618);
#1610 = ( BOUNDED_CURVE() B_SPLINE_CURVE(2,(#1611,#1612,#1613,#1614,
#1615,#1616,#1617),.UNSPECIFIED.,.T.,.F.) B_SPLINE_CURVE_WITH_KNOTS((1,2
    ,2,2,2,1),(-2.094395102393,0.,2.094395102393,4.188790204786,
6.28318530718,8.377580409573),.UNSPECIFIED.) CURVE() 
GEOMETRIC_REPRESENTATION_ITEM() RATIONAL_B_SPLINE_CURVE((1.,0.5,1.,0.5,
1.,0.5,1.)) REPRESENTATION_ITEM('') );
#1611 = CARTESIAN_POINT('',(28.657459761814,6.999999999999));
#1612 = CARTESIAN_POINT('',(40.781815414795,-42.63617632332));
#1613 = CARTESIAN_POINT('',(-8.266552054417,-28.31808816166));
#1614 = CARTESIAN_POINT('',(-57.31491952362,-13.99999999999));
#1615 = CARTESIAN_POINT('',(-20.39090770739,21.318088161662));
#1616 = CARTESIAN_POINT('',(16.533104108834,56.636176323322));
#1617 = CARTESIAN_POINT('',(28.657459761814,6.999999999999));
#1618 = ( GEOMETRIC_REPRESENTATION_CONTEXT(2) 
PARAMETRIC_REPRESENTATION_CONTEXT() REPRESENTATION_CONTEXT('2D SPACE',''
  ) );
#1619 = PCURVE('',#349,#1620);
#1620 = DEFINITIONAL_REPRESENTATION('',(#1621),#1625);
#1621 = LINE('',#1622,#1623);
#1622 = CARTESIAN_POINT('',(-6.522758607907,-5.));
#1623 = VECTOR('',#1624,1.);
#1624 = DIRECTION('',(1.,-0.));
#1625 = ( GEOMETRIC_REPRESENTATION_CONTEXT(2) 
PARAMETRIC_REPRESENTATION_CONTEXT() REPRESENTATION_CONTEXT('2D SPACE',''
  ) );
#1626 = ORIENTED_EDGE('',*,*,#1627,.T.);
#1627 = EDGE_CURVE('',#1600,#1628,#1630,.T.);
#1628 = VERTEX_POINT('',#1629);
#1629 = CARTESIAN_POINT('',(-25.87784056397,14.162886984849,5.));
#1630 = SURFACE_CURVE('',#1631,(#1636,#1647),.PCURVE_S1.);
#1631 = CIRCLE('',#1632,1.4);
#1632 = AXIS2_PLACEMENT_3D('',#1633,#1634,#1635);
#1633 = CARTESIAN_POINT('',(-27.,15.,5.));
#1634 = DIRECTION('',(0.,0.,-1.));
#1635 = DIRECTION('',(1.,0.,0.));
#1636 = PCURVE('',#100,#1637);
#1637 = DEFINITIONAL_REPRESENTATION('',(#1638),#1646);
#1638 = ( BOUNDED_CURVE() B_SPLINE_CURVE(2,(#1639,#1640,#1641,#1642,
#1643,#1644,#1645),.UNSPECIFIED.,.T.,.F.) B_SPLINE_CURVE_WITH_KNOTS((1,2
    ,2,2,2,1),(-2.094395102393,0.,2.094395102393,4.188790204786,
6.28318530718,8.377580409573),.UNSPECIFIED.) CURVE() 
GEOMETRIC_REPRESENTATION_ITEM() RATIONAL_B_SPLINE_CURVE((1.,0.5,1.,0.5,
1.,0.5,1.)) REPRESENTATION_ITEM('') );
#1639 = CARTESIAN_POINT('',(-25.6,15.));
#1640 = CARTESIAN_POINT('',(-25.6,12.575128869404));
#1641 = CARTESIAN_POINT('',(-27.7,13.787564434702));
#1642 = CARTESIAN_POINT('',(-29.8,15.));
#1643 = CARTESIAN_POINT('',(-27.7,16.212435565298));
#1644 = CARTESIAN_POINT('',(-25.6,17.424871130596));
#1645 = CARTESIAN_POINT('',(-25.6,15.));
#1646 = ( GEOMETRIC_REPRESENTATION_CONTEXT(2) 
PARAMETRIC_REPRESENTATION_CONTEXT() REPRESENTATION_CONTEXT('2D SPACE',''
  ) );
#1647 = PCURVE('',#378,#1648);
#1648 = DEFINITIONAL_REPRESENTATION('',(#1649),#1653);
#1649 = LINE('',#1650,#1651);
#1650 = CARTESIAN_POINT('',(-6.28318530718,-5.));
#1651 = VECTOR('',#1652,1.);
#1652 = DIRECTION('',(1.,-0.));
#1653 = ( GEOMETRIC_REPRESENTATION_CONTEXT(2) 
PARAMETRIC_REPRESENTATION_CONTEXT() REPRESENTATION_CONTEXT('2D SPACE',''
  ) );
#1654 = ORIENTED_EDGE('',*,*,#1655,.F.);
#1655 = EDGE_CURVE('',#1656,#1628,#1658,.T.);
#1656 = VERTEX_POINT('',#1657);
#1657 = CARTESIAN_POINT('',(-28.65745976181,-7.,5.));
#1658 = SURFACE_CURVE('',#1659,(#1664,#1675),.PCURVE_S1.);
#1659 = CIRCLE('',#1660,29.5);
#1660 = AXIS2_PLACEMENT_3D('',#1661,#1662,#1663);
#1661 = CARTESIAN_POINT('',(0.,0.,5.));
#1662 = DIRECTION('',(0.,0.,-1.));
#1663 = DIRECTION('',(0.97143931396,0.237288135593,0.));
#1664 = PCURVE('',#100,#1665);
#1665 = DEFINITIONAL_REPRESENTATION('',(#1666),#1674);
#1666 = ( BOUNDED_CURVE() B_SPLINE_CURVE(2,(#1667,#1668,#1669,#1670,
#1671,#1672,#1673),.UNSPECIFIED.,.T.,.F.) B_SPLINE_CURVE_WITH_KNOTS((1,2
    ,2,2,2,1),(-2.094395102393,0.,2.094395102393,4.188790204786,
6.28318530718,8.377580409573),.UNSPECIFIED.) CURVE() 
GEOMETRIC_REPRESENTATION_ITEM() RATIONAL_B_SPLINE_CURVE((1.,0.5,1.,0.5,
1.,0.5,1.)) REPRESENTATION_ITEM('') );
#1667 = CARTESIAN_POINT('',(28.657459761814,6.999999999999));
#1668 = CARTESIAN_POINT('',(40.781815414795,-42.63617632332));
#1669 = CARTESIAN_POINT('',(-8.266552054417,-28.31808816166));
#1670 = CARTESIAN_POINT('',(-57.31491952362,-13.99999999999));
#1671 = CARTESIAN_POINT('',(-20.39090770739,21.318088161662));
#1672 = CARTESIAN_POINT('',(16.533104108834,56.636176323322));
#1673 = CARTESIAN_POINT('',(28.657459761814,6.999999999999));
#1674 = ( GEOMETRIC_REPRESENTATION_CONTEXT(2) 
PARAMETRIC_REPRESENTATION_CONTEXT() REPRESENTATION_CONTEXT('2D SPACE',''
  ) );
#1675 = PCURVE('',#407,#1676);
#1676 = DEFINITIONAL_REPRESENTATION('',(#1677),#1681);
#1677 = LINE('',#1678,#1679);
#1678 = CARTESIAN_POINT('',(-6.522758607907,-5.));
#1679 = VECTOR('',#1680,1.);
#1680 = DIRECTION('',(1.,-0.));
#1681 = ( GEOMETRIC_REPRESENTATION_CONTEXT(2) 
PARAMETRIC_REPRESENTATION_CONTEXT() REPRESENTATION_CONTEXT('2D SPACE',''
  ) );
#1682 = ORIENTED_EDGE('',*,*,#1683,.T.);
#1683 = EDGE_CURVE('',#1656,#1684,#1686,.T.);
#1684 = VERTEX_POINT('',#1685);
#1685 = CARTESIAN_POINT('',(-38.,-7.,5.));
#1686 = SURFACE_CURVE('',#1687,(#1691,#1698),.PCURVE_S1.);
#1687 = LINE('',#1688,#1689);
#1688 = CARTESIAN_POINT('',(-24.,-7.,5.));
#1689 = VECTOR('',#1690,1.);
#1690 = DIRECTION('',(-1.,1.224646799147E-16,0.));
#1691 = PCURVE('',#100,#1692);
#1692 = DEFINITIONAL_REPRESENTATION('',(#1693),#1697);
#1693 = LINE('',#1694,#1695);
#1694 = CARTESIAN_POINT('',(-24.,-7.));
#1695 = VECTOR('',#1696,1.);
#1696 = DIRECTION('',(-1.,1.224646799147E-16));
#1697 = ( GEOMETRIC_REPRESENTATION_CONTEXT(2) 
PARAMETRIC_REPRESENTATION_CONTEXT() REPRESENTATION_CONTEXT('2D SPACE',''
  ) );
#1698 = PCURVE('',#435,#1699);
#1699 = DEFINITIONAL_REPRESENTATION('',(#1700),#1704);
#1700 = LINE('',#1701,#1702);
#1701 = CARTESIAN_POINT('',(5.,0.));
#1702 = VECTOR('',#1703,1.);
#1703 = DIRECTION('',(0.,1.));
#1704 = ( GEOMETRIC_REPRESENTATION_CONTEXT(2) 
PARAMETRIC_REPRESENTATION_CONTEXT() REPRESENTATION_CONTEXT('2D SPACE',''
  ) );
#1705 = ORIENTED_EDGE('',*,*,#1706,.T.);
#1706 = EDGE_CURVE('',#1684,#1707,#1709,.T.);
#1707 = VERTEX_POINT('',#1708);
#1708 = CARTESIAN_POINT('',(-38.,-19.,5.));
#1709 = SURFACE_CURVE('',#1710,(#1714,#1721),.PCURVE_S1.);
#1710 = LINE('',#1711,#1712);
#1711 = CARTESIAN_POINT('',(-38.,-7.,5.));
#1712 = VECTOR('',#1713,1.);
#1713 = DIRECTION('',(-1.224646799147E-16,-1.,0.));
#1714 = PCURVE('',#100,#1715);
#1715 = DEFINITIONAL_REPRESENTATION('',(#1716),#1720);
#1716 = LINE('',#1717,#1718);
#1717 = CARTESIAN_POINT('',(-38.,-7.));
#1718 = VECTOR('',#1719,1.);
#1719 = DIRECTION('',(-1.224646799147E-16,-1.));
#1720 = ( GEOMETRIC_REPRESENTATION_CONTEXT(2) 
PARAMETRIC_REPRESENTATION_CONTEXT() REPRESENTATION_CONTEXT('2D SPACE',''
  ) );
#1721 = PCURVE('',#463,#1722);
#1722 = DEFINITIONAL_REPRESENTATION('',(#1723),#1727);
#1723 = LINE('',#1724,#1725);
#1724 = CARTESIAN_POINT('',(5.,0.));
#1725 = VECTOR('',#1726,1.);
#1726 = DIRECTION('',(0.,-1.));
#1727 = ( GEOMETRIC_REPRESENTATION_CONTEXT(2) 
PARAMETRIC_REPRESENTATION_CONTEXT() REPRESENTATION_CONTEXT('2D SPACE',''
  ) );
#1728 = ORIENTED_EDGE('',*,*,#1729,.F.);
#1729 = EDGE_CURVE('',#1730,#1707,#1732,.T.);
#1730 = VERTEX_POINT('',#1731);
#1731 = CARTESIAN_POINT('',(-24.,-19.,5.));
#1732 = SURFACE_CURVE('',#1733,(#1737,#1744),.PCURVE_S1.);
#1733 = LINE('',#1734,#1735);
#1734 = CARTESIAN_POINT('',(-24.,-19.,5.));
#1735 = VECTOR('',#1736,1.);
#1736 = DIRECTION('',(-1.,1.224646799147E-16,0.));
#1737 = PCURVE('',#100,#1738);
#1738 = DEFINITIONAL_REPRESENTATION('',(#1739),#1743);
#1739 = LINE('',#1740,#1741);
#1740 = CARTESIAN_POINT('',(-24.,-19.));
#1741 = VECTOR('',#1742,1.);
#1742 = DIRECTION('',(-1.,1.224646799147E-16));
#1743 = ( GEOMETRIC_REPRESENTATION_CONTEXT(2) 
PARAMETRIC_REPRESENTATION_CONTEXT() REPRESENTATION_CONTEXT('2D SPACE',''
  ) );
#1744 = PCURVE('',#491,#1745);
#1745 = DEFINITIONAL_REPRESENTATION('',(#1746),#1750);
#1746 = LINE('',#1747,#1748);
#1747 = CARTESIAN_POINT('',(5.,0.));
#1748 = VECTOR('',#1749,1.);
#1749 = DIRECTION('',(0.,1.));
#1750 = ( GEOMETRIC_REPRESENTATION_CONTEXT(2) 
PARAMETRIC_REPRESENTATION_CONTEXT() REPRESENTATION_CONTEXT('2D SPACE',''
  ) );
#1751 = ORIENTED_EDGE('',*,*,#1752,.F.);
#1752 = EDGE_CURVE('',#1753,#1730,#1755,.T.);
#1753 = VERTEX_POINT('',#1754);
#1754 = CARTESIAN_POINT('',(-24.,-17.1537167984,5.));
#1755 = SURFACE_CURVE('',#1756,(#1760,#1767),.PCURVE_S1.);
#1756 = LINE('',#1757,#1758);
#1757 = CARTESIAN_POINT('',(-24.,-7.,5.));
#1758 = VECTOR('',#1759,1.);
#1759 = DIRECTION('',(-1.224646799147E-16,-1.,0.));
#1760 = PCURVE('',#100,#1761);
#1761 = DEFINITIONAL_REPRESENTATION('',(#1762),#1766);
#1762 = LINE('',#1763,#1764);
#1763 = CARTESIAN_POINT('',(-24.,-7.));
#1764 = VECTOR('',#1765,1.);
#1765 = DIRECTION('',(-1.224646799147E-16,-1.));
#1766 = ( GEOMETRIC_REPRESENTATION_CONTEXT(2) 
PARAMETRIC_REPRESENTATION_CONTEXT() REPRESENTATION_CONTEXT('2D SPACE',''
  ) );
#1767 = PCURVE('',#519,#1768);
#1768 = DEFINITIONAL_REPRESENTATION('',(#1769),#1773);
#1769 = LINE('',#1770,#1771);
#1770 = CARTESIAN_POINT('',(5.,0.));
#1771 = VECTOR('',#1772,1.);
#1772 = DIRECTION('',(0.,-1.));
#1773 = ( GEOMETRIC_REPRESENTATION_CONTEXT(2) 
PARAMETRIC_REPRESENTATION_CONTEXT() REPRESENTATION_CONTEXT('2D SPACE',''
  ) );
#1774 = ORIENTED_EDGE('',*,*,#1775,.F.);
#1775 = EDGE_CURVE('',#1776,#1753,#1778,.T.);
#1776 = VERTEX_POINT('',#1777);
#1777 = CARTESIAN_POINT('',(-14.48947150571,-25.69640471904,5.));
#1778 = SURFACE_CURVE('',#1779,(#1784,#1795),.PCURVE_S1.);
#1779 = CIRCLE('',#1780,29.5);
#1780 = AXIS2_PLACEMENT_3D('',#1781,#1782,#1783);
#1781 = CARTESIAN_POINT('',(0.,0.,5.));
#1782 = DIRECTION('',(0.,0.,-1.));
#1783 = DIRECTION('',(0.97143931396,0.237288135593,0.));
#1784 = PCURVE('',#100,#1785);
#1785 = DEFINITIONAL_REPRESENTATION('',(#1786),#1794);
#1786 = ( BOUNDED_CURVE() B_SPLINE_CURVE(2,(#1787,#1788,#1789,#1790,
#1791,#1792,#1793),.UNSPECIFIED.,.T.,.F.) B_SPLINE_CURVE_WITH_KNOTS((1,2
    ,2,2,2,1),(-2.094395102393,0.,2.094395102393,4.188790204786,
6.28318530718,8.377580409573),.UNSPECIFIED.) CURVE() 
GEOMETRIC_REPRESENTATION_ITEM() RATIONAL_B_SPLINE_CURVE((1.,0.5,1.,0.5,
1.,0.5,1.)) REPRESENTATION_ITEM('') );
#1787 = CARTESIAN_POINT('',(28.657459761814,6.999999999999));
#1788 = CARTESIAN_POINT('',(40.781815414795,-42.63617632332));
#1789 = CARTESIAN_POINT('',(-8.266552054417,-28.31808816166));
#1790 = CARTESIAN_POINT('',(-57.31491952362,-13.99999999999));
#1791 = CARTESIAN_POINT('',(-20.39090770739,21.318088161662));
#1792 = CARTESIAN_POINT('',(16.533104108834,56.636176323322));
#1793 = CARTESIAN_POINT('',(28.657459761814,6.999999999999));
#1794 = ( GEOMETRIC_REPRESENTATION_CONTEXT(2) 
PARAMETRIC_REPRESENTATION_CONTEXT() REPRESENTATION_CONTEXT('2D SPACE',''
  ) );
#1795 = PCURVE('',#548,#1796);
#1796 = DEFINITIONAL_REPRESENTATION('',(#1797),#1801);
#1797 = LINE('',#1798,#1799);
#1798 = CARTESIAN_POINT('',(-6.522758607907,-5.));
#1799 = VECTOR('',#1800,1.);
#1800 = DIRECTION('',(1.,-0.));
#1801 = ( GEOMETRIC_REPRESENTATION_CONTEXT(2) 
PARAMETRIC_REPRESENTATION_CONTEXT() REPRESENTATION_CONTEXT('2D SPACE',''
  ) );
#1802 = ORIENTED_EDGE('',*,*,#1803,.T.);
#1803 = EDGE_CURVE('',#1776,#1804,#1806,.T.);
#1804 = VERTEX_POINT('',#1805);
#1805 = CARTESIAN_POINT('',(-14.16288698484,-25.87784056397,5.));
#1806 = SURFACE_CURVE('',#1807,(#1812,#1823),.PCURVE_S1.);
#1807 = CIRCLE('',#1808,1.4);
#1808 = AXIS2_PLACEMENT_3D('',#1809,#1810,#1811);
#1809 = CARTESIAN_POINT('',(-15.,-27.,5.));
#1810 = DIRECTION('',(0.,0.,-1.));
#1811 = DIRECTION('',(1.,0.,0.));
#1812 = PCURVE('',#100,#1813);
#1813 = DEFINITIONAL_REPRESENTATION('',(#1814),#1822);
#1814 = ( BOUNDED_CURVE() B_SPLINE_CURVE(2,(#1815,#1816,#1817,#1818,
#1819,#1820,#1821),.UNSPECIFIED.,.T.,.F.) B_SPLINE_CURVE_WITH_KNOTS((1,2
    ,2,2,2,1),(-2.094395102393,0.,2.094395102393,4.188790204786,
6.28318530718,8.377580409573),.UNSPECIFIED.) CURVE() 
GEOMETRIC_REPRESENTATION_ITEM() RATIONAL_B_SPLINE_CURVE((1.,0.5,1.,0.5,
1.,0.5,1.)) REPRESENTATION_ITEM('') );
#1815 = CARTESIAN_POINT('',(-13.6,-27.));
#1816 = CARTESIAN_POINT('',(-13.6,-29.42487113059));
#1817 = CARTESIAN_POINT('',(-15.7,-28.21243556529));
#1818 = CARTESIAN_POINT('',(-17.8,-27.));
#1819 = CARTESIAN_POINT('',(-15.7,-25.7875644347));
#1820 = CARTESIAN_POINT('',(-13.6,-24.5751288694));
#1821 = CARTESIAN_POINT('',(-13.6,-27.));
#1822 = ( GEOMETRIC_REPRESENTATION_CONTEXT(2) 
PARAMETRIC_REPRESENTATION_CONTEXT() REPRESENTATION_CONTEXT('2D SPACE',''
  ) );
#1823 = PCURVE('',#577,#1824);
#1824 = DEFINITIONAL_REPRESENTATION('',(#1825),#1829);
#1825 = LINE('',#1826,#1827);
#1826 = CARTESIAN_POINT('',(-6.28318530718,-5.));
#1827 = VECTOR('',#1828,1.);
#1828 = DIRECTION('',(1.,-0.));
#1829 = ( GEOMETRIC_REPRESENTATION_CONTEXT(2) 
PARAMETRIC_REPRESENTATION_CONTEXT() REPRESENTATION_CONTEXT('2D SPACE',''
  ) );
#1830 = ORIENTED_EDGE('',*,*,#1831,.F.);
#1831 = EDGE_CURVE('',#1832,#1804,#1834,.T.);
#1832 = VERTEX_POINT('',#1833);
#1833 = CARTESIAN_POINT('',(6.999999999999,-28.65745976181,5.));
#1834 = SURFACE_CURVE('',#1835,(#1840,#1851),.PCURVE_S1.);
#1835 = CIRCLE('',#1836,29.5);
#1836 = AXIS2_PLACEMENT_3D('',#1837,#1838,#1839);
#1837 = CARTESIAN_POINT('',(0.,0.,5.));
#1838 = DIRECTION('',(0.,0.,-1.));
#1839 = DIRECTION('',(0.97143931396,0.237288135593,0.));
#1840 = PCURVE('',#100,#1841);
#1841 = DEFINITIONAL_REPRESENTATION('',(#1842),#1850);
#1842 = ( BOUNDED_CURVE() B_SPLINE_CURVE(2,(#1843,#1844,#1845,#1846,
#1847,#1848,#1849),.UNSPECIFIED.,.T.,.F.) B_SPLINE_CURVE_WITH_KNOTS((1,2
    ,2,2,2,1),(-2.094395102393,0.,2.094395102393,4.188790204786,
6.28318530718,8.377580409573),.UNSPECIFIED.) CURVE() 
GEOMETRIC_REPRESENTATION_ITEM() RATIONAL_B_SPLINE_CURVE((1.,0.5,1.,0.5,
1.,0.5,1.)) REPRESENTATION_ITEM('') );
#1843 = CARTESIAN_POINT('',(28.657459761814,6.999999999999));
#1844 = CARTESIAN_POINT('',(40.781815414795,-42.63617632332));
#1845 = CARTESIAN_POINT('',(-8.266552054417,-28.31808816166));
#1846 = CARTESIAN_POINT('',(-57.31491952362,-13.99999999999));
#1847 = CARTESIAN_POINT('',(-20.39090770739,21.318088161662));
#1848 = CARTESIAN_POINT('',(16.533104108834,56.636176323322));
#1849 = CARTESIAN_POINT('',(28.657459761814,6.999999999999));
#1850 = ( GEOMETRIC_REPRESENTATION_CONTEXT(2) 
PARAMETRIC_REPRESENTATION_CONTEXT() REPRESENTATION_CONTEXT('2D SPACE',''
  ) );
#1851 = PCURVE('',#606,#1852);
#1852 = DEFINITIONAL_REPRESENTATION('',(#1853),#1857);
#1853 = LINE('',#1854,#1855);
#1854 = CARTESIAN_POINT('',(-6.522758607907,-5.));
#1855 = VECTOR('',#1856,1.);
#1856 = DIRECTION('',(1.,-0.));
#1857 = ( GEOMETRIC_REPRESENTATION_CONTEXT(2) 
PARAMETRIC_REPRESENTATION_CONTEXT() REPRESENTATION_CONTEXT('2D SPACE',''
  ) );
#1858 = ORIENTED_EDGE('',*,*,#1859,.T.);
#1859 = EDGE_CURVE('',#1832,#1860,#1862,.T.);
#1860 = VERTEX_POINT('',#1861);
#1861 = CARTESIAN_POINT('',(7.,-38.,5.));
#1862 = SURFACE_CURVE('',#1863,(#1867,#1874),.PCURVE_S1.);
#1863 = LINE('',#1864,#1865);
#1864 = CARTESIAN_POINT('',(7.,-24.,5.));
#1865 = VECTOR('',#1866,1.);
#1866 = DIRECTION('',(-2.22044604925E-16,-1.,0.));
#1867 = PCURVE('',#100,#1868);
#1868 = DEFINITIONAL_REPRESENTATION('',(#1869),#1873);
#1869 = LINE('',#1870,#1871);
#1870 = CARTESIAN_POINT('',(7.,-24.));
#1871 = VECTOR('',#1872,1.);
#1872 = DIRECTION('',(-2.22044604925E-16,-1.));
#1873 = ( GEOMETRIC_REPRESENTATION_CONTEXT(2) 
PARAMETRIC_REPRESENTATION_CONTEXT() REPRESENTATION_CONTEXT('2D SPACE',''
  ) );
#1874 = PCURVE('',#634,#1875);
#1875 = DEFINITIONAL_REPRESENTATION('',(#1876),#1880);
#1876 = LINE('',#1877,#1878);
#1877 = CARTESIAN_POINT('',(5.,0.));
#1878 = VECTOR('',#1879,1.);
#1879 = DIRECTION('',(0.,1.));
#1880 = ( GEOMETRIC_REPRESENTATION_CONTEXT(2) 
PARAMETRIC_REPRESENTATION_CONTEXT() REPRESENTATION_CONTEXT('2D SPACE',''
  ) );
#1881 = ORIENTED_EDGE('',*,*,#1882,.T.);
#1882 = EDGE_CURVE('',#1860,#1883,#1885,.T.);
#1883 = VERTEX_POINT('',#1884);
#1884 = CARTESIAN_POINT('',(19.,-38.,5.));
#1885 = SURFACE_CURVE('',#1886,(#1890,#1897),.PCURVE_S1.);
#1886 = LINE('',#1887,#1888);
#1887 = CARTESIAN_POINT('',(7.,-38.,5.));
#1888 = VECTOR('',#1889,1.);
#1889 = DIRECTION('',(1.,-2.22044604925E-16,0.));
#1890 = PCURVE('',#100,#1891);
#1891 = DEFINITIONAL_REPRESENTATION('',(#1892),#1896);
#1892 = LINE('',#1893,#1894);
#1893 = CARTESIAN_POINT('',(7.,-38.));
#1894 = VECTOR('',#1895,1.);
#1895 = DIRECTION('',(1.,-2.22044604925E-16));
#1896 = ( GEOMETRIC_REPRESENTATION_CONTEXT(2) 
PARAMETRIC_REPRESENTATION_CONTEXT() REPRESENTATION_CONTEXT('2D SPACE',''
  ) );
#1897 = PCURVE('',#662,#1898);
#1898 = DEFINITIONAL_REPRESENTATION('',(#1899),#1903);
#1899 = LINE('',#1900,#1901);
#1900 = CARTESIAN_POINT('',(5.,0.));
#1901 = VECTOR('',#1902,1.);
#1902 = DIRECTION('',(0.,-1.));
#1903 = ( GEOMETRIC_REPRESENTATION_CONTEXT(2) 
PARAMETRIC_REPRESENTATION_CONTEXT() REPRESENTATION_CONTEXT('2D SPACE',''
  ) );
#1904 = ORIENTED_EDGE('',*,*,#1905,.F.);
#1905 = EDGE_CURVE('',#1906,#1883,#1908,.T.);
#1906 = VERTEX_POINT('',#1907);
#1907 = CARTESIAN_POINT('',(19.,-24.,5.));
#1908 = SURFACE_CURVE('',#1909,(#1913,#1920),.PCURVE_S1.);
#1909 = LINE('',#1910,#1911);
#1910 = CARTESIAN_POINT('',(19.,-24.,5.));
#1911 = VECTOR('',#1912,1.);
#1912 = DIRECTION('',(-2.22044604925E-16,-1.,0.));
#1913 = PCURVE('',#100,#1914);
#1914 = DEFINITIONAL_REPRESENTATION('',(#1915),#1919);
#1915 = LINE('',#1916,#1917);
#1916 = CARTESIAN_POINT('',(19.,-24.));
#1917 = VECTOR('',#1918,1.);
#1918 = DIRECTION('',(-2.22044604925E-16,-1.));
#1919 = ( GEOMETRIC_REPRESENTATION_CONTEXT(2) 
PARAMETRIC_REPRESENTATION_CONTEXT() REPRESENTATION_CONTEXT('2D SPACE',''
  ) );
#1920 = PCURVE('',#690,#1921);
#1921 = DEFINITIONAL_REPRESENTATION('',(#1922),#1926);
#1922 = LINE('',#1923,#1924);
#1923 = CARTESIAN_POINT('',(5.,0.));
#1924 = VECTOR('',#1925,1.);
#1925 = DIRECTION('',(0.,1.));
#1926 = ( GEOMETRIC_REPRESENTATION_CONTEXT(2) 
PARAMETRIC_REPRESENTATION_CONTEXT() REPRESENTATION_CONTEXT('2D SPACE',''
  ) );
#1927 = ORIENTED_EDGE('',*,*,#1928,.F.);
#1928 = EDGE_CURVE('',#1929,#1906,#1931,.T.);
#1929 = VERTEX_POINT('',#1930);
#1930 = CARTESIAN_POINT('',(17.153716798408,-24.,5.));
#1931 = SURFACE_CURVE('',#1932,(#1936,#1943),.PCURVE_S1.);
#1932 = LINE('',#1933,#1934);
#1933 = CARTESIAN_POINT('',(7.,-24.,5.));
#1934 = VECTOR('',#1935,1.);
#1935 = DIRECTION('',(1.,-2.22044604925E-16,0.));
#1936 = PCURVE('',#100,#1937);
#1937 = DEFINITIONAL_REPRESENTATION('',(#1938),#1942);
#1938 = LINE('',#1939,#1940);
#1939 = CARTESIAN_POINT('',(7.,-24.));
#1940 = VECTOR('',#1941,1.);
#1941 = DIRECTION('',(1.,-2.22044604925E-16));
#1942 = ( GEOMETRIC_REPRESENTATION_CONTEXT(2) 
PARAMETRIC_REPRESENTATION_CONTEXT() REPRESENTATION_CONTEXT('2D SPACE',''
  ) );
#1943 = PCURVE('',#718,#1944);
#1944 = DEFINITIONAL_REPRESENTATION('',(#1945),#1949);
#1945 = LINE('',#1946,#1947);
#1946 = CARTESIAN_POINT('',(5.,0.));
#1947 = VECTOR('',#1948,1.);
#1948 = DIRECTION('',(0.,-1.));
#1949 = ( GEOMETRIC_REPRESENTATION_CONTEXT(2) 
PARAMETRIC_REPRESENTATION_CONTEXT() REPRESENTATION_CONTEXT('2D SPACE',''
  ) );
#1950 = ORIENTED_EDGE('',*,*,#1951,.F.);
#1951 = EDGE_CURVE('',#1952,#1929,#1954,.T.);
#1952 = VERTEX_POINT('',#1953);
#1953 = CARTESIAN_POINT('',(25.696404719046,-14.48947150571,5.));
#1954 = SURFACE_CURVE('',#1955,(#1960,#1971),.PCURVE_S1.);
#1955 = CIRCLE('',#1956,29.5);
#1956 = AXIS2_PLACEMENT_3D('',#1957,#1958,#1959);
#1957 = CARTESIAN_POINT('',(0.,0.,5.));
#1958 = DIRECTION('',(0.,0.,-1.));
#1959 = DIRECTION('',(0.97143931396,0.237288135593,0.));
#1960 = PCURVE('',#100,#1961);
#1961 = DEFINITIONAL_REPRESENTATION('',(#1962),#1970);
#1962 = ( BOUNDED_CURVE() B_SPLINE_CURVE(2,(#1963,#1964,#1965,#1966,
#1967,#1968,#1969),.UNSPECIFIED.,.T.,.F.) B_SPLINE_CURVE_WITH_KNOTS((1,2
    ,2,2,2,1),(-2.094395102393,0.,2.094395102393,4.188790204786,
6.28318530718,8.377580409573),.UNSPECIFIED.) CURVE() 
GEOMETRIC_REPRESENTATION_ITEM() RATIONAL_B_SPLINE_CURVE((1.,0.5,1.,0.5,
1.,0.5,1.)) REPRESENTATION_ITEM('') );
#1963 = CARTESIAN_POINT('',(28.657459761814,6.999999999999));
#1964 = CARTESIAN_POINT('',(40.781815414795,-42.63617632332));
#1965 = CARTESIAN_POINT('',(-8.266552054417,-28.31808816166));
#1966 = CARTESIAN_POINT('',(-57.31491952362,-13.99999999999));
#1967 = CARTESIAN_POINT('',(-20.39090770739,21.318088161662));
#1968 = CARTESIAN_POINT('',(16.533104108834,56.636176323322));
#1969 = CARTESIAN_POINT('',(28.657459761814,6.999999999999));
#1970 = ( GEOMETRIC_REPRESENTATION_CONTEXT(2) 
PARAMETRIC_REPRESENTATION_CONTEXT() REPRESENTATION_CONTEXT('2D SPACE',''
  ) );
#1971 = PCURVE('',#747,#1972);
#1972 = DEFINITIONAL_REPRESENTATION('',(#1973),#1977);
#1973 = LINE('',#1974,#1975);
#1974 = CARTESIAN_POINT('',(-6.522758607907,-5.));
#1975 = VECTOR('',#1976,1.);
#1976 = DIRECTION('',(1.,-0.));
#1977 = ( GEOMETRIC_REPRESENTATION_CONTEXT(2) 
PARAMETRIC_REPRESENTATION_CONTEXT() REPRESENTATION_CONTEXT('2D SPACE',''
  ) );
#1978 = ORIENTED_EDGE('',*,*,#1979,.T.);
#1979 = EDGE_CURVE('',#1952,#1360,#1980,.T.);
#1980 = SURFACE_CURVE('',#1981,(#1986,#1997),.PCURVE_S1.);
#1981 = CIRCLE('',#1982,1.4);
#1982 = AXIS2_PLACEMENT_3D('',#1983,#1984,#1985);
#1983 = CARTESIAN_POINT('',(27.,-15.,5.));
#1984 = DIRECTION('',(0.,0.,-1.));
#1985 = DIRECTION('',(1.,0.,0.));
#1986 = PCURVE('',#100,#1987);
#1987 = DEFINITIONAL_REPRESENTATION('',(#1988),#1996);
#1988 = ( BOUNDED_CURVE() B_SPLINE_CURVE(2,(#1989,#1990,#1991,#1992,
#1993,#1994,#1995),.UNSPECIFIED.,.T.,.F.) B_SPLINE_CURVE_WITH_KNOTS((1,2
    ,2,2,2,1),(-2.094395102393,0.,2.094395102393,4.188790204786,
6.28318530718,8.377580409573),.UNSPECIFIED.) CURVE() 
GEOMETRIC_REPRESENTATION_ITEM() RATIONAL_B_SPLINE_CURVE((1.,0.5,1.,0.5,
1.,0.5,1.)) REPRESENTATION_ITEM('') );
#1989 = CARTESIAN_POINT('',(28.4,-15.));
#1990 = CARTESIAN_POINT('',(28.4,-17.42487113059));
#1991 = CARTESIAN_POINT('',(26.3,-16.21243556529));
#1992 = CARTESIAN_POINT('',(24.2,-15.));
#1993 = CARTESIAN_POINT('',(26.3,-13.7875644347));
#1994 = CARTESIAN_POINT('',(28.4,-12.5751288694));
#1995 = CARTESIAN_POINT('',(28.4,-15.));
#1996 = ( GEOMETRIC_REPRESENTATION_CONTEXT(2) 
PARAMETRIC_REPRESENTATION_CONTEXT() REPRESENTATION_CONTEXT('2D SPACE',''
  ) );
#1997 = PCURVE('',#776,#1998);
#1998 = DEFINITIONAL_REPRESENTATION('',(#1999),#2003);
#1999 = LINE('',#2000,#2001);
#2000 = CARTESIAN_POINT('',(-6.28318530718,-5.));
#2001 = VECTOR('',#2002,1.);
#2002 = DIRECTION('',(1.,-0.));
#2003 = ( GEOMETRIC_REPRESENTATION_CONTEXT(2) 
PARAMETRIC_REPRESENTATION_CONTEXT() REPRESENTATION_CONTEXT('2D SPACE',''
  ) );
#2004 = FACE_BOUND('',#2005,.T.);
#2005 = EDGE_LOOP('',(#2006));
#2006 = ORIENTED_EDGE('',*,*,#2007,.T.);
#2007 = EDGE_CURVE('',#2008,#2008,#2010,.T.);
#2008 = VERTEX_POINT('',#2009);
#2009 = CARTESIAN_POINT('',(-28.6,-17.,5.));
#2010 = SURFACE_CURVE('',#2011,(#2016,#2027),.PCURVE_S1.);
#2011 = CIRCLE('',#2012,1.4);
#2012 = AXIS2_PLACEMENT_3D('',#2013,#2014,#2015);
#2013 = CARTESIAN_POINT('',(-30.,-17.,5.));
#2014 = DIRECTION('',(0.,0.,-1.));
#2015 = DIRECTION('',(1.,0.,0.));
#2016 = PCURVE('',#100,#2017);
#2017 = DEFINITIONAL_REPRESENTATION('',(#2018),#2026);
#2018 = ( BOUNDED_CURVE() B_SPLINE_CURVE(2,(#2019,#2020,#2021,#2022,
#2023,#2024,#2025),.UNSPECIFIED.,.T.,.F.) B_SPLINE_CURVE_WITH_KNOTS((1,2
    ,2,2,2,1),(-2.094395102393,0.,2.094395102393,4.188790204786,
6.28318530718,8.377580409573),.UNSPECIFIED.) CURVE() 
GEOMETRIC_REPRESENTATION_ITEM() RATIONAL_B_SPLINE_CURVE((1.,0.5,1.,0.5,
1.,0.5,1.)) REPRESENTATION_ITEM('') );
#2019 = CARTESIAN_POINT('',(-28.6,-17.));
#2020 = CARTESIAN_POINT('',(-28.6,-19.42487113059));
#2021 = CARTESIAN_POINT('',(-30.7,-18.21243556529));
#2022 = CARTESIAN_POINT('',(-32.8,-17.));
#2023 = CARTESIAN_POINT('',(-30.7,-15.7875644347));
#2024 = CARTESIAN_POINT('',(-28.6,-14.5751288694));
#2025 = CARTESIAN_POINT('',(-28.6,-17.));
#2026 = ( GEOMETRIC_REPRESENTATION_CONTEXT(2) 
PARAMETRIC_REPRESENTATION_CONTEXT() REPRESENTATION_CONTEXT('2D SPACE',''
  ) );
#2027 = PCURVE('',#918,#2028);
#2028 = DEFINITIONAL_REPRESENTATION('',(#2029),#2033);
#2029 = LINE('',#2030,#2031);
#2030 = CARTESIAN_POINT('',(-6.28318530718,-5.));
#2031 = VECTOR('',#2032,1.);
#2032 = DIRECTION('',(1.,-0.));
#2033 = ( GEOMETRIC_REPRESENTATION_CONTEXT(2) 
PARAMETRIC_REPRESENTATION_CONTEXT() REPRESENTATION_CONTEXT('2D SPACE',''
  ) );
#2034 = FACE_BOUND('',#2035,.T.);
#2035 = EDGE_LOOP('',(#2036));
#2036 = ORIENTED_EDGE('',*,*,#2037,.T.);
#2037 = EDGE_CURVE('',#2038,#2038,#2040,.T.);
#2038 = VERTEX_POINT('',#2039);
#2039 = CARTESIAN_POINT('',(-28.6,-9.,5.));
#2040 = SURFACE_CURVE('',#2041,(#2046,#2057),.PCURVE_S1.);
#2041 = CIRCLE('',#2042,1.4);
#2042 = AXIS2_PLACEMENT_3D('',#2043,#2044,#2045);
#2043 = CARTESIAN_POINT('',(-30.,-9.,5.));
#2044 = DIRECTION('',(0.,0.,-1.));
#2045 = DIRECTION('',(1.,0.,0.));
#2046 = PCURVE('',#100,#2047);
#2047 = DEFINITIONAL_REPRESENTATION('',(#2048),#2056);
#2048 = ( BOUNDED_CURVE() B_SPLINE_CURVE(2,(#2049,#2050,#2051,#2052,
#2053,#2054,#2055),.UNSPECIFIED.,.T.,.F.) B_SPLINE_CURVE_WITH_KNOTS((1,2
    ,2,2,2,1),(-2.094395102393,0.,2.094395102393,4.188790204786,
6.28318530718,8.377580409573),.UNSPECIFIED.) CURVE() 
GEOMETRIC_REPRESENTATION_ITEM() RATIONAL_B_SPLINE_CURVE((1.,0.5,1.,0.5,
1.,0.5,1.)) REPRESENTATION_ITEM('') );
#2049 = CARTESIAN_POINT('',(-28.6,-9.));
#2050 = CARTESIAN_POINT('',(-28.6,-11.42487113059));
#2051 = CARTESIAN_POINT('',(-30.7,-10.21243556529));
#2052 = CARTESIAN_POINT('',(-32.8,-9.));
#2053 = CARTESIAN_POINT('',(-30.7,-7.787564434702));
#2054 = CARTESIAN_POINT('',(-28.6,-6.575128869404));
#2055 = CARTESIAN_POINT('',(-28.6,-9.));
#2056 = ( GEOMETRIC_REPRESENTATION_CONTEXT(2) 
PARAMETRIC_REPRESENTATION_CONTEXT() REPRESENTATION_CONTEXT('2D SPACE',''
  ) );
#2057 = PCURVE('',#949,#2058);
#2058 = DEFINITIONAL_REPRESENTATION('',(#2059),#2063);
#2059 = LINE('',#2060,#2061);
#2060 = CARTESIAN_POINT('',(-6.28318530718,-5.));
#2061 = VECTOR('',#2062,1.);
#2062 = DIRECTION('',(1.,-0.));
#2063 = ( GEOMETRIC_REPRESENTATION_CONTEXT(2) 
PARAMETRIC_REPRESENTATION_CONTEXT() REPRESENTATION_CONTEXT('2D SPACE',''
  ) );
#2064 = FACE_BOUND('',#2065,.T.);
#2065 = EDGE_LOOP('',(#2066));
#2066 = ORIENTED_EDGE('',*,*,#2067,.T.);
#2067 = EDGE_CURVE('',#2068,#2068,#2070,.T.);
#2068 = VERTEX_POINT('',#2069);
#2069 = CARTESIAN_POINT('',(-13.6,-13.,5.));
#2070 = SURFACE_CURVE('',#2071,(#2076,#2087),.PCURVE_S1.);
#2071 = CIRCLE('',#2072,1.4);
#2072 = AXIS2_PLACEMENT_3D('',#2073,#2074,#2075);
#2073 = CARTESIAN_POINT('',(-15.,-13.,5.));
#2074 = DIRECTION('',(0.,0.,-1.));
#2075 = DIRECTION('',(1.,0.,0.));
#2076 = PCURVE('',#100,#2077);
#2077 = DEFINITIONAL_REPRESENTATION('',(#2078),#2086);
#2078 = ( BOUNDED_CURVE() B_SPLINE_CURVE(2,(#2079,#2080,#2081,#2082,
#2083,#2084,#2085),.UNSPECIFIED.,.T.,.F.) B_SPLINE_CURVE_WITH_KNOTS((1,2
    ,2,2,2,1),(-2.094395102393,0.,2.094395102393,4.188790204786,
6.28318530718,8.377580409573),.UNSPECIFIED.) CURVE() 
GEOMETRIC_REPRESENTATION_ITEM() RATIONAL_B_SPLINE_CURVE((1.,0.5,1.,0.5,
1.,0.5,1.)) REPRESENTATION_ITEM('') );
#2079 = CARTESIAN_POINT('',(-13.6,-13.));
#2080 = CARTESIAN_POINT('',(-13.6,-15.42487113059));
#2081 = CARTESIAN_POINT('',(-15.7,-14.21243556529));
#2082 = CARTESIAN_POINT('',(-17.8,-13.));
#2083 = CARTESIAN_POINT('',(-15.7,-11.7875644347));
#2084 = CARTESIAN_POINT('',(-13.6,-10.5751288694));
#2085 = CARTESIAN_POINT('',(-13.6,-13.));
#2086 = ( GEOMETRIC_REPRESENTATION_CONTEXT(2) 
PARAMETRIC_REPRESENTATION_CONTEXT() REPRESENTATION_CONTEXT('2D SPACE',''
  ) );
#2087 = PCURVE('',#980,#2088);
#2088 = DEFINITIONAL_REPRESENTATION('',(#2089),#2093);
#2089 = LINE('',#2090,#2091);
#2090 = CARTESIAN_POINT('',(-6.28318530718,-5.));
#2091 = VECTOR('',#2092,1.);
#2092 = DIRECTION('',(1.,-0.));
#2093 = ( GEOMETRIC_REPRESENTATION_CONTEXT(2) 
PARAMETRIC_REPRESENTATION_CONTEXT() REPRESENTATION_CONTEXT('2D SPACE',''
  ) );
#2094 = FACE_BOUND('',#2095,.T.);
#2095 = EDGE_LOOP('',(#2096));
#2096 = ORIENTED_EDGE('',*,*,#2097,.T.);
#2097 = EDGE_CURVE('',#2098,#2098,#2100,.T.);
#2098 = VERTEX_POINT('',#2099);
#2099 = CARTESIAN_POINT('',(10.4,-30.,5.));
#2100 = SURFACE_CURVE('',#2101,(#2106,#2117),.PCURVE_S1.);
#2101 = CIRCLE('',#2102,1.4);
#2102 = AXIS2_PLACEMENT_3D('',#2103,#2104,#2105);
#2103 = CARTESIAN_POINT('',(9.,-30.,5.));
#2104 = DIRECTION('',(0.,0.,-1.));
#2105 = DIRECTION('',(1.,0.,0.));
#2106 = PCURVE('',#100,#2107);
#2107 = DEFINITIONAL_REPRESENTATION('',(#2108),#2116);
#2108 = ( BOUNDED_CURVE() B_SPLINE_CURVE(2,(#2109,#2110,#2111,#2112,
#2113,#2114,#2115),.UNSPECIFIED.,.T.,.F.) B_SPLINE_CURVE_WITH_KNOTS((1,2
    ,2,2,2,1),(-2.094395102393,0.,2.094395102393,4.188790204786,
6.28318530718,8.377580409573),.UNSPECIFIED.) CURVE() 
GEOMETRIC_REPRESENTATION_ITEM() RATIONAL_B_SPLINE_CURVE((1.,0.5,1.,0.5,
1.,0.5,1.)) REPRESENTATION_ITEM('') );
#2109 = CARTESIAN_POINT('',(10.4,-30.));
#2110 = CARTESIAN_POINT('',(10.4,-32.42487113059));
#2111 = CARTESIAN_POINT('',(8.3,-31.21243556529));
#2112 = CARTESIAN_POINT('',(6.2,-30.));
#2113 = CARTESIAN_POINT('',(8.3,-28.7875644347));
#2114 = CARTESIAN_POINT('',(10.4,-27.5751288694));
#2115 = CARTESIAN_POINT('',(10.4,-30.));
#2116 = ( GEOMETRIC_REPRESENTATION_CONTEXT(2) 
PARAMETRIC_REPRESENTATION_CONTEXT() REPRESENTATION_CONTEXT('2D SPACE',''
  ) );
#2117 = PCURVE('',#1011,#2118);
#2118 = DEFINITIONAL_REPRESENTATION('',(#2119),#2123);
#2119 = LINE('',#2120,#2121);
#2120 = CARTESIAN_POINT('',(-6.28318530718,-5.));
#2121 = VECTOR('',#2122,1.);
#2122 = DIRECTION('',(1.,-0.));
#2123 = ( GEOMETRIC_REPRESENTATION_CONTEXT(2) 
PARAMETRIC_REPRESENTATION_CONTEXT() REPRESENTATION_CONTEXT('2D SPACE',''
  ) );
#2124 = FACE_BOUND('',#2125,.T.);
#2125 = EDGE_LOOP('',(#2126));
#2126 = ORIENTED_EDGE('',*,*,#2127,.T.);
#2127 = EDGE_CURVE('',#2128,#2128,#2130,.T.);
#2128 = VERTEX_POINT('',#2129);
#2129 = CARTESIAN_POINT('',(18.4,-30.,5.));
#2130 = SURFACE_CURVE('',#2131,(#2136,#2147),.PCURVE_S1.);
#2131 = CIRCLE('',#2132,1.4);
#2132 = AXIS2_PLACEMENT_3D('',#2133,#2134,#2135);
#2133 = CARTESIAN_POINT('',(17.,-30.,5.));
#2134 = DIRECTION('',(0.,0.,-1.));
#2135 = DIRECTION('',(1.,0.,0.));
#2136 = PCURVE('',#100,#2137);
#2137 = DEFINITIONAL_REPRESENTATION('',(#2138),#2146);
#2138 = ( BOUNDED_CURVE() B_SPLINE_CURVE(2,(#2139,#2140,#2141,#2142,
#2143,#2144,#2145),.UNSPECIFIED.,.T.,.F.) B_SPLINE_CURVE_WITH_KNOTS((1,2
    ,2,2,2,1),(-2.094395102393,0.,2.094395102393,4.188790204786,
6.28318530718,8.377580409573),.UNSPECIFIED.) CURVE() 
GEOMETRIC_REPRESENTATION_ITEM() RATIONAL_B_SPLINE_CURVE((1.,0.5,1.,0.5,
1.,0.5,1.)) REPRESENTATION_ITEM('') );
#2139 = CARTESIAN_POINT('',(18.4,-30.));
#2140 = CARTESIAN_POINT('',(18.4,-32.42487113059));
#2141 = CARTESIAN_POINT('',(16.3,-31.21243556529));
#2142 = CARTESIAN_POINT('',(14.2,-30.));
#2143 = CARTESIAN_POINT('',(16.3,-28.7875644347));
#2144 = CARTESIAN_POINT('',(18.4,-27.5751288694));
#2145 = CARTESIAN_POINT('',(18.4,-30.));
#2146 = ( GEOMETRIC_REPRESENTATION_CONTEXT(2) 
PARAMETRIC_REPRESENTATION_CONTEXT() REPRESENTATION_CONTEXT('2D SPACE',''
  ) );
#2147 = PCURVE('',#1042,#2148);
#2148 = DEFINITIONAL_REPRESENTATION('',(#2149),#2153);
#2149 = LINE('',#2150,#2151);
#2150 = CARTESIAN_POINT('',(-6.28318530718,-5.));
#2151 = VECTOR('',#2152,1.);
#2152 = DIRECTION('',(1.,-0.));
#2153 = ( GEOMETRIC_REPRESENTATION_CONTEXT(2) 
PARAMETRIC_REPRESENTATION_CONTEXT() REPRESENTATION_CONTEXT('2D SPACE',''
  ) );
#2154 = FACE_BOUND('',#2155,.T.);
#2155 = EDGE_LOOP('',(#2156));
#2156 = ORIENTED_EDGE('',*,*,#2157,.T.);
#2157 = EDGE_CURVE('',#2158,#2158,#2160,.T.);
#2158 = VERTEX_POINT('',#2159);
#2159 = CARTESIAN_POINT('',(14.4,-15.,5.));
#2160 = SURFACE_CURVE('',#2161,(#2166,#2177),.PCURVE_S1.);
#2161 = CIRCLE('',#2162,1.4);
#2162 = AXIS2_PLACEMENT_3D('',#2163,#2164,#2165);
#2163 = CARTESIAN_POINT('',(13.,-15.,5.));
#2164 = DIRECTION('',(0.,0.,-1.));
#2165 = DIRECTION('',(1.,0.,0.));
#2166 = PCURVE('',#100,#2167);
#2167 = DEFINITIONAL_REPRESENTATION('',(#2168),#2176);
#2168 = ( BOUNDED_CURVE() B_SPLINE_CURVE(2,(#2169,#2170,#2171,#2172,
#2173,#2174,#2175),.UNSPECIFIED.,.T.,.F.) B_SPLINE_CURVE_WITH_KNOTS((1,2
    ,2,2,2,1),(-2.094395102393,0.,2.094395102393,4.188790204786,
6.28318530718,8.377580409573),.UNSPECIFIED.) CURVE() 
GEOMETRIC_REPRESENTATION_ITEM() RATIONAL_B_SPLINE_CURVE((1.,0.5,1.,0.5,
1.,0.5,1.)) REPRESENTATION_ITEM('') );
#2169 = CARTESIAN_POINT('',(14.4,-15.));
#2170 = CARTESIAN_POINT('',(14.4,-17.42487113059));
#2171 = CARTESIAN_POINT('',(12.3,-16.21243556529));
#2172 = CARTESIAN_POINT('',(10.2,-15.));
#2173 = CARTESIAN_POINT('',(12.3,-13.7875644347));
#2174 = CARTESIAN_POINT('',(14.4,-12.5751288694));
#2175 = CARTESIAN_POINT('',(14.4,-15.));
#2176 = ( GEOMETRIC_REPRESENTATION_CONTEXT(2) 
PARAMETRIC_REPRESENTATION_CONTEXT() REPRESENTATION_CONTEXT('2D SPACE',''
  ) );
#2177 = PCURVE('',#1073,#2178);
#2178 = DEFINITIONAL_REPRESENTATION('',(#2179),#2183);
#2179 = LINE('',#2180,#2181);
#2180 = CARTESIAN_POINT('',(-6.28318530718,-5.));
#2181 = VECTOR('',#2182,1.);
#2182 = DIRECTION('',(1.,-0.));
#2183 = ( GEOMETRIC_REPRESENTATION_CONTEXT(2) 
PARAMETRIC_REPRESENTATION_CONTEXT() REPRESENTATION_CONTEXT('2D SPACE',''
  ) );
#2184 = FACE_BOUND('',#2185,.T.);
#2185 = EDGE_LOOP('',(#2186));
#2186 = ORIENTED_EDGE('',*,*,#2187,.T.);
#2187 = EDGE_CURVE('',#2188,#2188,#2190,.T.);
#2188 = VERTEX_POINT('',#2189);
#2189 = CARTESIAN_POINT('',(-11.6,15.,5.));
#2190 = SURFACE_CURVE('',#2191,(#2196,#2207),.PCURVE_S1.);
#2191 = CIRCLE('',#2192,1.4);
#2192 = AXIS2_PLACEMENT_3D('',#2193,#2194,#2195);
#2193 = CARTESIAN_POINT('',(-13.,15.,5.));
#2194 = DIRECTION('',(0.,0.,-1.));
#2195 = DIRECTION('',(1.,0.,0.));
#2196 = PCURVE('',#100,#2197);
#2197 = DEFINITIONAL_REPRESENTATION('',(#2198),#2206);
#2198 = ( BOUNDED_CURVE() B_SPLINE_CURVE(2,(#2199,#2200,#2201,#2202,
#2203,#2204,#2205),.UNSPECIFIED.,.T.,.F.) B_SPLINE_CURVE_WITH_KNOTS((1,2
    ,2,2,2,1),(-2.094395102393,0.,2.094395102393,4.188790204786,
6.28318530718,8.377580409573),.UNSPECIFIED.) CURVE() 
GEOMETRIC_REPRESENTATION_ITEM() RATIONAL_B_SPLINE_CURVE((1.,0.5,1.,0.5,
1.,0.5,1.)) REPRESENTATION_ITEM('') );
#2199 = CARTESIAN_POINT('',(-11.6,15.));
#2200 = CARTESIAN_POINT('',(-11.6,12.575128869404));
#2201 = CARTESIAN_POINT('',(-13.7,13.787564434702));
#2202 = CARTESIAN_POINT('',(-15.8,15.));
#2203 = CARTESIAN_POINT('',(-13.7,16.212435565298));
#2204 = CARTESIAN_POINT('',(-11.6,17.424871130596));
#2205 = CARTESIAN_POINT('',(-11.6,15.));
#2206 = ( GEOMETRIC_REPRESENTATION_CONTEXT(2) 
PARAMETRIC_REPRESENTATION_CONTEXT() REPRESENTATION_CONTEXT('2D SPACE',''
  ) );
#2207 = PCURVE('',#1104,#2208);
#2208 = DEFINITIONAL_REPRESENTATION('',(#2209),#2213);
#2209 = LINE('',#2210,#2211);
#2210 = CARTESIAN_POINT('',(-6.28318530718,-5.));
#2211 = VECTOR('',#2212,1.);
#2212 = DIRECTION('',(1.,-0.));
#2213 = ( GEOMETRIC_REPRESENTATION_CONTEXT(2) 
PARAMETRIC_REPRESENTATION_CONTEXT() REPRESENTATION_CONTEXT('2D SPACE',''
  ) );
#2214 = FACE_BOUND('',#2215,.T.);
#2215 = EDGE_LOOP('',(#2216));
#2216 = ORIENTED_EDGE('',*,*,#2217,.T.);
#2217 = EDGE_CURVE('',#2218,#2218,#2220,.T.);
#2218 = VERTEX_POINT('',#2219);
#2219 = CARTESIAN_POINT('',(-15.6,30.,5.));
#2220 = SURFACE_CURVE('',#2221,(#2226,#2237),.PCURVE_S1.);
#2221 = CIRCLE('',#2222,1.4);
#2222 = AXIS2_PLACEMENT_3D('',#2223,#2224,#2225);
#2223 = CARTESIAN_POINT('',(-17.,30.,5.));
#2224 = DIRECTION('',(0.,0.,-1.));
#2225 = DIRECTION('',(1.,0.,0.));
#2226 = PCURVE('',#100,#2227);
#2227 = DEFINITIONAL_REPRESENTATION('',(#2228),#2236);
#2228 = ( BOUNDED_CURVE() B_SPLINE_CURVE(2,(#2229,#2230,#2231,#2232,
#2233,#2234,#2235),.UNSPECIFIED.,.T.,.F.) B_SPLINE_CURVE_WITH_KNOTS((1,2
    ,2,2,2,1),(-2.094395102393,0.,2.094395102393,4.188790204786,
6.28318530718,8.377580409573),.UNSPECIFIED.) CURVE() 
GEOMETRIC_REPRESENTATION_ITEM() RATIONAL_B_SPLINE_CURVE((1.,0.5,1.,0.5,
1.,0.5,1.)) REPRESENTATION_ITEM('') );
#2229 = CARTESIAN_POINT('',(-15.6,30.));
#2230 = CARTESIAN_POINT('',(-15.6,27.575128869404));
#2231 = CARTESIAN_POINT('',(-17.7,28.787564434702));
#2232 = CARTESIAN_POINT('',(-19.8,30.));
#2233 = CARTESIAN_POINT('',(-17.7,31.212435565298));
#2234 = CARTESIAN_POINT('',(-15.6,32.424871130596));
#2235 = CARTESIAN_POINT('',(-15.6,30.));
#2236 = ( GEOMETRIC_REPRESENTATION_CONTEXT(2) 
PARAMETRIC_REPRESENTATION_CONTEXT() REPRESENTATION_CONTEXT('2D SPACE',''
  ) );
#2237 = PCURVE('',#1135,#2238);
#2238 = DEFINITIONAL_REPRESENTATION('',(#2239),#2243);
#2239 = LINE('',#2240,#2241);
#2240 = CARTESIAN_POINT('',(-6.28318530718,-5.));
#2241 = VECTOR('',#2242,1.);
#2242 = DIRECTION('',(1.,-0.));
#2243 = ( GEOMETRIC_REPRESENTATION_CONTEXT(2) 
PARAMETRIC_REPRESENTATION_CONTEXT() REPRESENTATION_CONTEXT('2D SPACE',''
  ) );
#2244 = FACE_BOUND('',#2245,.T.);
#2245 = EDGE_LOOP('',(#2246));
#2246 = ORIENTED_EDGE('',*,*,#2247,.T.);
#2247 = EDGE_CURVE('',#2248,#2248,#2250,.T.);
#2248 = VERTEX_POINT('',#2249);
#2249 = CARTESIAN_POINT('',(-7.6,30.,5.));
#2250 = SURFACE_CURVE('',#2251,(#2256,#2267),.PCURVE_S1.);
#2251 = CIRCLE('',#2252,1.4);
#2252 = AXIS2_PLACEMENT_3D('',#2253,#2254,#2255);
#2253 = CARTESIAN_POINT('',(-9.,30.,5.));
#2254 = DIRECTION('',(0.,0.,-1.));
#2255 = DIRECTION('',(1.,0.,0.));
#2256 = PCURVE('',#100,#2257);
#2257 = DEFINITIONAL_REPRESENTATION('',(#2258),#2266);
#2258 = ( BOUNDED_CURVE() B_SPLINE_CURVE(2,(#2259,#2260,#2261,#2262,
#2263,#2264,#2265),.UNSPECIFIED.,.T.,.F.) B_SPLINE_CURVE_WITH_KNOTS((1,2
    ,2,2,2,1),(-2.094395102393,0.,2.094395102393,4.188790204786,
6.28318530718,8.377580409573),.UNSPECIFIED.) CURVE() 
GEOMETRIC_REPRESENTATION_ITEM() RATIONAL_B_SPLINE_CURVE((1.,0.5,1.,0.5,
1.,0.5,1.)) REPRESENTATION_ITEM('') );
#2259 = CARTESIAN_POINT('',(-7.6,30.));
#2260 = CARTESIAN_POINT('',(-7.6,27.575128869404));
#2261 = CARTESIAN_POINT('',(-9.7,28.787564434702));
#2262 = CARTESIAN_POINT('',(-11.8,30.));
#2263 = CARTESIAN_POINT('',(-9.7,31.212435565298));
#2264 = CARTESIAN_POINT('',(-7.6,32.424871130596));
#2265 = CARTESIAN_POINT('',(-7.6,30.));
#2266 = ( GEOMETRIC_REPRESENTATION_CONTEXT(2) 
PARAMETRIC_REPRESENTATION_CONTEXT() REPRESENTATION_CONTEXT('2D SPACE',''
  ) );
#2267 = PCURVE('',#1166,#2268);
#2268 = DEFINITIONAL_REPRESENTATION('',(#2269),#2273);
#2269 = LINE('',#2270,#2271);
#2270 = CARTESIAN_POINT('',(-6.28318530718,-5.));
#2271 = VECTOR('',#2272,1.);
#2272 = DIRECTION('',(1.,-0.));
#2273 = ( GEOMETRIC_REPRESENTATION_CONTEXT(2) 
PARAMETRIC_REPRESENTATION_CONTEXT() REPRESENTATION_CONTEXT('2D SPACE',''
  ) );
#2274 = FACE_BOUND('',#2275,.T.);
#2275 = EDGE_LOOP('',(#2276));
#2276 = ORIENTED_EDGE('',*,*,#2277,.F.);
#2277 = EDGE_CURVE('',#2278,#2278,#2280,.T.);
#2278 = VERTEX_POINT('',#2279);
#2279 = CARTESIAN_POINT('',(9.,0.,5.));
#2280 = SURFACE_CURVE('',#2281,(#2286,#2293),.PCURVE_S1.);
#2281 = CIRCLE('',#2282,9.);
#2282 = AXIS2_PLACEMENT_3D('',#2283,#2284,#2285);
#2283 = CARTESIAN_POINT('',(0.,0.,5.));
#2284 = DIRECTION('',(0.,0.,1.));
#2285 = DIRECTION('',(1.,0.,0.));
#2286 = PCURVE('',#100,#2287);
#2287 = DEFINITIONAL_REPRESENTATION('',(#2288),#2292);
#2288 = CIRCLE('',#2289,9.);
#2289 = AXIS2_PLACEMENT_2D('',#2290,#2291);
#2290 = CARTESIAN_POINT('',(7.416624447671E-16,-1.762413759907E-15));
#2291 = DIRECTION('',(1.,0.));
#2292 = ( GEOMETRIC_REPRESENTATION_CONTEXT(2) 
PARAMETRIC_REPRESENTATION_CONTEXT() REPRESENTATION_CONTEXT('2D SPACE',''
  ) );
#2293 = PCURVE('',#2294,#2299);
#2294 = CYLINDRICAL_SURFACE('',#2295,9.);
#2295 = AXIS2_PLACEMENT_3D('',#2296,#2297,#2298);
#2296 = CARTESIAN_POINT('',(0.,0.,5.));
#2297 = DIRECTION('',(-0.,-0.,-1.));
#2298 = DIRECTION('',(1.,0.,0.));
#2299 = DEFINITIONAL_REPRESENTATION('',(#2300),#2304);
#2300 = LINE('',#2301,#2302);
#2301 = CARTESIAN_POINT('',(-0.,0.));
#2302 = VECTOR('',#2303,1.);
#2303 = DIRECTION('',(-1.,0.));
#2304 = ( GEOMETRIC_REPRESENTATION_CONTEXT(2) 
PARAMETRIC_REPRESENTATION_CONTEXT() REPRESENTATION_CONTEXT('2D SPACE',''
  ) );
#2305 = FACE_BOUND('',#2306,.T.);
#2306 = EDGE_LOOP('',(#2307));
#2307 = ORIENTED_EDGE('',*,*,#2308,.T.);
#2308 = EDGE_CURVE('',#2309,#2309,#2311,.T.);
#2309 = VERTEX_POINT('',#2310);
#2310 = CARTESIAN_POINT('',(16.4,13.,5.));
#2311 = SURFACE_CURVE('',#2312,(#2317,#2328),.PCURVE_S1.);
#2312 = CIRCLE('',#2313,1.4);
#2313 = AXIS2_PLACEMENT_3D('',#2314,#2315,#2316);
#2314 = CARTESIAN_POINT('',(15.,13.,5.));
#2315 = DIRECTION('',(0.,0.,-1.));
#2316 = DIRECTION('',(1.,0.,0.));
#2317 = PCURVE('',#100,#2318);
#2318 = DEFINITIONAL_REPRESENTATION('',(#2319),#2327);
#2319 = ( BOUNDED_CURVE() B_SPLINE_CURVE(2,(#2320,#2321,#2322,#2323,
#2324,#2325,#2326),.UNSPECIFIED.,.T.,.F.) B_SPLINE_CURVE_WITH_KNOTS((1,2
    ,2,2,2,1),(-2.094395102393,0.,2.094395102393,4.188790204786,
6.28318530718,8.377580409573),.UNSPECIFIED.) CURVE() 
GEOMETRIC_REPRESENTATION_ITEM() RATIONAL_B_SPLINE_CURVE((1.,0.5,1.,0.5,
1.,0.5,1.)) REPRESENTATION_ITEM('') );
#2320 = CARTESIAN_POINT('',(16.4,13.));
#2321 = CARTESIAN_POINT('',(16.4,10.575128869404));
#2322 = CARTESIAN_POINT('',(14.3,11.787564434702));
#2323 = CARTESIAN_POINT('',(12.2,13.));
#2324 = CARTESIAN_POINT('',(14.3,14.212435565298));
#2325 = CARTESIAN_POINT('',(16.4,15.424871130596));
#2326 = CARTESIAN_POINT('',(16.4,13.));
#2327 = ( GEOMETRIC_REPRESENTATION_CONTEXT(2) 
PARAMETRIC_REPRESENTATION_CONTEXT() REPRESENTATION_CONTEXT('2D SPACE',''
  ) );
#2328 = PCURVE('',#1228,#2329);
#2329 = DEFINITIONAL_REPRESENTATION('',(#2330),#2334);
#2330 = LINE('',#2331,#2332);
#2331 = CARTESIAN_POINT('',(-6.28318530718,-5.));
#2332 = VECTOR('',#2333,1.);
#2333 = DIRECTION('',(1.,-0.));
#2334 = ( GEOMETRIC_REPRESENTATION_CONTEXT(2) 
PARAMETRIC_REPRESENTATION_CONTEXT() REPRESENTATION_CONTEXT('2D SPACE',''
  ) );
#2335 = FACE_BOUND('',#2336,.T.);
#2336 = EDGE_LOOP('',(#2337));
#2337 = ORIENTED_EDGE('',*,*,#2338,.T.);
#2338 = EDGE_CURVE('',#2339,#2339,#2341,.T.);
#2339 = VERTEX_POINT('',#2340);
#2340 = CARTESIAN_POINT('',(31.4,9.,5.));
#2341 = SURFACE_CURVE('',#2342,(#2347,#2358),.PCURVE_S1.);
#2342 = CIRCLE('',#2343,1.4);
#2343 = AXIS2_PLACEMENT_3D('',#2344,#2345,#2346);
#2344 = CARTESIAN_POINT('',(30.,9.,5.));
#2345 = DIRECTION('',(0.,0.,-1.));
#2346 = DIRECTION('',(1.,0.,0.));
#2347 = PCURVE('',#100,#2348);
#2348 = DEFINITIONAL_REPRESENTATION('',(#2349),#2357);
#2349 = ( BOUNDED_CURVE() B_SPLINE_CURVE(2,(#2350,#2351,#2352,#2353,
#2354,#2355,#2356),.UNSPECIFIED.,.T.,.F.) B_SPLINE_CURVE_WITH_KNOTS((1,2
    ,2,2,2,1),(-2.094395102393,0.,2.094395102393,4.188790204786,
6.28318530718,8.377580409573),.UNSPECIFIED.) CURVE() 
GEOMETRIC_REPRESENTATION_ITEM() RATIONAL_B_SPLINE_CURVE((1.,0.5,1.,0.5,
1.,0.5,1.)) REPRESENTATION_ITEM('') );
#2350 = CARTESIAN_POINT('',(31.4,9.));
#2351 = CARTESIAN_POINT('',(31.4,6.575128869404));
#2352 = CARTESIAN_POINT('',(29.3,7.787564434702));
#2353 = CARTESIAN_POINT('',(27.2,9.));
#2354 = CARTESIAN_POINT('',(29.3,10.212435565298));
#2355 = CARTESIAN_POINT('',(31.4,11.424871130596));
#2356 = CARTESIAN_POINT('',(31.4,9.));
#2357 = ( GEOMETRIC_REPRESENTATION_CONTEXT(2) 
PARAMETRIC_REPRESENTATION_CONTEXT() REPRESENTATION_CONTEXT('2D SPACE',''
  ) );
#2358 = PCURVE('',#1259,#2359);
#2359 = DEFINITIONAL_REPRESENTATION('',(#2360),#2364);
#2360 = LINE('',#2361,#2362);
#2361 = CARTESIAN_POINT('',(-6.28318530718,-5.));
#2362 = VECTOR('',#2363,1.);
#2363 = DIRECTION('',(1.,-0.));
#2364 = ( GEOMETRIC_REPRESENTATION_CONTEXT(2) 
PARAMETRIC_REPRESENTATION_CONTEXT() REPRESENTATION_CONTEXT('2D SPACE',''
  ) );
#2365 = FACE_BOUND('',#2366,.T.);
#2366 = EDGE_LOOP('',(#2367));
#2367 = ORIENTED_EDGE('',*,*,#2368,.T.);
#2368 = EDGE_CURVE('',#2369,#2369,#2371,.T.);
#2369 = VERTEX_POINT('',#2370);
#2370 = CARTESIAN_POINT('',(31.4,17.,5.));
#2371 = SURFACE_CURVE('',#2372,(#2377,#2388),.PCURVE_S1.);
#2372 = CIRCLE('',#2373,1.4);
#2373 = AXIS2_PLACEMENT_3D('',#2374,#2375,#2376);
#2374 = CARTESIAN_POINT('',(30.,17.,5.));
#2375 = DIRECTION('',(0.,0.,-1.));
#2376 = DIRECTION('',(1.,0.,0.));
#2377 = PCURVE('',#100,#2378);
#2378 = DEFINITIONAL_REPRESENTATION('',(#2379),#2387);
#2379 = ( BOUNDED_CURVE() B_SPLINE_CURVE(2,(#2380,#2381,#2382,#2383,
#2384,#2385,#2386),.UNSPECIFIED.,.T.,.F.) B_SPLINE_CURVE_WITH_KNOTS((1,2
    ,2,2,2,1),(-2.094395102393,0.,2.094395102393,4.188790204786,
6.28318530718,8.377580409573),.UNSPECIFIED.) CURVE() 
GEOMETRIC_REPRESENTATION_ITEM() RATIONAL_B_SPLINE_CURVE((1.,0.5,1.,0.5,
1.,0.5,1.)) REPRESENTATION_ITEM('') );
#2380 = CARTESIAN_POINT('',(31.4,17.));
#2381 = CARTESIAN_POINT('',(31.4,14.575128869404));
#2382 = CARTESIAN_POINT('',(29.3,15.787564434702));
#2383 = CARTESIAN_POINT('',(27.2,17.));
#2384 = CARTESIAN_POINT('',(29.3,18.212435565298));
#2385 = CARTESIAN_POINT('',(31.4,19.424871130596));
#2386 = CARTESIAN_POINT('',(31.4,17.));
#2387 = ( GEOMETRIC_REPRESENTATION_CONTEXT(2) 
PARAMETRIC_REPRESENTATION_CONTEXT() REPRESENTATION_CONTEXT('2D SPACE',''
  ) );
#2388 = PCURVE('',#1290,#2389);
#2389 = DEFINITIONAL_REPRESENTATION('',(#2390),#2394);
#2390 = LINE('',#2391,#2392);
#2391 = CARTESIAN_POINT('',(-6.28318530718,-5.));
#2392 = VECTOR('',#2393,1.);
#2393 = DIRECTION('',(1.,-0.));
#2394 = ( GEOMETRIC_REPRESENTATION_CONTEXT(2) 
PARAMETRIC_REPRESENTATION_CONTEXT() REPRESENTATION_CONTEXT('2D SPACE',''
  ) );
#2395 = ADVANCED_FACE('',(#2396),#72,.F.);
#2396 = FACE_BOUND('',#2397,.F.);
#2397 = EDGE_LOOP('',(#2398,#2399,#2400,#2401));
#2398 = ORIENTED_EDGE('',*,*,#1456,.F.);
#2399 = ORIENTED_EDGE('',*,*,#57,.T.);
#2400 = ORIENTED_EDGE('',*,*,#143,.T.);
#2401 = ORIENTED_EDGE('',*,*,#2402,.T.);
#2402 = EDGE_CURVE('',#144,#1434,#2403,.T.);
#2403 = SURFACE_CURVE('',#2404,(#2408,#2415),.PCURVE_S1.);
#2404 = LINE('',#2405,#2406);
#2405 = CARTESIAN_POINT('',(24.,19.,0.));
#2406 = VECTOR('',#2407,1.);
#2407 = DIRECTION('',(0.,0.,1.));
#2408 = PCURVE('',#72,#2409);
#2409 = DEFINITIONAL_REPRESENTATION('',(#2410),#2414);
#2410 = LINE('',#2411,#2412);
#2411 = CARTESIAN_POINT('',(0.,-12.));
#2412 = VECTOR('',#2413,1.);
#2413 = DIRECTION('',(1.,0.));
#2414 = ( GEOMETRIC_REPRESENTATION_CONTEXT(2) 
PARAMETRIC_REPRESENTATION_CONTEXT() REPRESENTATION_CONTEXT('2D SPACE',''
  ) );
#2415 = PCURVE('',#887,#2416);
#2416 = DEFINITIONAL_REPRESENTATION('',(#2417),#2421);
#2417 = LINE('',#2418,#2419);
#2418 = CARTESIAN_POINT('',(0.,0.));
#2419 = VECTOR('',#2420,1.);
#2420 = DIRECTION('',(1.,0.));
#2421 = ( GEOMETRIC_REPRESENTATION_CONTEXT(2) 
PARAMETRIC_REPRESENTATION_CONTEXT() REPRESENTATION_CONTEXT('2D SPACE',''
  ) );
#2422 = ADVANCED_FACE('',(#2423),#887,.T.);
#2423 = FACE_BOUND('',#2424,.T.);
#2424 = EDGE_LOOP('',(#2425,#2426,#2427,#2428));
#2425 = ORIENTED_EDGE('',*,*,#873,.F.);
#2426 = ORIENTED_EDGE('',*,*,#2402,.T.);
#2427 = ORIENTED_EDGE('',*,*,#1433,.T.);
#2428 = ORIENTED_EDGE('',*,*,#2429,.F.);
#2429 = EDGE_CURVE('',#846,#1411,#2430,.T.);
#2430 = SURFACE_CURVE('',#2431,(#2435,#2442),.PCURVE_S1.);
#2431 = LINE('',#2432,#2433);
#2432 = CARTESIAN_POINT('',(38.,19.,0.));
#2433 = VECTOR('',#2434,1.);
#2434 = DIRECTION('',(0.,0.,1.));
#2435 = PCURVE('',#887,#2436);
#2436 = DEFINITIONAL_REPRESENTATION('',(#2437),#2441);
#2437 = LINE('',#2438,#2439);
#2438 = CARTESIAN_POINT('',(0.,14.));
#2439 = VECTOR('',#2440,1.);
#2440 = DIRECTION('',(1.,0.));
#2441 = ( GEOMETRIC_REPRESENTATION_CONTEXT(2) 
PARAMETRIC_REPRESENTATION_CONTEXT() REPRESENTATION_CONTEXT('2D SPACE',''
  ) );
#2442 = PCURVE('',#861,#2443);
#2443 = DEFINITIONAL_REPRESENTATION('',(#2444),#2448);
#2444 = LINE('',#2445,#2446);
#2445 = CARTESIAN_POINT('',(0.,-12.));
#2446 = VECTOR('',#2447,1.);
#2447 = DIRECTION('',(1.,0.));
#2448 = ( GEOMETRIC_REPRESENTATION_CONTEXT(2) 
PARAMETRIC_REPRESENTATION_CONTEXT() REPRESENTATION_CONTEXT('2D SPACE',''
  ) );
#2449 = ADVANCED_FACE('',(#2450),#861,.T.);
#2450 = FACE_BOUND('',#2451,.T.);
#2451 = EDGE_LOOP('',(#2452,#2473,#2474,#2475));
#2452 = ORIENTED_EDGE('',*,*,#2453,.F.);
#2453 = EDGE_CURVE('',#818,#1388,#2454,.T.);
#2454 = SURFACE_CURVE('',#2455,(#2459,#2466),.PCURVE_S1.);
#2455 = LINE('',#2456,#2457);
#2456 = CARTESIAN_POINT('',(38.,7.,0.));
#2457 = VECTOR('',#2458,1.);
#2458 = DIRECTION('',(0.,0.,1.));
#2459 = PCURVE('',#861,#2460);
#2460 = DEFINITIONAL_REPRESENTATION('',(#2461),#2465);
#2461 = LINE('',#2462,#2463);
#2462 = CARTESIAN_POINT('',(0.,0.));
#2463 = VECTOR('',#2464,1.);
#2464 = DIRECTION('',(1.,0.));
#2465 = ( GEOMETRIC_REPRESENTATION_CONTEXT(2) 
PARAMETRIC_REPRESENTATION_CONTEXT() REPRESENTATION_CONTEXT('2D SPACE',''
  ) );
#2466 = PCURVE('',#833,#2467);
#2467 = DEFINITIONAL_REPRESENTATION('',(#2468),#2472);
#2468 = LINE('',#2469,#2470);
#2469 = CARTESIAN_POINT('',(0.,14.));
#2470 = VECTOR('',#2471,1.);
#2471 = DIRECTION('',(1.,0.));
#2472 = ( GEOMETRIC_REPRESENTATION_CONTEXT(2) 
PARAMETRIC_REPRESENTATION_CONTEXT() REPRESENTATION_CONTEXT('2D SPACE',''
  ) );
#2473 = ORIENTED_EDGE('',*,*,#845,.T.);
#2474 = ORIENTED_EDGE('',*,*,#2429,.T.);
#2475 = ORIENTED_EDGE('',*,*,#1410,.F.);
#2476 = ADVANCED_FACE('',(#2477),#208,.T.);
#2477 = FACE_BOUND('',#2478,.F.);
#2478 = EDGE_LOOP('',(#2479,#2480,#2481,#2482));
#2479 = ORIENTED_EDGE('',*,*,#191,.F.);
#2480 = ORIENTED_EDGE('',*,*,#1306,.F.);
#2481 = ORIENTED_EDGE('',*,*,#1479,.F.);
#2482 = ORIENTED_EDGE('',*,*,#2483,.T.);
#2483 = EDGE_CURVE('',#1480,#192,#2484,.T.);
#2484 = SURFACE_CURVE('',#2485,(#2489,#2495),.PCURVE_S1.);
#2485 = LINE('',#2486,#2487);
#2486 = CARTESIAN_POINT('',(-7.,28.657459761814,0.));
#2487 = VECTOR('',#2488,1.);
#2488 = DIRECTION('',(-0.,-0.,-1.));
#2489 = PCURVE('',#208,#2490);
#2490 = DEFINITIONAL_REPRESENTATION('',(#2491),#2494);
#2491 = B_SPLINE_CURVE_WITH_KNOTS('',1,(#2492,#2493),.UNSPECIFIED.,.F.,
  .F.,(2,2),(-5.0000006,6.E-07),.PIECEWISE_BEZIER_KNOTS.);
#2492 = CARTESIAN_POINT('',(-1.810369627523,-5.0000006));
#2493 = CARTESIAN_POINT('',(-1.810369627523,6.E-07));
#2494 = ( GEOMETRIC_REPRESENTATION_CONTEXT(2) 
PARAMETRIC_REPRESENTATION_CONTEXT() REPRESENTATION_CONTEXT('2D SPACE',''
  ) );
#2495 = PCURVE('',#236,#2496);
#2496 = DEFINITIONAL_REPRESENTATION('',(#2497),#2500);
#2497 = B_SPLINE_CURVE_WITH_KNOTS('',1,(#2498,#2499),.UNSPECIFIED.,.F.,
  .F.,(2,2),(-5.0000006,6.E-07),.PIECEWISE_BEZIER_KNOTS.);
#2498 = CARTESIAN_POINT('',(5.0000006,4.657459761814));
#2499 = CARTESIAN_POINT('',(-6.E-07,4.657459761814));
#2500 = ( GEOMETRIC_REPRESENTATION_CONTEXT(2) 
PARAMETRIC_REPRESENTATION_CONTEXT() REPRESENTATION_CONTEXT('2D SPACE',''
  ) );
#2501 = ADVANCED_FACE('',(#2502),#833,.F.);
#2502 = FACE_BOUND('',#2503,.F.);
#2503 = EDGE_LOOP('',(#2504,#2505,#2524,#2525));
#2504 = ORIENTED_EDGE('',*,*,#817,.F.);
#2505 = ORIENTED_EDGE('',*,*,#2506,.F.);
#2506 = EDGE_CURVE('',#1358,#789,#2507,.T.);
#2507 = SURFACE_CURVE('',#2508,(#2512,#2518),.PCURVE_S1.);
#2508 = LINE('',#2509,#2510);
#2509 = CARTESIAN_POINT('',(28.657459761814,7.,0.));
#2510 = VECTOR('',#2511,1.);
#2511 = DIRECTION('',(-0.,-0.,-1.));
#2512 = PCURVE('',#833,#2513);
#2513 = DEFINITIONAL_REPRESENTATION('',(#2514),#2517);
#2514 = B_SPLINE_CURVE_WITH_KNOTS('',1,(#2515,#2516),.UNSPECIFIED.,.F.,
  .F.,(2,2),(-5.0000006,6.E-07),.PIECEWISE_BEZIER_KNOTS.);
#2515 = CARTESIAN_POINT('',(5.0000006,4.657459761814));
#2516 = CARTESIAN_POINT('',(-6.E-07,4.657459761814));
#2517 = ( GEOMETRIC_REPRESENTATION_CONTEXT(2) 
PARAMETRIC_REPRESENTATION_CONTEXT() REPRESENTATION_CONTEXT('2D SPACE',''
  ) );
#2518 = PCURVE('',#805,#2519);
#2519 = DEFINITIONAL_REPRESENTATION('',(#2520),#2523);
#2520 = B_SPLINE_CURVE_WITH_KNOTS('',1,(#2521,#2522),.UNSPECIFIED.,.F.,
  .F.,(2,2),(-5.,0.),.PIECEWISE_BEZIER_KNOTS.);
#2521 = CARTESIAN_POINT('',(-6.522758607907,-5.));
#2522 = CARTESIAN_POINT('',(-6.522758607907,0.));
#2523 = ( GEOMETRIC_REPRESENTATION_CONTEXT(2) 
PARAMETRIC_REPRESENTATION_CONTEXT() REPRESENTATION_CONTEXT('2D SPACE',''
  ) );
#2524 = ORIENTED_EDGE('',*,*,#1387,.T.);
#2525 = ORIENTED_EDGE('',*,*,#2453,.F.);
#2526 = ADVANCED_FACE('',(#2527),#236,.F.);
#2527 = FACE_BOUND('',#2528,.F.);
#2528 = EDGE_LOOP('',(#2529,#2530,#2531,#2532));
#2529 = ORIENTED_EDGE('',*,*,#220,.F.);
#2530 = ORIENTED_EDGE('',*,*,#2483,.F.);
#2531 = ORIENTED_EDGE('',*,*,#1507,.T.);
#2532 = ORIENTED_EDGE('',*,*,#2533,.F.);
#2533 = EDGE_CURVE('',#221,#1508,#2534,.T.);
#2534 = SURFACE_CURVE('',#2535,(#2539,#2546),.PCURVE_S1.);
#2535 = LINE('',#2536,#2537);
#2536 = CARTESIAN_POINT('',(-7.,38.,0.));
#2537 = VECTOR('',#2538,1.);
#2538 = DIRECTION('',(0.,0.,1.));
#2539 = PCURVE('',#236,#2540);
#2540 = DEFINITIONAL_REPRESENTATION('',(#2541),#2545);
#2541 = LINE('',#2542,#2543);
#2542 = CARTESIAN_POINT('',(0.,14.));
#2543 = VECTOR('',#2544,1.);
#2544 = DIRECTION('',(1.,0.));
#2545 = ( GEOMETRIC_REPRESENTATION_CONTEXT(2) 
PARAMETRIC_REPRESENTATION_CONTEXT() REPRESENTATION_CONTEXT('2D SPACE',''
  ) );
#2546 = PCURVE('',#264,#2547);
#2547 = DEFINITIONAL_REPRESENTATION('',(#2548),#2552);
#2548 = LINE('',#2549,#2550);
#2549 = CARTESIAN_POINT('',(0.,0.));
#2550 = VECTOR('',#2551,1.);
#2551 = DIRECTION('',(1.,0.));
#2552 = ( GEOMETRIC_REPRESENTATION_CONTEXT(2) 
PARAMETRIC_REPRESENTATION_CONTEXT() REPRESENTATION_CONTEXT('2D SPACE',''
  ) );
#2553 = ADVANCED_FACE('',(#2554),#805,.T.);
#2554 = FACE_BOUND('',#2555,.F.);
#2555 = EDGE_LOOP('',(#2556,#2557,#2576,#2577));
#2556 = ORIENTED_EDGE('',*,*,#788,.F.);
#2557 = ORIENTED_EDGE('',*,*,#2558,.F.);
#2558 = EDGE_CURVE('',#1360,#760,#2559,.T.);
#2559 = SURFACE_CURVE('',#2560,(#2564,#2570),.PCURVE_S1.);
#2560 = LINE('',#2561,#2562);
#2561 = CARTESIAN_POINT('',(25.877840563973,-14.16288698484,0.));
#2562 = VECTOR('',#2563,1.);
#2563 = DIRECTION('',(-0.,-0.,-1.));
#2564 = PCURVE('',#805,#2565);
#2565 = DEFINITIONAL_REPRESENTATION('',(#2566),#2569);
#2566 = B_SPLINE_CURVE_WITH_KNOTS('',1,(#2567,#2568),.UNSPECIFIED.,.F.,
  .F.,(2,2),(-5.0000006,6.E-07),.PIECEWISE_BEZIER_KNOTS.);
#2567 = CARTESIAN_POINT('',(-5.782419036134,-5.0000006));
#2568 = CARTESIAN_POINT('',(-5.782419036134,6.E-07));
#2569 = ( GEOMETRIC_REPRESENTATION_CONTEXT(2) 
PARAMETRIC_REPRESENTATION_CONTEXT() REPRESENTATION_CONTEXT('2D SPACE',''
  ) );
#2570 = PCURVE('',#776,#2571);
#2571 = DEFINITIONAL_REPRESENTATION('',(#2572),#2575);
#2572 = B_SPLINE_CURVE_WITH_KNOTS('',1,(#2573,#2574),.UNSPECIFIED.,.F.,
  .F.,(2,2),(-5.0000006,6.E-07),.PIECEWISE_BEZIER_KNOTS.);
#2573 = CARTESIAN_POINT('',(-2.500666725854,-5.0000006));
#2574 = CARTESIAN_POINT('',(-2.500666725854,6.E-07));
#2575 = ( GEOMETRIC_REPRESENTATION_CONTEXT(2) 
PARAMETRIC_REPRESENTATION_CONTEXT() REPRESENTATION_CONTEXT('2D SPACE',''
  ) );
#2576 = ORIENTED_EDGE('',*,*,#1357,.F.);
#2577 = ORIENTED_EDGE('',*,*,#2506,.T.);
#2578 = ADVANCED_FACE('',(#2579),#264,.T.);
#2579 = FACE_BOUND('',#2580,.T.);
#2580 = EDGE_LOOP('',(#2581,#2582,#2583,#2604));
#2581 = ORIENTED_EDGE('',*,*,#2533,.F.);
#2582 = ORIENTED_EDGE('',*,*,#248,.T.);
#2583 = ORIENTED_EDGE('',*,*,#2584,.T.);
#2584 = EDGE_CURVE('',#249,#1531,#2585,.T.);
#2585 = SURFACE_CURVE('',#2586,(#2590,#2597),.PCURVE_S1.);
#2586 = LINE('',#2587,#2588);
#2587 = CARTESIAN_POINT('',(-19.,38.,0.));
#2588 = VECTOR('',#2589,1.);
#2589 = DIRECTION('',(0.,0.,1.));
#2590 = PCURVE('',#264,#2591);
#2591 = DEFINITIONAL_REPRESENTATION('',(#2592),#2596);
#2592 = LINE('',#2593,#2594);
#2593 = CARTESIAN_POINT('',(0.,-12.));
#2594 = VECTOR('',#2595,1.);
#2595 = DIRECTION('',(1.,0.));
#2596 = ( GEOMETRIC_REPRESENTATION_CONTEXT(2) 
PARAMETRIC_REPRESENTATION_CONTEXT() REPRESENTATION_CONTEXT('2D SPACE',''
  ) );
#2597 = PCURVE('',#292,#2598);
#2598 = DEFINITIONAL_REPRESENTATION('',(#2599),#2603);
#2599 = LINE('',#2600,#2601);
#2600 = CARTESIAN_POINT('',(0.,14.));
#2601 = VECTOR('',#2602,1.);
#2602 = DIRECTION('',(1.,0.));
#2603 = ( GEOMETRIC_REPRESENTATION_CONTEXT(2) 
PARAMETRIC_REPRESENTATION_CONTEXT() REPRESENTATION_CONTEXT('2D SPACE',''
  ) );
#2604 = ORIENTED_EDGE('',*,*,#1530,.F.);
#2605 = ADVANCED_FACE('',(#2606),#776,.F.);
#2606 = FACE_BOUND('',#2607,.T.);
#2607 = EDGE_LOOP('',(#2608,#2609,#2610,#2611));
#2608 = ORIENTED_EDGE('',*,*,#759,.F.);
#2609 = ORIENTED_EDGE('',*,*,#2558,.F.);
#2610 = ORIENTED_EDGE('',*,*,#1979,.F.);
#2611 = ORIENTED_EDGE('',*,*,#2612,.T.);
#2612 = EDGE_CURVE('',#1952,#731,#2613,.T.);
#2613 = SURFACE_CURVE('',#2614,(#2618,#2624),.PCURVE_S1.);
#2614 = LINE('',#2615,#2616);
#2615 = CARTESIAN_POINT('',(25.696404719046,-14.48947150571,0.));
#2616 = VECTOR('',#2617,1.);
#2617 = DIRECTION('',(-0.,-0.,-1.));
#2618 = PCURVE('',#776,#2619);
#2619 = DEFINITIONAL_REPRESENTATION('',(#2620),#2623);
#2620 = B_SPLINE_CURVE_WITH_KNOTS('',1,(#2621,#2622),.UNSPECIFIED.,.F.,
  .F.,(2,2),(-5.0000006,6.E-07),.PIECEWISE_BEZIER_KNOTS.);
#2621 = CARTESIAN_POINT('',(-2.768321572541,-5.0000006));
#2622 = CARTESIAN_POINT('',(-2.768321572541,6.E-07));
#2623 = ( GEOMETRIC_REPRESENTATION_CONTEXT(2) 
PARAMETRIC_REPRESENTATION_CONTEXT() REPRESENTATION_CONTEXT('2D SPACE',''
  ) );
#2624 = PCURVE('',#747,#2625);
#2625 = DEFINITIONAL_REPRESENTATION('',(#2626),#2629);
#2626 = B_SPLINE_CURVE_WITH_KNOTS('',1,(#2627,#2628),.UNSPECIFIED.,.F.,
  .F.,(2,2),(-5.0000006,6.E-07),.PIECEWISE_BEZIER_KNOTS.);
#2627 = CARTESIAN_POINT('',(-5.76975456944,-5.0000006));
#2628 = CARTESIAN_POINT('',(-5.76975456944,6.E-07));
#2629 = ( GEOMETRIC_REPRESENTATION_CONTEXT(2) 
PARAMETRIC_REPRESENTATION_CONTEXT() REPRESENTATION_CONTEXT('2D SPACE',''
  ) );
#2630 = ADVANCED_FACE('',(#2631),#292,.T.);
#2631 = FACE_BOUND('',#2632,.T.);
#2632 = EDGE_LOOP('',(#2633,#2634,#2655,#2656));
#2633 = ORIENTED_EDGE('',*,*,#276,.F.);
#2634 = ORIENTED_EDGE('',*,*,#2635,.T.);
#2635 = EDGE_CURVE('',#277,#1554,#2636,.T.);
#2636 = SURFACE_CURVE('',#2637,(#2641,#2648),.PCURVE_S1.);
#2637 = LINE('',#2638,#2639);
#2638 = CARTESIAN_POINT('',(-19.,24.,0.));
#2639 = VECTOR('',#2640,1.);
#2640 = DIRECTION('',(0.,0.,1.));
#2641 = PCURVE('',#292,#2642);
#2642 = DEFINITIONAL_REPRESENTATION('',(#2643),#2647);
#2643 = LINE('',#2644,#2645);
#2644 = CARTESIAN_POINT('',(0.,0.));
#2645 = VECTOR('',#2646,1.);
#2646 = DIRECTION('',(1.,0.));
#2647 = ( GEOMETRIC_REPRESENTATION_CONTEXT(2) 
PARAMETRIC_REPRESENTATION_CONTEXT() REPRESENTATION_CONTEXT('2D SPACE',''
  ) );
#2648 = PCURVE('',#320,#2649);
#2649 = DEFINITIONAL_REPRESENTATION('',(#2650),#2654);
#2650 = LINE('',#2651,#2652);
#2651 = CARTESIAN_POINT('',(0.,-12.));
#2652 = VECTOR('',#2653,1.);
#2653 = DIRECTION('',(1.,0.));
#2654 = ( GEOMETRIC_REPRESENTATION_CONTEXT(2) 
PARAMETRIC_REPRESENTATION_CONTEXT() REPRESENTATION_CONTEXT('2D SPACE',''
  ) );
#2655 = ORIENTED_EDGE('',*,*,#1553,.T.);
#2656 = ORIENTED_EDGE('',*,*,#2584,.F.);
#2657 = ADVANCED_FACE('',(#2658),#747,.T.);
#2658 = FACE_BOUND('',#2659,.F.);
#2659 = EDGE_LOOP('',(#2660,#2661,#2680,#2681));
#2660 = ORIENTED_EDGE('',*,*,#730,.F.);
#2661 = ORIENTED_EDGE('',*,*,#2662,.F.);
#2662 = EDGE_CURVE('',#1929,#703,#2663,.T.);
#2663 = SURFACE_CURVE('',#2664,(#2668,#2674),.PCURVE_S1.);
#2664 = LINE('',#2665,#2666);
#2665 = CARTESIAN_POINT('',(17.153716798408,-24.,0.));
#2666 = VECTOR('',#2667,1.);
#2667 = DIRECTION('',(-0.,-0.,-1.));
#2668 = PCURVE('',#747,#2669);
#2669 = DEFINITIONAL_REPRESENTATION('',(#2670),#2673);
#2670 = B_SPLINE_CURVE_WITH_KNOTS('',1,(#2671,#2672),.UNSPECIFIED.,.F.,
  .F.,(2,2),(-5.0000006,6.E-07),.PIECEWISE_BEZIER_KNOTS.);
#2671 = CARTESIAN_POINT('',(-5.332938021125,-5.0000006));
#2672 = CARTESIAN_POINT('',(-5.332938021125,6.E-07));
#2673 = ( GEOMETRIC_REPRESENTATION_CONTEXT(2) 
PARAMETRIC_REPRESENTATION_CONTEXT() REPRESENTATION_CONTEXT('2D SPACE',''
  ) );
#2674 = PCURVE('',#718,#2675);
#2675 = DEFINITIONAL_REPRESENTATION('',(#2676),#2679);
#2676 = B_SPLINE_CURVE_WITH_KNOTS('',1,(#2677,#2678),.UNSPECIFIED.,.F.,
  .F.,(2,2),(-5.0000006,6.E-07),.PIECEWISE_BEZIER_KNOTS.);
#2677 = CARTESIAN_POINT('',(5.0000006,-10.1537167984));
#2678 = CARTESIAN_POINT('',(-6.E-07,-10.1537167984));
#2679 = ( GEOMETRIC_REPRESENTATION_CONTEXT(2) 
PARAMETRIC_REPRESENTATION_CONTEXT() REPRESENTATION_CONTEXT('2D SPACE',''
  ) );
#2680 = ORIENTED_EDGE('',*,*,#1951,.F.);
#2681 = ORIENTED_EDGE('',*,*,#2612,.T.);
#2682 = ADVANCED_FACE('',(#2683),#320,.F.);
#2683 = FACE_BOUND('',#2684,.F.);
#2684 = EDGE_LOOP('',(#2685,#2686,#2705,#2706));
#2685 = ORIENTED_EDGE('',*,*,#1576,.F.);
#2686 = ORIENTED_EDGE('',*,*,#2687,.T.);
#2687 = EDGE_CURVE('',#1577,#305,#2688,.T.);
#2688 = SURFACE_CURVE('',#2689,(#2693,#2699),.PCURVE_S1.);
#2689 = LINE('',#2690,#2691);
#2690 = CARTESIAN_POINT('',(-17.1537167984,24.,0.));
#2691 = VECTOR('',#2692,1.);
#2692 = DIRECTION('',(-0.,-0.,-1.));
#2693 = PCURVE('',#320,#2694);
#2694 = DEFINITIONAL_REPRESENTATION('',(#2695),#2698);
#2695 = B_SPLINE_CURVE_WITH_KNOTS('',1,(#2696,#2697),.UNSPECIFIED.,.F.,
  .F.,(2,2),(-5.0000006,6.E-07),.PIECEWISE_BEZIER_KNOTS.);
#2696 = CARTESIAN_POINT('',(5.0000006,-10.1537167984));
#2697 = CARTESIAN_POINT('',(-6.E-07,-10.1537167984));
#2698 = ( GEOMETRIC_REPRESENTATION_CONTEXT(2) 
PARAMETRIC_REPRESENTATION_CONTEXT() REPRESENTATION_CONTEXT('2D SPACE',''
  ) );
#2699 = PCURVE('',#349,#2700);
#2700 = DEFINITIONAL_REPRESENTATION('',(#2701),#2704);
#2701 = B_SPLINE_CURVE_WITH_KNOTS('',1,(#2702,#2703),.UNSPECIFIED.,.F.,
  .F.,(2,2),(-5.0000006,6.E-07),.PIECEWISE_BEZIER_KNOTS.);
#2702 = CARTESIAN_POINT('',(-2.191345367535,-5.0000006));
#2703 = CARTESIAN_POINT('',(-2.191345367535,6.E-07));
#2704 = ( GEOMETRIC_REPRESENTATION_CONTEXT(2) 
PARAMETRIC_REPRESENTATION_CONTEXT() REPRESENTATION_CONTEXT('2D SPACE',''
  ) );
#2705 = ORIENTED_EDGE('',*,*,#304,.T.);
#2706 = ORIENTED_EDGE('',*,*,#2635,.T.);
#2707 = ADVANCED_FACE('',(#2708),#718,.F.);
#2708 = FACE_BOUND('',#2709,.F.);
#2709 = EDGE_LOOP('',(#2710,#2711,#2712,#2713));
#2710 = ORIENTED_EDGE('',*,*,#1928,.F.);
#2711 = ORIENTED_EDGE('',*,*,#2662,.T.);
#2712 = ORIENTED_EDGE('',*,*,#702,.T.);
#2713 = ORIENTED_EDGE('',*,*,#2714,.T.);
#2714 = EDGE_CURVE('',#675,#1906,#2715,.T.);
#2715 = SURFACE_CURVE('',#2716,(#2720,#2727),.PCURVE_S1.);
#2716 = LINE('',#2717,#2718);
#2717 = CARTESIAN_POINT('',(19.,-24.,0.));
#2718 = VECTOR('',#2719,1.);
#2719 = DIRECTION('',(0.,0.,1.));
#2720 = PCURVE('',#718,#2721);
#2721 = DEFINITIONAL_REPRESENTATION('',(#2722),#2726);
#2722 = LINE('',#2723,#2724);
#2723 = CARTESIAN_POINT('',(0.,-12.));
#2724 = VECTOR('',#2725,1.);
#2725 = DIRECTION('',(1.,0.));
#2726 = ( GEOMETRIC_REPRESENTATION_CONTEXT(2) 
PARAMETRIC_REPRESENTATION_CONTEXT() REPRESENTATION_CONTEXT('2D SPACE',''
  ) );
#2727 = PCURVE('',#690,#2728);
#2728 = DEFINITIONAL_REPRESENTATION('',(#2729),#2733);
#2729 = LINE('',#2730,#2731);
#2730 = CARTESIAN_POINT('',(0.,0.));
#2731 = VECTOR('',#2732,1.);
#2732 = DIRECTION('',(1.,0.));
#2733 = ( GEOMETRIC_REPRESENTATION_CONTEXT(2) 
PARAMETRIC_REPRESENTATION_CONTEXT() REPRESENTATION_CONTEXT('2D SPACE',''
  ) );
#2734 = ADVANCED_FACE('',(#2735),#349,.T.);
#2735 = FACE_BOUND('',#2736,.F.);
#2736 = EDGE_LOOP('',(#2737,#2738,#2739,#2740));
#2737 = ORIENTED_EDGE('',*,*,#332,.F.);
#2738 = ORIENTED_EDGE('',*,*,#2687,.F.);
#2739 = ORIENTED_EDGE('',*,*,#1599,.F.);
#2740 = ORIENTED_EDGE('',*,*,#2741,.T.);
#2741 = EDGE_CURVE('',#1600,#333,#2742,.T.);
#2742 = SURFACE_CURVE('',#2743,(#2747,#2753),.PCURVE_S1.);
#2743 = LINE('',#2744,#2745);
#2744 = CARTESIAN_POINT('',(-25.69640471904,14.489471505716,0.));
#2745 = VECTOR('',#2746,1.);
#2746 = DIRECTION('',(-0.,-0.,-1.));
#2747 = PCURVE('',#349,#2748);
#2748 = DEFINITIONAL_REPRESENTATION('',(#2749),#2752);
#2749 = B_SPLINE_CURVE_WITH_KNOTS('',1,(#2750,#2751),.UNSPECIFIED.,.F.,
  .F.,(2,2),(-5.0000006,6.E-07),.PIECEWISE_BEZIER_KNOTS.);
#2750 = CARTESIAN_POINT('',(-2.628161915851,-5.0000006));
#2751 = CARTESIAN_POINT('',(-2.628161915851,6.E-07));
#2752 = ( GEOMETRIC_REPRESENTATION_CONTEXT(2) 
PARAMETRIC_REPRESENTATION_CONTEXT() REPRESENTATION_CONTEXT('2D SPACE',''
  ) );
#2753 = PCURVE('',#378,#2754);
#2754 = DEFINITIONAL_REPRESENTATION('',(#2755),#2758);
#2755 = B_SPLINE_CURVE_WITH_KNOTS('',1,(#2756,#2757),.UNSPECIFIED.,.F.,
  .F.,(2,2),(-5.0000006,6.E-07),.PIECEWISE_BEZIER_KNOTS.);
#2756 = CARTESIAN_POINT('',(-5.90991422613,-5.0000006));
#2757 = CARTESIAN_POINT('',(-5.90991422613,6.E-07));
#2758 = ( GEOMETRIC_REPRESENTATION_CONTEXT(2) 
PARAMETRIC_REPRESENTATION_CONTEXT() REPRESENTATION_CONTEXT('2D SPACE',''
  ) );
#2759 = ADVANCED_FACE('',(#2760),#690,.T.);
#2760 = FACE_BOUND('',#2761,.T.);
#2761 = EDGE_LOOP('',(#2762,#2763,#2764,#2765));
#2762 = ORIENTED_EDGE('',*,*,#674,.F.);
#2763 = ORIENTED_EDGE('',*,*,#2714,.T.);
#2764 = ORIENTED_EDGE('',*,*,#1905,.T.);
#2765 = ORIENTED_EDGE('',*,*,#2766,.F.);
#2766 = EDGE_CURVE('',#647,#1883,#2767,.T.);
#2767 = SURFACE_CURVE('',#2768,(#2772,#2779),.PCURVE_S1.);
#2768 = LINE('',#2769,#2770);
#2769 = CARTESIAN_POINT('',(19.,-38.,0.));
#2770 = VECTOR('',#2771,1.);
#2771 = DIRECTION('',(0.,0.,1.));
#2772 = PCURVE('',#690,#2773);
#2773 = DEFINITIONAL_REPRESENTATION('',(#2774),#2778);
#2774 = LINE('',#2775,#2776);
#2775 = CARTESIAN_POINT('',(0.,14.));
#2776 = VECTOR('',#2777,1.);
#2777 = DIRECTION('',(1.,0.));
#2778 = ( GEOMETRIC_REPRESENTATION_CONTEXT(2) 
PARAMETRIC_REPRESENTATION_CONTEXT() REPRESENTATION_CONTEXT('2D SPACE',''
  ) );
#2779 = PCURVE('',#662,#2780);
#2780 = DEFINITIONAL_REPRESENTATION('',(#2781),#2785);
#2781 = LINE('',#2782,#2783);
#2782 = CARTESIAN_POINT('',(0.,-12.));
#2783 = VECTOR('',#2784,1.);
#2784 = DIRECTION('',(1.,0.));
#2785 = ( GEOMETRIC_REPRESENTATION_CONTEXT(2) 
PARAMETRIC_REPRESENTATION_CONTEXT() REPRESENTATION_CONTEXT('2D SPACE',''
  ) );
#2786 = ADVANCED_FACE('',(#2787),#378,.F.);
#2787 = FACE_BOUND('',#2788,.T.);
#2788 = EDGE_LOOP('',(#2789,#2790,#2809,#2810));
#2789 = ORIENTED_EDGE('',*,*,#361,.F.);
#2790 = ORIENTED_EDGE('',*,*,#2791,.F.);
#2791 = EDGE_CURVE('',#1628,#362,#2792,.T.);
#2792 = SURFACE_CURVE('',#2793,(#2797,#2803),.PCURVE_S1.);
#2793 = LINE('',#2794,#2795);
#2794 = CARTESIAN_POINT('',(-25.87784056397,14.16288698485,0.));
#2795 = VECTOR('',#2796,1.);
#2796 = DIRECTION('',(-0.,-0.,-1.));
#2797 = PCURVE('',#378,#2798);
#2798 = DEFINITIONAL_REPRESENTATION('',(#2799),#2802);
#2799 = B_SPLINE_CURVE_WITH_KNOTS('',1,(#2800,#2801),.UNSPECIFIED.,.F.,
  .F.,(2,2),(-5.0000006,6.E-07),.PIECEWISE_BEZIER_KNOTS.);
#2800 = CARTESIAN_POINT('',(-5.642259379444,-5.0000006));
#2801 = CARTESIAN_POINT('',(-5.642259379444,6.E-07));
#2802 = ( GEOMETRIC_REPRESENTATION_CONTEXT(2) 
PARAMETRIC_REPRESENTATION_CONTEXT() REPRESENTATION_CONTEXT('2D SPACE',''
  ) );
#2803 = PCURVE('',#407,#2804);
#2804 = DEFINITIONAL_REPRESENTATION('',(#2805),#2808);
#2805 = B_SPLINE_CURVE_WITH_KNOTS('',1,(#2806,#2807),.UNSPECIFIED.,.F.,
  .F.,(2,2),(-5.0000006,6.E-07),.PIECEWISE_BEZIER_KNOTS.);
#2806 = CARTESIAN_POINT('',(-2.640826382544,-5.0000006));
#2807 = CARTESIAN_POINT('',(-2.640826382544,6.E-07));
#2808 = ( GEOMETRIC_REPRESENTATION_CONTEXT(2) 
PARAMETRIC_REPRESENTATION_CONTEXT() REPRESENTATION_CONTEXT('2D SPACE',''
  ) );
#2809 = ORIENTED_EDGE('',*,*,#1627,.F.);
#2810 = ORIENTED_EDGE('',*,*,#2741,.T.);
#2811 = ADVANCED_FACE('',(#2812),#662,.T.);
#2812 = FACE_BOUND('',#2813,.T.);
#2813 = EDGE_LOOP('',(#2814,#2835,#2836,#2837));
#2814 = ORIENTED_EDGE('',*,*,#2815,.F.);
#2815 = EDGE_CURVE('',#619,#1860,#2816,.T.);
#2816 = SURFACE_CURVE('',#2817,(#2821,#2828),.PCURVE_S1.);
#2817 = LINE('',#2818,#2819);
#2818 = CARTESIAN_POINT('',(7.,-38.,0.));
#2819 = VECTOR('',#2820,1.);
#2820 = DIRECTION('',(0.,0.,1.));
#2821 = PCURVE('',#662,#2822);
#2822 = DEFINITIONAL_REPRESENTATION('',(#2823),#2827);
#2823 = LINE('',#2824,#2825);
#2824 = CARTESIAN_POINT('',(0.,0.));
#2825 = VECTOR('',#2826,1.);
#2826 = DIRECTION('',(1.,0.));
#2827 = ( GEOMETRIC_REPRESENTATION_CONTEXT(2) 
PARAMETRIC_REPRESENTATION_CONTEXT() REPRESENTATION_CONTEXT('2D SPACE',''
  ) );
#2828 = PCURVE('',#634,#2829);
#2829 = DEFINITIONAL_REPRESENTATION('',(#2830),#2834);
#2830 = LINE('',#2831,#2832);
#2831 = CARTESIAN_POINT('',(0.,14.));
#2832 = VECTOR('',#2833,1.);
#2833 = DIRECTION('',(1.,0.));
#2834 = ( GEOMETRIC_REPRESENTATION_CONTEXT(2) 
PARAMETRIC_REPRESENTATION_CONTEXT() REPRESENTATION_CONTEXT('2D SPACE',''
  ) );
#2835 = ORIENTED_EDGE('',*,*,#646,.T.);
#2836 = ORIENTED_EDGE('',*,*,#2766,.T.);
#2837 = ORIENTED_EDGE('',*,*,#1882,.F.);
#2838 = ADVANCED_FACE('',(#2839),#407,.T.);
#2839 = FACE_BOUND('',#2840,.F.);
#2840 = EDGE_LOOP('',(#2841,#2842,#2843,#2844));
#2841 = ORIENTED_EDGE('',*,*,#390,.F.);
#2842 = ORIENTED_EDGE('',*,*,#2791,.F.);
#2843 = ORIENTED_EDGE('',*,*,#1655,.F.);
#2844 = ORIENTED_EDGE('',*,*,#2845,.T.);
#2845 = EDGE_CURVE('',#1656,#391,#2846,.T.);
#2846 = SURFACE_CURVE('',#2847,(#2851,#2857),.PCURVE_S1.);
#2847 = LINE('',#2848,#2849);
#2848 = CARTESIAN_POINT('',(-28.65745976181,-7.,0.));
#2849 = VECTOR('',#2850,1.);
#2850 = DIRECTION('',(-0.,-0.,-1.));
#2851 = PCURVE('',#407,#2852);
#2852 = DEFINITIONAL_REPRESENTATION('',(#2853),#2856);
#2853 = B_SPLINE_CURVE_WITH_KNOTS('',1,(#2854,#2855),.UNSPECIFIED.,.F.,
  .F.,(2,2),(-5.0000006,6.E-07),.PIECEWISE_BEZIER_KNOTS.);
#2854 = CARTESIAN_POINT('',(-3.381165954318,-5.0000006));
#2855 = CARTESIAN_POINT('',(-3.381165954318,6.E-07));
#2856 = ( GEOMETRIC_REPRESENTATION_CONTEXT(2) 
PARAMETRIC_REPRESENTATION_CONTEXT() REPRESENTATION_CONTEXT('2D SPACE',''
  ) );
#2857 = PCURVE('',#435,#2858);
#2858 = DEFINITIONAL_REPRESENTATION('',(#2859),#2862);
#2859 = B_SPLINE_CURVE_WITH_KNOTS('',1,(#2860,#2861),.UNSPECIFIED.,.F.,
  .F.,(2,2),(-5.0000006,6.E-07),.PIECEWISE_BEZIER_KNOTS.);
#2860 = CARTESIAN_POINT('',(5.0000006,4.657459761814));
#2861 = CARTESIAN_POINT('',(-6.E-07,4.657459761814));
#2862 = ( GEOMETRIC_REPRESENTATION_CONTEXT(2) 
PARAMETRIC_REPRESENTATION_CONTEXT() REPRESENTATION_CONTEXT('2D SPACE',''
  ) );
#2863 = ADVANCED_FACE('',(#2864),#634,.F.);
#2864 = FACE_BOUND('',#2865,.F.);
#2865 = EDGE_LOOP('',(#2866,#2867,#2886,#2887));
#2866 = ORIENTED_EDGE('',*,*,#618,.F.);
#2867 = ORIENTED_EDGE('',*,*,#2868,.F.);
#2868 = EDGE_CURVE('',#1832,#590,#2869,.T.);
#2869 = SURFACE_CURVE('',#2870,(#2874,#2880),.PCURVE_S1.);
#2870 = LINE('',#2871,#2872);
#2871 = CARTESIAN_POINT('',(7.,-28.65745976181,0.));
#2872 = VECTOR('',#2873,1.);
#2873 = DIRECTION('',(-0.,-0.,-1.));
#2874 = PCURVE('',#634,#2875);
#2875 = DEFINITIONAL_REPRESENTATION('',(#2876),#2879);
#2876 = B_SPLINE_CURVE_WITH_KNOTS('',1,(#2877,#2878),.UNSPECIFIED.,.F.,
  .F.,(2,2),(-5.0000006,6.E-07),.PIECEWISE_BEZIER_KNOTS.);
#2877 = CARTESIAN_POINT('',(5.0000006,4.657459761814));
#2878 = CARTESIAN_POINT('',(-6.E-07,4.657459761814));
#2879 = ( GEOMETRIC_REPRESENTATION_CONTEXT(2) 
PARAMETRIC_REPRESENTATION_CONTEXT() REPRESENTATION_CONTEXT('2D SPACE',''
  ) );
#2880 = PCURVE('',#606,#2881);
#2881 = DEFINITIONAL_REPRESENTATION('',(#2882),#2885);
#2882 = B_SPLINE_CURVE_WITH_KNOTS('',1,(#2883,#2884),.UNSPECIFIED.,.F.,
  .F.,(2,2),(-5.0000006,6.E-07),.PIECEWISE_BEZIER_KNOTS.);
#2883 = CARTESIAN_POINT('',(-4.951962281112,-5.0000006));
#2884 = CARTESIAN_POINT('',(-4.951962281112,6.E-07));
#2885 = ( GEOMETRIC_REPRESENTATION_CONTEXT(2) 
PARAMETRIC_REPRESENTATION_CONTEXT() REPRESENTATION_CONTEXT('2D SPACE',''
  ) );
#2886 = ORIENTED_EDGE('',*,*,#1859,.T.);
#2887 = ORIENTED_EDGE('',*,*,#2815,.F.);
#2888 = ADVANCED_FACE('',(#2889),#435,.F.);
#2889 = FACE_BOUND('',#2890,.F.);
#2890 = EDGE_LOOP('',(#2891,#2892,#2893,#2894));
#2891 = ORIENTED_EDGE('',*,*,#419,.F.);
#2892 = ORIENTED_EDGE('',*,*,#2845,.F.);
#2893 = ORIENTED_EDGE('',*,*,#1683,.T.);
#2894 = ORIENTED_EDGE('',*,*,#2895,.F.);
#2895 = EDGE_CURVE('',#420,#1684,#2896,.T.);
#2896 = SURFACE_CURVE('',#2897,(#2901,#2908),.PCURVE_S1.);
#2897 = LINE('',#2898,#2899);
#2898 = CARTESIAN_POINT('',(-38.,-7.,0.));
#2899 = VECTOR('',#2900,1.);
#2900 = DIRECTION('',(0.,0.,1.));
#2901 = PCURVE('',#435,#2902);
#2902 = DEFINITIONAL_REPRESENTATION('',(#2903),#2907);
#2903 = LINE('',#2904,#2905);
#2904 = CARTESIAN_POINT('',(0.,14.));
#2905 = VECTOR('',#2906,1.);
#2906 = DIRECTION('',(1.,0.));
#2907 = ( GEOMETRIC_REPRESENTATION_CONTEXT(2) 
PARAMETRIC_REPRESENTATION_CONTEXT() REPRESENTATION_CONTEXT('2D SPACE',''
  ) );
#2908 = PCURVE('',#463,#2909);
#2909 = DEFINITIONAL_REPRESENTATION('',(#2910),#2914);
#2910 = LINE('',#2911,#2912);
#2911 = CARTESIAN_POINT('',(0.,0.));
#2912 = VECTOR('',#2913,1.);
#2913 = DIRECTION('',(1.,0.));
#2914 = ( GEOMETRIC_REPRESENTATION_CONTEXT(2) 
PARAMETRIC_REPRESENTATION_CONTEXT() REPRESENTATION_CONTEXT('2D SPACE',''
  ) );
#2915 = ADVANCED_FACE('',(#2916),#606,.T.);
#2916 = FACE_BOUND('',#2917,.F.);
#2917 = EDGE_LOOP('',(#2918,#2919,#2938,#2939));
#2918 = ORIENTED_EDGE('',*,*,#589,.F.);
#2919 = ORIENTED_EDGE('',*,*,#2920,.F.);
#2920 = EDGE_CURVE('',#1804,#561,#2921,.T.);
#2921 = SURFACE_CURVE('',#2922,(#2926,#2932),.PCURVE_S1.);
#2922 = LINE('',#2923,#2924);
#2923 = CARTESIAN_POINT('',(-14.16288698484,-25.87784056397,0.));
#2924 = VECTOR('',#2925,1.);
#2925 = DIRECTION('',(-0.,-0.,-1.));
#2926 = PCURVE('',#606,#2927);
#2927 = DEFINITIONAL_REPRESENTATION('',(#2928),#2931);
#2928 = B_SPLINE_CURVE_WITH_KNOTS('',1,(#2929,#2930),.UNSPECIFIED.,.F.,
  .F.,(2,2),(-5.0000006,6.E-07),.PIECEWISE_BEZIER_KNOTS.);
#2929 = CARTESIAN_POINT('',(-4.211622709339,-5.0000006));
#2930 = CARTESIAN_POINT('',(-4.211622709339,6.E-07));
#2931 = ( GEOMETRIC_REPRESENTATION_CONTEXT(2) 
PARAMETRIC_REPRESENTATION_CONTEXT() REPRESENTATION_CONTEXT('2D SPACE',''
  ) );
#2932 = PCURVE('',#577,#2933);
#2933 = DEFINITIONAL_REPRESENTATION('',(#2934),#2937);
#2934 = B_SPLINE_CURVE_WITH_KNOTS('',1,(#2935,#2936),.UNSPECIFIED.,.F.,
  .F.,(2,2),(-5.0000006,6.E-07),.PIECEWISE_BEZIER_KNOTS.);
#2935 = CARTESIAN_POINT('',(-0.929870399059,-5.0000006));
#2936 = CARTESIAN_POINT('',(-0.929870399059,6.E-07));
#2937 = ( GEOMETRIC_REPRESENTATION_CONTEXT(2) 
PARAMETRIC_REPRESENTATION_CONTEXT() REPRESENTATION_CONTEXT('2D SPACE',''
  ) );
#2938 = ORIENTED_EDGE('',*,*,#1831,.F.);
#2939 = ORIENTED_EDGE('',*,*,#2868,.T.);
#2940 = ADVANCED_FACE('',(#2941),#463,.T.);
#2941 = FACE_BOUND('',#2942,.T.);
#2942 = EDGE_LOOP('',(#2943,#2944,#2945,#2966));
#2943 = ORIENTED_EDGE('',*,*,#2895,.F.);
#2944 = ORIENTED_EDGE('',*,*,#447,.T.);
#2945 = ORIENTED_EDGE('',*,*,#2946,.T.);
#2946 = EDGE_CURVE('',#448,#1707,#2947,.T.);
#2947 = SURFACE_CURVE('',#2948,(#2952,#2959),.PCURVE_S1.);
#2948 = LINE('',#2949,#2950);
#2949 = CARTESIAN_POINT('',(-38.,-19.,0.));
#2950 = VECTOR('',#2951,1.);
#2951 = DIRECTION('',(0.,0.,1.));
#2952 = PCURVE('',#463,#2953);
#2953 = DEFINITIONAL_REPRESENTATION('',(#2954),#2958);
#2954 = LINE('',#2955,#2956);
#2955 = CARTESIAN_POINT('',(0.,-12.));
#2956 = VECTOR('',#2957,1.);
#2957 = DIRECTION('',(1.,0.));
#2958 = ( GEOMETRIC_REPRESENTATION_CONTEXT(2) 
PARAMETRIC_REPRESENTATION_CONTEXT() REPRESENTATION_CONTEXT('2D SPACE',''
  ) );
#2959 = PCURVE('',#491,#2960);
#2960 = DEFINITIONAL_REPRESENTATION('',(#2961),#2965);
#2961 = LINE('',#2962,#2963);
#2962 = CARTESIAN_POINT('',(0.,14.));
#2963 = VECTOR('',#2964,1.);
#2964 = DIRECTION('',(1.,0.));
#2965 = ( GEOMETRIC_REPRESENTATION_CONTEXT(2) 
PARAMETRIC_REPRESENTATION_CONTEXT() REPRESENTATION_CONTEXT('2D SPACE',''
  ) );
#2966 = ORIENTED_EDGE('',*,*,#1706,.F.);
#2967 = ADVANCED_FACE('',(#2968),#577,.F.);
#2968 = FACE_BOUND('',#2969,.T.);
#2969 = EDGE_LOOP('',(#2970,#2971,#2972,#2973));
#2970 = ORIENTED_EDGE('',*,*,#560,.F.);
#2971 = ORIENTED_EDGE('',*,*,#2920,.F.);
#2972 = ORIENTED_EDGE('',*,*,#1803,.F.);
#2973 = ORIENTED_EDGE('',*,*,#2974,.T.);
#2974 = EDGE_CURVE('',#1776,#532,#2975,.T.);
#2975 = SURFACE_CURVE('',#2976,(#2980,#2986),.PCURVE_S1.);
#2976 = LINE('',#2977,#2978);
#2977 = CARTESIAN_POINT('',(-14.48947150571,-25.69640471904,0.));
#2978 = VECTOR('',#2979,1.);
#2979 = DIRECTION('',(-0.,-0.,-1.));
#2980 = PCURVE('',#577,#2981);
#2981 = DEFINITIONAL_REPRESENTATION('',(#2982),#2985);
#2982 = B_SPLINE_CURVE_WITH_KNOTS('',1,(#2983,#2984),.UNSPECIFIED.,.F.,
  .F.,(2,2),(-5.0000006,6.E-07),.PIECEWISE_BEZIER_KNOTS.);
#2983 = CARTESIAN_POINT('',(-1.197525245746,-5.0000006));
#2984 = CARTESIAN_POINT('',(-1.197525245746,6.E-07));
#2985 = ( GEOMETRIC_REPRESENTATION_CONTEXT(2) 
PARAMETRIC_REPRESENTATION_CONTEXT() REPRESENTATION_CONTEXT('2D SPACE',''
  ) );
#2986 = PCURVE('',#548,#2987);
#2987 = DEFINITIONAL_REPRESENTATION('',(#2988),#2991);
#2988 = B_SPLINE_CURVE_WITH_KNOTS('',1,(#2989,#2990),.UNSPECIFIED.,.F.,
  .F.,(2,2),(-5.0000006,6.E-07),.PIECEWISE_BEZIER_KNOTS.);
#2989 = CARTESIAN_POINT('',(-4.198958242646,-5.0000006));
#2990 = CARTESIAN_POINT('',(-4.198958242646,6.E-07));
#2991 = ( GEOMETRIC_REPRESENTATION_CONTEXT(2) 
PARAMETRIC_REPRESENTATION_CONTEXT() REPRESENTATION_CONTEXT('2D SPACE',''
  ) );
#2992 = ADVANCED_FACE('',(#2993),#491,.T.);
#2993 = FACE_BOUND('',#2994,.T.);
#2994 = EDGE_LOOP('',(#2995,#2996,#3017,#3018));
#2995 = ORIENTED_EDGE('',*,*,#475,.F.);
#2996 = ORIENTED_EDGE('',*,*,#2997,.T.);
#2997 = EDGE_CURVE('',#476,#1730,#2998,.T.);
#2998 = SURFACE_CURVE('',#2999,(#3003,#3010),.PCURVE_S1.);
#2999 = LINE('',#3000,#3001);
#3000 = CARTESIAN_POINT('',(-24.,-19.,0.));
#3001 = VECTOR('',#3002,1.);
#3002 = DIRECTION('',(0.,0.,1.));
#3003 = PCURVE('',#491,#3004);
#3004 = DEFINITIONAL_REPRESENTATION('',(#3005),#3009);
#3005 = LINE('',#3006,#3007);
#3006 = CARTESIAN_POINT('',(0.,0.));
#3007 = VECTOR('',#3008,1.);
#3008 = DIRECTION('',(1.,0.));
#3009 = ( GEOMETRIC_REPRESENTATION_CONTEXT(2) 
PARAMETRIC_REPRESENTATION_CONTEXT() REPRESENTATION_CONTEXT('2D SPACE',''
  ) );
#3010 = PCURVE('',#519,#3011);
#3011 = DEFINITIONAL_REPRESENTATION('',(#3012),#3016);
#3012 = LINE('',#3013,#3014);
#3013 = CARTESIAN_POINT('',(0.,-12.));
#3014 = VECTOR('',#3015,1.);
#3015 = DIRECTION('',(1.,0.));
#3016 = ( GEOMETRIC_REPRESENTATION_CONTEXT(2) 
PARAMETRIC_REPRESENTATION_CONTEXT() REPRESENTATION_CONTEXT('2D SPACE',''
  ) );
#3017 = ORIENTED_EDGE('',*,*,#1729,.T.);
#3018 = ORIENTED_EDGE('',*,*,#2946,.F.);
#3019 = ADVANCED_FACE('',(#3020),#548,.T.);
#3020 = FACE_BOUND('',#3021,.F.);
#3021 = EDGE_LOOP('',(#3022,#3023,#3042,#3043));
#3022 = ORIENTED_EDGE('',*,*,#531,.F.);
#3023 = ORIENTED_EDGE('',*,*,#3024,.F.);
#3024 = EDGE_CURVE('',#1753,#504,#3025,.T.);
#3025 = SURFACE_CURVE('',#3026,(#3030,#3036),.PCURVE_S1.);
#3026 = LINE('',#3027,#3028);
#3027 = CARTESIAN_POINT('',(-24.,-17.1537167984,0.));
#3028 = VECTOR('',#3029,1.);
#3029 = DIRECTION('',(-0.,-0.,-1.));
#3030 = PCURVE('',#548,#3031);
#3031 = DEFINITIONAL_REPRESENTATION('',(#3032),#3035);
#3032 = B_SPLINE_CURVE_WITH_KNOTS('',1,(#3033,#3034),.UNSPECIFIED.,.F.,
  .F.,(2,2),(-5.0000006,6.E-07),.PIECEWISE_BEZIER_KNOTS.);
#3033 = CARTESIAN_POINT('',(-3.76214169433,-5.0000006));
#3034 = CARTESIAN_POINT('',(-3.76214169433,6.E-07));
#3035 = ( GEOMETRIC_REPRESENTATION_CONTEXT(2) 
PARAMETRIC_REPRESENTATION_CONTEXT() REPRESENTATION_CONTEXT('2D SPACE',''
  ) );
#3036 = PCURVE('',#519,#3037);
#3037 = DEFINITIONAL_REPRESENTATION('',(#3038),#3041);
#3038 = B_SPLINE_CURVE_WITH_KNOTS('',1,(#3039,#3040),.UNSPECIFIED.,.F.,
  .F.,(2,2),(-5.0000006,6.E-07),.PIECEWISE_BEZIER_KNOTS.);
#3039 = CARTESIAN_POINT('',(5.0000006,-10.1537167984));
#3040 = CARTESIAN_POINT('',(-6.E-07,-10.1537167984));
#3041 = ( GEOMETRIC_REPRESENTATION_CONTEXT(2) 
PARAMETRIC_REPRESENTATION_CONTEXT() REPRESENTATION_CONTEXT('2D SPACE',''
  ) );
#3042 = ORIENTED_EDGE('',*,*,#1775,.F.);
#3043 = ORIENTED_EDGE('',*,*,#2974,.T.);
#3044 = ADVANCED_FACE('',(#3045),#519,.F.);
#3045 = FACE_BOUND('',#3046,.F.);
#3046 = EDGE_LOOP('',(#3047,#3048,#3049,#3050));
#3047 = ORIENTED_EDGE('',*,*,#1752,.F.);
#3048 = ORIENTED_EDGE('',*,*,#3024,.T.);
#3049 = ORIENTED_EDGE('',*,*,#503,.T.);
#3050 = ORIENTED_EDGE('',*,*,#2997,.T.);
#3051 = ADVANCED_FACE('',(#3052),#918,.F.);
#3052 = FACE_BOUND('',#3053,.T.);
#3053 = EDGE_LOOP('',(#3054,#3055,#3076,#3077));
#3054 = ORIENTED_EDGE('',*,*,#901,.F.);
#3055 = ORIENTED_EDGE('',*,*,#3056,.T.);
#3056 = EDGE_CURVE('',#902,#2008,#3057,.T.);
#3057 = SEAM_CURVE('',#3058,(#3062,#3069),.PCURVE_S1.);
#3058 = LINE('',#3059,#3060);
#3059 = CARTESIAN_POINT('',(-28.6,-17.,0.));
#3060 = VECTOR('',#3061,1.);
#3061 = DIRECTION('',(0.,0.,1.));
#3062 = PCURVE('',#918,#3063);
#3063 = DEFINITIONAL_REPRESENTATION('',(#3064),#3068);
#3064 = LINE('',#3065,#3066);
#3065 = CARTESIAN_POINT('',(-6.28318530718,0.));
#3066 = VECTOR('',#3067,1.);
#3067 = DIRECTION('',(-0.,-1.));
#3068 = ( GEOMETRIC_REPRESENTATION_CONTEXT(2) 
PARAMETRIC_REPRESENTATION_CONTEXT() REPRESENTATION_CONTEXT('2D SPACE',''
  ) );
#3069 = PCURVE('',#918,#3070);
#3070 = DEFINITIONAL_REPRESENTATION('',(#3071),#3075);
#3071 = LINE('',#3072,#3073);
#3072 = CARTESIAN_POINT('',(-0.,0.));
#3073 = VECTOR('',#3074,1.);
#3074 = DIRECTION('',(-0.,-1.));
#3075 = ( GEOMETRIC_REPRESENTATION_CONTEXT(2) 
PARAMETRIC_REPRESENTATION_CONTEXT() REPRESENTATION_CONTEXT('2D SPACE',''
  ) );
#3076 = ORIENTED_EDGE('',*,*,#2007,.F.);
#3077 = ORIENTED_EDGE('',*,*,#3056,.F.);
#3078 = ADVANCED_FACE('',(#3079),#949,.F.);
#3079 = FACE_BOUND('',#3080,.T.);
#3080 = EDGE_LOOP('',(#3081,#3082,#3103,#3104));
#3081 = ORIENTED_EDGE('',*,*,#932,.F.);
#3082 = ORIENTED_EDGE('',*,*,#3083,.T.);
#3083 = EDGE_CURVE('',#933,#2038,#3084,.T.);
#3084 = SEAM_CURVE('',#3085,(#3089,#3096),.PCURVE_S1.);
#3085 = LINE('',#3086,#3087);
#3086 = CARTESIAN_POINT('',(-28.6,-9.,0.));
#3087 = VECTOR('',#3088,1.);
#3088 = DIRECTION('',(0.,0.,1.));
#3089 = PCURVE('',#949,#3090);
#3090 = DEFINITIONAL_REPRESENTATION('',(#3091),#3095);
#3091 = LINE('',#3092,#3093);
#3092 = CARTESIAN_POINT('',(-6.28318530718,0.));
#3093 = VECTOR('',#3094,1.);
#3094 = DIRECTION('',(-0.,-1.));
#3095 = ( GEOMETRIC_REPRESENTATION_CONTEXT(2) 
PARAMETRIC_REPRESENTATION_CONTEXT() REPRESENTATION_CONTEXT('2D SPACE',''
  ) );
#3096 = PCURVE('',#949,#3097);
#3097 = DEFINITIONAL_REPRESENTATION('',(#3098),#3102);
#3098 = LINE('',#3099,#3100);
#3099 = CARTESIAN_POINT('',(-0.,0.));
#3100 = VECTOR('',#3101,1.);
#3101 = DIRECTION('',(-0.,-1.));
#3102 = ( GEOMETRIC_REPRESENTATION_CONTEXT(2) 
PARAMETRIC_REPRESENTATION_CONTEXT() REPRESENTATION_CONTEXT('2D SPACE',''
  ) );
#3103 = ORIENTED_EDGE('',*,*,#2037,.F.);
#3104 = ORIENTED_EDGE('',*,*,#3083,.F.);
#3105 = ADVANCED_FACE('',(#3106),#980,.F.);
#3106 = FACE_BOUND('',#3107,.T.);
#3107 = EDGE_LOOP('',(#3108,#3109,#3130,#3131));
#3108 = ORIENTED_EDGE('',*,*,#963,.F.);
#3109 = ORIENTED_EDGE('',*,*,#3110,.T.);
#3110 = EDGE_CURVE('',#964,#2068,#3111,.T.);
#3111 = SEAM_CURVE('',#3112,(#3116,#3123),.PCURVE_S1.);
#3112 = LINE('',#3113,#3114);
#3113 = CARTESIAN_POINT('',(-13.6,-13.,0.));
#3114 = VECTOR('',#3115,1.);
#3115 = DIRECTION('',(0.,0.,1.));
#3116 = PCURVE('',#980,#3117);
#3117 = DEFINITIONAL_REPRESENTATION('',(#3118),#3122);
#3118 = LINE('',#3119,#3120);
#3119 = CARTESIAN_POINT('',(-6.28318530718,0.));
#3120 = VECTOR('',#3121,1.);
#3121 = DIRECTION('',(-0.,-1.));
#3122 = ( GEOMETRIC_REPRESENTATION_CONTEXT(2) 
PARAMETRIC_REPRESENTATION_CONTEXT() REPRESENTATION_CONTEXT('2D SPACE',''
  ) );
#3123 = PCURVE('',#980,#3124);
#3124 = DEFINITIONAL_REPRESENTATION('',(#3125),#3129);
#3125 = LINE('',#3126,#3127);
#3126 = CARTESIAN_POINT('',(-0.,0.));
#3127 = VECTOR('',#3128,1.);
#3128 = DIRECTION('',(-0.,-1.));
#3129 = ( GEOMETRIC_REPRESENTATION_CONTEXT(2) 
PARAMETRIC_REPRESENTATION_CONTEXT() REPRESENTATION_CONTEXT('2D SPACE',''
  ) );
#3130 = ORIENTED_EDGE('',*,*,#2067,.F.);
#3131 = ORIENTED_EDGE('',*,*,#3110,.F.);
#3132 = ADVANCED_FACE('',(#3133),#1011,.F.);
#3133 = FACE_BOUND('',#3134,.T.);
#3134 = EDGE_LOOP('',(#3135,#3136,#3157,#3158));
#3135 = ORIENTED_EDGE('',*,*,#994,.F.);
#3136 = ORIENTED_EDGE('',*,*,#3137,.T.);
#3137 = EDGE_CURVE('',#995,#2098,#3138,.T.);
#3138 = SEAM_CURVE('',#3139,(#3143,#3150),.PCURVE_S1.);
#3139 = LINE('',#3140,#3141);
#3140 = CARTESIAN_POINT('',(10.4,-30.,0.));
#3141 = VECTOR('',#3142,1.);
#3142 = DIRECTION('',(0.,0.,1.));
#3143 = PCURVE('',#1011,#3144);
#3144 = DEFINITIONAL_REPRESENTATION('',(#3145),#3149);
#3145 = LINE('',#3146,#3147);
#3146 = CARTESIAN_POINT('',(-6.28318530718,0.));
#3147 = VECTOR('',#3148,1.);
#3148 = DIRECTION('',(-0.,-1.));
#3149 = ( GEOMETRIC_REPRESENTATION_CONTEXT(2) 
PARAMETRIC_REPRESENTATION_CONTEXT() REPRESENTATION_CONTEXT('2D SPACE',''
  ) );
#3150 = PCURVE('',#1011,#3151);
#3151 = DEFINITIONAL_REPRESENTATION('',(#3152),#3156);
#3152 = LINE('',#3153,#3154);
#3153 = CARTESIAN_POINT('',(-0.,0.));
#3154 = VECTOR('',#3155,1.);
#3155 = DIRECTION('',(-0.,-1.));
#3156 = ( GEOMETRIC_REPRESENTATION_CONTEXT(2) 
PARAMETRIC_REPRESENTATION_CONTEXT() REPRESENTATION_CONTEXT('2D SPACE',''
  ) );
#3157 = ORIENTED_EDGE('',*,*,#2097,.F.);
#3158 = ORIENTED_EDGE('',*,*,#3137,.F.);
#3159 = ADVANCED_FACE('',(#3160),#1042,.F.);
#3160 = FACE_BOUND('',#3161,.T.);
#3161 = EDGE_LOOP('',(#3162,#3163,#3184,#3185));
#3162 = ORIENTED_EDGE('',*,*,#1025,.F.);
#3163 = ORIENTED_EDGE('',*,*,#3164,.T.);
#3164 = EDGE_CURVE('',#1026,#2128,#3165,.T.);
#3165 = SEAM_CURVE('',#3166,(#3170,#3177),.PCURVE_S1.);
#3166 = LINE('',#3167,#3168);
#3167 = CARTESIAN_POINT('',(18.4,-30.,0.));
#3168 = VECTOR('',#3169,1.);
#3169 = DIRECTION('',(0.,0.,1.));
#3170 = PCURVE('',#1042,#3171);
#3171 = DEFINITIONAL_REPRESENTATION('',(#3172),#3176);
#3172 = LINE('',#3173,#3174);
#3173 = CARTESIAN_POINT('',(-6.28318530718,0.));
#3174 = VECTOR('',#3175,1.);
#3175 = DIRECTION('',(-0.,-1.));
#3176 = ( GEOMETRIC_REPRESENTATION_CONTEXT(2) 
PARAMETRIC_REPRESENTATION_CONTEXT() REPRESENTATION_CONTEXT('2D SPACE',''
  ) );
#3177 = PCURVE('',#1042,#3178);
#3178 = DEFINITIONAL_REPRESENTATION('',(#3179),#3183);
#3179 = LINE('',#3180,#3181);
#3180 = CARTESIAN_POINT('',(-0.,0.));
#3181 = VECTOR('',#3182,1.);
#3182 = DIRECTION('',(-0.,-1.));
#3183 = ( GEOMETRIC_REPRESENTATION_CONTEXT(2) 
PARAMETRIC_REPRESENTATION_CONTEXT() REPRESENTATION_CONTEXT('2D SPACE',''
  ) );
#3184 = ORIENTED_EDGE('',*,*,#2127,.F.);
#3185 = ORIENTED_EDGE('',*,*,#3164,.F.);
#3186 = ADVANCED_FACE('',(#3187),#1073,.F.);
#3187 = FACE_BOUND('',#3188,.T.);
#3188 = EDGE_LOOP('',(#3189,#3190,#3211,#3212));
#3189 = ORIENTED_EDGE('',*,*,#1056,.F.);
#3190 = ORIENTED_EDGE('',*,*,#3191,.T.);
#3191 = EDGE_CURVE('',#1057,#2158,#3192,.T.);
#3192 = SEAM_CURVE('',#3193,(#3197,#3204),.PCURVE_S1.);
#3193 = LINE('',#3194,#3195);
#3194 = CARTESIAN_POINT('',(14.4,-15.,0.));
#3195 = VECTOR('',#3196,1.);
#3196 = DIRECTION('',(0.,0.,1.));
#3197 = PCURVE('',#1073,#3198);
#3198 = DEFINITIONAL_REPRESENTATION('',(#3199),#3203);
#3199 = LINE('',#3200,#3201);
#3200 = CARTESIAN_POINT('',(-6.28318530718,0.));
#3201 = VECTOR('',#3202,1.);
#3202 = DIRECTION('',(-0.,-1.));
#3203 = ( GEOMETRIC_REPRESENTATION_CONTEXT(2) 
PARAMETRIC_REPRESENTATION_CONTEXT() REPRESENTATION_CONTEXT('2D SPACE',''
  ) );
#3204 = PCURVE('',#1073,#3205);
#3205 = DEFINITIONAL_REPRESENTATION('',(#3206),#3210);
#3206 = LINE('',#3207,#3208);
#3207 = CARTESIAN_POINT('',(-0.,0.));
#3208 = VECTOR('',#3209,1.);
#3209 = DIRECTION('',(-0.,-1.));
#3210 = ( GEOMETRIC_REPRESENTATION_CONTEXT(2) 
PARAMETRIC_REPRESENTATION_CONTEXT() REPRESENTATION_CONTEXT('2D SPACE',''
  ) );
#3211 = ORIENTED_EDGE('',*,*,#2157,.F.);
#3212 = ORIENTED_EDGE('',*,*,#3191,.F.);
#3213 = ADVANCED_FACE('',(#3214),#1104,.F.);
#3214 = FACE_BOUND('',#3215,.T.);
#3215 = EDGE_LOOP('',(#3216,#3217,#3238,#3239));
#3216 = ORIENTED_EDGE('',*,*,#1087,.F.);
#3217 = ORIENTED_EDGE('',*,*,#3218,.T.);
#3218 = EDGE_CURVE('',#1088,#2188,#3219,.T.);
#3219 = SEAM_CURVE('',#3220,(#3224,#3231),.PCURVE_S1.);
#3220 = LINE('',#3221,#3222);
#3221 = CARTESIAN_POINT('',(-11.6,15.,0.));
#3222 = VECTOR('',#3223,1.);
#3223 = DIRECTION('',(0.,0.,1.));
#3224 = PCURVE('',#1104,#3225);
#3225 = DEFINITIONAL_REPRESENTATION('',(#3226),#3230);
#3226 = LINE('',#3227,#3228);
#3227 = CARTESIAN_POINT('',(-6.28318530718,0.));
#3228 = VECTOR('',#3229,1.);
#3229 = DIRECTION('',(-0.,-1.));
#3230 = ( GEOMETRIC_REPRESENTATION_CONTEXT(2) 
PARAMETRIC_REPRESENTATION_CONTEXT() REPRESENTATION_CONTEXT('2D SPACE',''
  ) );
#3231 = PCURVE('',#1104,#3232);
#3232 = DEFINITIONAL_REPRESENTATION('',(#3233),#3237);
#3233 = LINE('',#3234,#3235);
#3234 = CARTESIAN_POINT('',(-0.,0.));
#3235 = VECTOR('',#3236,1.);
#3236 = DIRECTION('',(-0.,-1.));
#3237 = ( GEOMETRIC_REPRESENTATION_CONTEXT(2) 
PARAMETRIC_REPRESENTATION_CONTEXT() REPRESENTATION_CONTEXT('2D SPACE',''
  ) );
#3238 = ORIENTED_EDGE('',*,*,#2187,.F.);
#3239 = ORIENTED_EDGE('',*,*,#3218,.F.);
#3240 = ADVANCED_FACE('',(#3241),#1135,.F.);
#3241 = FACE_BOUND('',#3242,.T.);
#3242 = EDGE_LOOP('',(#3243,#3244,#3265,#3266));
#3243 = ORIENTED_EDGE('',*,*,#1118,.F.);
#3244 = ORIENTED_EDGE('',*,*,#3245,.T.);
#3245 = EDGE_CURVE('',#1119,#2218,#3246,.T.);
#3246 = SEAM_CURVE('',#3247,(#3251,#3258),.PCURVE_S1.);
#3247 = LINE('',#3248,#3249);
#3248 = CARTESIAN_POINT('',(-15.6,30.,0.));
#3249 = VECTOR('',#3250,1.);
#3250 = DIRECTION('',(0.,0.,1.));
#3251 = PCURVE('',#1135,#3252);
#3252 = DEFINITIONAL_REPRESENTATION('',(#3253),#3257);
#3253 = LINE('',#3254,#3255);
#3254 = CARTESIAN_POINT('',(-6.28318530718,0.));
#3255 = VECTOR('',#3256,1.);
#3256 = DIRECTION('',(-0.,-1.));
#3257 = ( GEOMETRIC_REPRESENTATION_CONTEXT(2) 
PARAMETRIC_REPRESENTATION_CONTEXT() REPRESENTATION_CONTEXT('2D SPACE',''
  ) );
#3258 = PCURVE('',#1135,#3259);
#3259 = DEFINITIONAL_REPRESENTATION('',(#3260),#3264);
#3260 = LINE('',#3261,#3262);
#3261 = CARTESIAN_POINT('',(-0.,0.));
#3262 = VECTOR('',#3263,1.);
#3263 = DIRECTION('',(-0.,-1.));
#3264 = ( GEOMETRIC_REPRESENTATION_CONTEXT(2) 
PARAMETRIC_REPRESENTATION_CONTEXT() REPRESENTATION_CONTEXT('2D SPACE',''
  ) );
#3265 = ORIENTED_EDGE('',*,*,#2217,.F.);
#3266 = ORIENTED_EDGE('',*,*,#3245,.F.);
#3267 = ADVANCED_FACE('',(#3268),#1166,.F.);
#3268 = FACE_BOUND('',#3269,.T.);
#3269 = EDGE_LOOP('',(#3270,#3271,#3292,#3293));
#3270 = ORIENTED_EDGE('',*,*,#1149,.F.);
#3271 = ORIENTED_EDGE('',*,*,#3272,.T.);
#3272 = EDGE_CURVE('',#1150,#2248,#3273,.T.);
#3273 = SEAM_CURVE('',#3274,(#3278,#3285),.PCURVE_S1.);
#3274 = LINE('',#3275,#3276);
#3275 = CARTESIAN_POINT('',(-7.6,30.,0.));
#3276 = VECTOR('',#3277,1.);
#3277 = DIRECTION('',(0.,0.,1.));
#3278 = PCURVE('',#1166,#3279);
#3279 = DEFINITIONAL_REPRESENTATION('',(#3280),#3284);
#3280 = LINE('',#3281,#3282);
#3281 = CARTESIAN_POINT('',(-6.28318530718,0.));
#3282 = VECTOR('',#3283,1.);
#3283 = DIRECTION('',(-0.,-1.));
#3284 = ( GEOMETRIC_REPRESENTATION_CONTEXT(2) 
PARAMETRIC_REPRESENTATION_CONTEXT() REPRESENTATION_CONTEXT('2D SPACE',''
  ) );
#3285 = PCURVE('',#1166,#3286);
#3286 = DEFINITIONAL_REPRESENTATION('',(#3287),#3291);
#3287 = LINE('',#3288,#3289);
#3288 = CARTESIAN_POINT('',(-0.,0.));
#3289 = VECTOR('',#3290,1.);
#3290 = DIRECTION('',(-0.,-1.));
#3291 = ( GEOMETRIC_REPRESENTATION_CONTEXT(2) 
PARAMETRIC_REPRESENTATION_CONTEXT() REPRESENTATION_CONTEXT('2D SPACE',''
  ) );
#3292 = ORIENTED_EDGE('',*,*,#2247,.F.);
#3293 = ORIENTED_EDGE('',*,*,#3272,.F.);
#3294 = ADVANCED_FACE('',(#3295,#3720),#1197,.F.);
#3295 = FACE_BOUND('',#3296,.T.);
#3296 = EDGE_LOOP('',(#3297,#3320,#3321,#3322,#3497,#3520,#3551,#3552));
#3297 = ORIENTED_EDGE('',*,*,#3298,.F.);
#3298 = EDGE_CURVE('',#1181,#3299,#3301,.T.);
#3299 = VERTEX_POINT('',#3300);
#3300 = CARTESIAN_POINT('',(2.65,0.,12.35));
#3301 = SEAM_CURVE('',#3302,(#3306,#3313),.PCURVE_S1.);
#3302 = LINE('',#3303,#3304);
#3303 = CARTESIAN_POINT('',(2.65,0.,0.));
#3304 = VECTOR('',#3305,1.);
#3305 = DIRECTION('',(0.,0.,1.));
#3306 = PCURVE('',#1197,#3307);
#3307 = DEFINITIONAL_REPRESENTATION('',(#3308),#3312);
#3308 = LINE('',#3309,#3310);
#3309 = CARTESIAN_POINT('',(-6.28318530718,0.));
#3310 = VECTOR('',#3311,1.);
#3311 = DIRECTION('',(-0.,-1.));
#3312 = ( GEOMETRIC_REPRESENTATION_CONTEXT(2) 
PARAMETRIC_REPRESENTATION_CONTEXT() REPRESENTATION_CONTEXT('2D SPACE',''
  ) );
#3313 = PCURVE('',#1197,#3314);
#3314 = DEFINITIONAL_REPRESENTATION('',(#3315),#3319);
#3315 = LINE('',#3316,#3317);
#3316 = CARTESIAN_POINT('',(-0.,0.));
#3317 = VECTOR('',#3318,1.);
#3318 = DIRECTION('',(-0.,-1.));
#3319 = ( GEOMETRIC_REPRESENTATION_CONTEXT(2) 
PARAMETRIC_REPRESENTATION_CONTEXT() REPRESENTATION_CONTEXT('2D SPACE',''
  ) );
#3320 = ORIENTED_EDGE('',*,*,#1180,.F.);
#3321 = ORIENTED_EDGE('',*,*,#3298,.T.);
#3322 = ORIENTED_EDGE('',*,*,#3323,.T.);
#3323 = EDGE_CURVE('',#3299,#3324,#3326,.T.);
#3324 = VERTEX_POINT('',#3325);
#3325 = CARTESIAN_POINT('',(2.65,2.020667218593E-16,15.65));
#3326 = SURFACE_CURVE('',#3327,(#3380,#3436),.PCURVE_S1.);
#3327 = B_SPLINE_CURVE_WITH_KNOTS('',6,(#3328,#3329,#3330,#3331,#3332,
    #3333,#3334,#3335,#3336,#3337,#3338,#3339,#3340,#3341,#3342,#3343,
    #3344,#3345,#3346,#3347,#3348,#3349,#3350,#3351,#3352,#3353,#3354,
    #3355,#3356,#3357,#3358,#3359,#3360,#3361,#3362,#3363,#3364,#3365,
    #3366,#3367,#3368,#3369,#3370,#3371,#3372,#3373,#3374,#3375,#3376,
    #3377,#3378,#3379),.UNSPECIFIED.,.F.,.F.,(7,5,5,5,5,5,5,5,5,5,7),(0.
    ,0.120056093283,0.170920562324,0.293692792797,0.399066300076,
    0.499985677376,0.602410464371,0.707393413138,0.828420774942,
    0.880552511974,1.),.UNSPECIFIED.);
#3328 = CARTESIAN_POINT('',(2.65,-1.010333609297E-16,12.35));
#3329 = CARTESIAN_POINT('',(2.65,0.121693246933,12.35));
#3330 = CARTESIAN_POINT('',(2.643293743257,0.242624702142,
    12.360770380439));
#3331 = CARTESIAN_POINT('',(2.630039883753,0.361032144024,
    12.382058184768));
#3332 = CARTESIAN_POINT('',(2.610910255536,0.475196936411,
    12.413101128837));
#3333 = CARTESIAN_POINT('',(2.587073671823,0.583541429763,
    12.452632004068));
#3334 = CARTESIAN_POINT('',(2.548543591009,0.727595219201,
    12.518336985026));
#3335 = CARTESIAN_POINT('',(2.536460824933,0.769317985447,12.53914193537
    ));
#3336 = CARTESIAN_POINT('',(2.523839959537,0.80987863973,12.561117601832
    ));
#3337 = CARTESIAN_POINT('',(2.510757990894,0.849265017843,
    12.584186692246));
#3338 = CARTESIAN_POINT('',(2.497290460493,0.887468517896,
    12.608275627067));
#3339 = CARTESIAN_POINT('',(2.450252891029,1.013829093002,
    12.693751287676));
#3340 = CARTESIAN_POINT('',(2.415174976533,1.096263669046,
    12.759729602134));
#3341 = CARTESIAN_POINT('',(2.379235451745,1.171928822366,
    12.830414899078));
#3342 = CARTESIAN_POINT('',(2.343283510947,1.240999500579,
    12.905202988559));
#3343 = CARTESIAN_POINT('',(2.308105981842,1.303626568679,
    12.983671679526));
#3344 = CARTESIAN_POINT('',(2.245607269505,1.408159169774,
    13.135792162897));
#3345 = CARTESIAN_POINT('',(2.217855591806,1.451783661517,
    13.208608796118));
#3346 = CARTESIAN_POINT('',(2.191750670392,1.490710087311,
    13.283704254588));
#3347 = CARTESIAN_POINT('',(2.167812998815,1.524898629737,
    13.360843934028));
#3348 = CARTESIAN_POINT('',(2.146533795978,1.554291947286,
    13.439833462604));
#3349 = CARTESIAN_POINT('',(2.110949390779,1.602262911666,
    13.597787128742));
#3350 = CARTESIAN_POINT('',(2.096379765283,1.621255157474,
    13.676644504944));
#3351 = CARTESIAN_POINT('',(2.085108046272,1.635592715606,
    13.756660556874));
#3352 = CARTESIAN_POINT('',(2.077470806007,1.645190807287,
    13.837455608556));
#3353 = CARTESIAN_POINT('',(2.073644135333,1.65,13.918681608691));
#3354 = CARTESIAN_POINT('',(2.073644135333,1.65,14.082531414));
#3355 = CARTESIAN_POINT('',(2.077585819351,1.645046262726,
    14.164963876137));
#3356 = CARTESIAN_POINT('',(2.08545169201,1.635160841338,14.246945917339
    ));
#3357 = CARTESIAN_POINT('',(2.097055245637,1.620395761741,
    14.328115783917));
#3358 = CARTESIAN_POINT('',(2.112040515156,1.600839843881,
    14.408077863572));
#3359 = CARTESIAN_POINT('',(2.148251869504,1.551922335656,
    14.566650215725));
#3360 = CARTESIAN_POINT('',(2.169634487733,1.522314932012,14.64521997523
    ));
#3361 = CARTESIAN_POINT('',(2.19362892587,1.487953024832,14.721940966007
    ));
#3362 = CARTESIAN_POINT('',(2.219748857183,1.448892025799,14.79662216778
    ));
#3363 = CARTESIAN_POINT('',(2.247480171977,1.405169273594,
    14.869032772193));
#3364 = CARTESIAN_POINT('',(2.309519407559,1.301088072168,
    15.019442745719));
#3365 = CARTESIAN_POINT('',(2.344214952411,1.239156798009,
    15.096679164024));
#3366 = CARTESIAN_POINT('',(2.379646087883,1.170960896633,
    15.170329415634));
#3367 = CARTESIAN_POINT('',(2.415058370115,1.096355427934,
    15.239986992854));
#3368 = CARTESIAN_POINT('',(2.449638145064,1.015173060654,
    15.305072950999));
#3369 = CARTESIAN_POINT('',(2.496611418447,0.889418239186,
    15.390514388914));
#3370 = CARTESIAN_POINT('',(2.510430021631,0.85031021213,15.415243396902
    ));
#3371 = CARTESIAN_POINT('',(2.523845636693,0.809959533203,
    15.438903128625));
#3372 = CARTESIAN_POINT('',(2.536776966341,0.768375440365,
    15.461414429176));
#3373 = CARTESIAN_POINT('',(2.549141109165,0.725571114061,
    15.482694047341));
#3374 = CARTESIAN_POINT('',(2.587689856812,0.580731092603,
    15.548389580629));
#3375 = CARTESIAN_POINT('',(2.61130541082,0.472831643766,15.587540121067
    ));
#3376 = CARTESIAN_POINT('',(2.630245733133,0.359191055352,
    15.618272456647));
#3377 = CARTESIAN_POINT('',(2.643363586896,0.241367785941,
    15.639341784167));
#3378 = CARTESIAN_POINT('',(2.65,0.121057914602,15.65));
#3379 = CARTESIAN_POINT('',(2.65,2.020667218593E-16,15.65));
#3380 = PCURVE('',#1197,#3381);
#3381 = DEFINITIONAL_REPRESENTATION('',(#3382),#3435);
#3382 = B_SPLINE_CURVE_WITH_KNOTS('',6,(#3383,#3384,#3385,#3386,#3387,
    #3388,#3389,#3390,#3391,#3392,#3393,#3394,#3395,#3396,#3397,#3398,
    #3399,#3400,#3401,#3402,#3403,#3404,#3405,#3406,#3407,#3408,#3409,
    #3410,#3411,#3412,#3413,#3414,#3415,#3416,#3417,#3418,#3419,#3420,
    #3421,#3422,#3423,#3424,#3425,#3426,#3427,#3428,#3429,#3430,#3431,
    #3432,#3433,#3434),.UNSPECIFIED.,.F.,.F.,(7,5,5,5,5,5,5,5,5,5,7),(0.
    ,0.120056093283,0.170920562324,0.293692792797,0.399066300076,
    0.499985677376,0.602410464371,0.707393413138,0.828420774942,
    0.880552511974,1.),.UNSPECIFIED.);
#3383 = CARTESIAN_POINT('',(0.,-12.35));
#3384 = CARTESIAN_POINT('',(-4.592197997457E-02,-12.35));
#3385 = CARTESIAN_POINT('',(-9.155657354484E-02,-12.36077038043));
#3386 = CARTESIAN_POINT('',(-0.136412547315,-12.38205818476));
#3387 = CARTESIAN_POINT('',(-0.180006659528,-12.41310112883));
#3388 = CARTESIAN_POINT('',(-0.221827233029,-12.45263200406));
#3389 = CARTESIAN_POINT('',(-0.278098028961,-12.51833698502));
#3390 = CARTESIAN_POINT('',(-0.294485967436,-12.53914193537));
#3391 = CARTESIAN_POINT('',(-0.310511122775,-12.56111760183));
#3392 = CARTESIAN_POINT('',(-0.326168258493,-12.58418669224));
#3393 = CARTESIAN_POINT('',(-0.341451924998,-12.60827562706));
#3394 = CARTESIAN_POINT('',(-0.392331728609,-12.69375128767));
#3395 = CARTESIAN_POINT('',(-0.426102786549,-12.75972960213));
#3396 = CARTESIAN_POINT('',(-0.457676482949,-12.83041489907));
#3397 = CARTESIAN_POINT('',(-0.48703685805,-12.90520298855));
#3398 = CARTESIAN_POINT('',(-0.514132613021,-12.98367167952));
#3399 = CARTESIAN_POINT('',(-0.560091645245,-13.13579216289));
#3400 = CARTESIAN_POINT('',(-0.579594871991,-13.20860879611));
#3401 = CARTESIAN_POINT('',(-0.597274941927,-13.28370425458));
#3402 = CARTESIAN_POINT('',(-0.613021044052,-13.36084393402));
#3403 = CARTESIAN_POINT('',(-0.62671348275,-13.4398334626));
#3404 = CARTESIAN_POINT('',(-0.649252443336,-13.59778712874));
#3405 = CARTESIAN_POINT('',(-0.658284079044,-13.67664450494));
#3406 = CARTESIAN_POINT('',(-0.665166036416,-13.75666055687));
#3407 = CARTESIAN_POINT('',(-0.669794700603,-13.83745560855));
#3408 = CARTESIAN_POINT('',(-0.672113887824,-13.91868160869));
#3409 = CARTESIAN_POINT('',(-0.672113887824,-14.082531414));
#3410 = CARTESIAN_POINT('',(-0.669724996362,-14.16496387613));
#3411 = CARTESIAN_POINT('',(-0.664957763236,-14.24694591733));
#3412 = CARTESIAN_POINT('',(-0.657871610367,-14.32811578391));
#3413 = CARTESIAN_POINT('',(-0.648575843708,-14.40807786357));
#3414 = CARTESIAN_POINT('',(-0.625609045828,-14.56665021572));
#3415 = CARTESIAN_POINT('',(-0.611828306195,-14.64521997523));
#3416 = CARTESIAN_POINT('',(-0.59601637393,-14.721940966));
#3417 = CARTESIAN_POINT('',(-0.578291006053,-14.79662216778));
#3418 = CARTESIAN_POINT('',(-0.55876060526,-14.86903277219));
#3419 = CARTESIAN_POINT('',(-0.513036708631,-15.01944274571));
#3420 = CARTESIAN_POINT('',(-0.486258644434,-15.09667916402));
#3421 = CARTESIAN_POINT('',(-0.4572809834,-15.17032941563));
#3422 = CARTESIAN_POINT('',(-0.42615231198,-15.23998699285));
#3423 = CARTESIAN_POINT('',(-0.392887975107,-15.30507295099));
#3424 = CARTESIAN_POINT('',(-0.342230828891,-15.39051438891));
#3425 = CARTESIAN_POINT('',(-0.32658135899,-15.4152433969));
#3426 = CARTESIAN_POINT('',(-0.310539501861,-15.43890312862));
#3427 = CARTESIAN_POINT('',(-0.294111135073,-15.46141442917));
#3428 = CARTESIAN_POINT('',(-0.277301905725,-15.48269404734));
#3429 = CARTESIAN_POINT('',(-0.220742630435,-15.54838958062));
#3430 = CARTESIAN_POINT('',(-0.179103519982,-15.58754012106));
#3431 = CARTESIAN_POINT('',(-0.135715089351,-15.61827245664));
#3432 = CARTESIAN_POINT('',(-9.108226353577E-02,-15.63934178416));
#3433 = CARTESIAN_POINT('',(-4.568223192534E-02,-15.65));
#3434 = CARTESIAN_POINT('',(0.,-15.65));
#3435 = ( GEOMETRIC_REPRESENTATION_CONTEXT(2) 
PARAMETRIC_REPRESENTATION_CONTEXT() REPRESENTATION_CONTEXT('2D SPACE',''
  ) );
#3436 = PCURVE('',#3437,#3442);
#3437 = CYLINDRICAL_SURFACE('',#3438,1.65);
#3438 = AXIS2_PLACEMENT_3D('',#3439,#3440,#3441);
#3439 = CARTESIAN_POINT('',(-11.,0.,14.));
#3440 = DIRECTION('',(1.,0.,0.));
#3441 = DIRECTION('',(-0.,0.,1.));
#3442 = DEFINITIONAL_REPRESENTATION('',(#3443),#3496);
#3443 = B_SPLINE_CURVE_WITH_KNOTS('',6,(#3444,#3445,#3446,#3447,#3448,
    #3449,#3450,#3451,#3452,#3453,#3454,#3455,#3456,#3457,#3458,#3459,
    #3460,#3461,#3462,#3463,#3464,#3465,#3466,#3467,#3468,#3469,#3470,
    #3471,#3472,#3473,#3474,#3475,#3476,#3477,#3478,#3479,#3480,#3481,
    #3482,#3483,#3484,#3485,#3486,#3487,#3488,#3489,#3490,#3491,#3492,
    #3493,#3494,#3495),.UNSPECIFIED.,.F.,.F.,(7,5,5,5,5,5,5,5,5,5,7),(0.
    ,0.120056093283,0.170920562324,0.293692792797,0.399066300076,
    0.499985677376,0.602410464371,0.707393413138,0.828420774942,
    0.880552511974,1.),.UNSPECIFIED.);
#3444 = CARTESIAN_POINT('',(3.14159265359,13.65));
#3445 = CARTESIAN_POINT('',(3.215346136579,13.65));
#3446 = CARTESIAN_POINT('',(3.28863784302,13.643293743257));
#3447 = CARTESIAN_POINT('',(3.361122501854,13.630039883753));
#3448 = CARTESIAN_POINT('',(3.432433208141,13.610910255536));
#3449 = CARTESIAN_POINT('',(3.502117740627,13.587073671823));
#3450 = CARTESIAN_POINT('',(3.598075794622,13.548543591009));
#3451 = CARTESIAN_POINT('',(3.626314884146,13.536460824933));
#3452 = CARTESIAN_POINT('',(3.654249279143,13.523839959537));
#3453 = CARTESIAN_POINT('',(3.681890366925,13.510757990894));
#3454 = CARTESIAN_POINT('',(3.709248425995,13.497290460493));
#3455 = CARTESIAN_POINT('',(3.801706111942,13.450252891029));
#3456 = CARTESIAN_POINT('',(3.865492787499,13.415174976533));
#3457 = CARTESIAN_POINT('',(3.927980740744,13.379235451745));
#3458 = CARTESIAN_POINT('',(3.989438276836,13.343283510947));
#3459 = CARTESIAN_POINT('',(4.050128833112,13.308105981842));
#3460 = CARTESIAN_POINT('',(4.161992100942,13.245607269505));
#3461 = CARTESIAN_POINT('',(4.213337238318,13.217855591806));
#3462 = CARTESIAN_POINT('',(4.264456772417,13.191750670392));
#3463 = CARTESIAN_POINT('',(4.31545169556,13.167812998815));
#3464 = CARTESIAN_POINT('',(4.366435079671,13.146533795978));
#3465 = CARTESIAN_POINT('',(4.466482036635,13.110949390779));
#3466 = CARTESIAN_POINT('',(4.515556806659,13.096379765283));
#3467 = CARTESIAN_POINT('',(4.564694935171,13.085108046272));
#3468 = CARTESIAN_POINT('',(4.613877260766,13.077470806007));
#3469 = CARTESIAN_POINT('',(4.663105106864,13.073644135333));
#3470 = CARTESIAN_POINT('',(4.762408019172,13.073644135333));
#3471 = CARTESIAN_POINT('',(4.812367051167,13.077585819351));
#3472 = CARTESIAN_POINT('',(4.862278566594,13.08545169201));
#3473 = CARTESIAN_POINT('',(4.912145046177,13.097055245637));
#3474 = CARTESIAN_POINT('',(4.961947239308,13.112040515156));
#3475 = CARTESIAN_POINT('',(5.062520643059,13.148251869504));
#3476 = CARTESIAN_POINT('',(5.113312385644,13.169634487733));
#3477 = CARTESIAN_POINT('',(5.164119879139,13.19362892587));
#3478 = CARTESIAN_POINT('',(5.215055922716,13.219748857183));
#3479 = CARTESIAN_POINT('',(5.266221877359,13.247480171977));
#3480 = CARTESIAN_POINT('',(5.377076403804,13.309519407559));
#3481 = CARTESIAN_POINT('',(5.436926760707,13.344214952411));
#3482 = CARTESIAN_POINT('',(5.497527848346,13.379646087883));
#3483 = CARTESIAN_POINT('',(5.559132463425,13.415058370115));
#3484 = CARTESIAN_POINT('',(5.621997790224,13.449638145064));
#3485 = CARTESIAN_POINT('',(5.714139961755,13.496611418447));
#3486 = CARTESIAN_POINT('',(5.742167625068,13.510430021631));
#3487 = CARTESIAN_POINT('',(5.770492210524,13.523845636693));
#3488 = CARTESIAN_POINT('',(5.799124759104,13.536776966341));
#3489 = CARTESIAN_POINT('',(5.828077527673,13.549141109165));
#3490 = CARTESIAN_POINT('',(5.924466956105,13.587689856812));
#3491 = CARTESIAN_POINT('',(5.993821963099,13.61130541082));
#3492 = CARTESIAN_POINT('',(6.064782531345,13.630245733133));
#3493 = CARTESIAN_POINT('',(6.136901882987,13.643363586896));
#3494 = CARTESIAN_POINT('',(6.209816874087,13.65));
#3495 = CARTESIAN_POINT('',(6.28318530718,13.65));
#3496 = ( GEOMETRIC_REPRESENTATION_CONTEXT(2) 
PARAMETRIC_REPRESENTATION_CONTEXT() REPRESENTATION_CONTEXT('2D SPACE',''
  ) );
#3497 = ORIENTED_EDGE('',*,*,#3498,.T.);
#3498 = EDGE_CURVE('',#3324,#3499,#3501,.T.);
#3499 = VERTEX_POINT('',#3500);
#3500 = CARTESIAN_POINT('',(2.65,0.,23.));
#3501 = SEAM_CURVE('',#3502,(#3506,#3513),.PCURVE_S1.);
#3502 = LINE('',#3503,#3504);
#3503 = CARTESIAN_POINT('',(2.65,0.,0.));
#3504 = VECTOR('',#3505,1.);
#3505 = DIRECTION('',(0.,0.,1.));
#3506 = PCURVE('',#1197,#3507);
#3507 = DEFINITIONAL_REPRESENTATION('',(#3508),#3512);
#3508 = LINE('',#3509,#3510);
#3509 = CARTESIAN_POINT('',(-6.28318530718,0.));
#3510 = VECTOR('',#3511,1.);
#3511 = DIRECTION('',(-0.,-1.));
#3512 = ( GEOMETRIC_REPRESENTATION_CONTEXT(2) 
PARAMETRIC_REPRESENTATION_CONTEXT() REPRESENTATION_CONTEXT('2D SPACE',''
  ) );
#3513 = PCURVE('',#1197,#3514);
#3514 = DEFINITIONAL_REPRESENTATION('',(#3515),#3519);
#3515 = LINE('',#3516,#3517);
#3516 = CARTESIAN_POINT('',(-0.,0.));
#3517 = VECTOR('',#3518,1.);
#3518 = DIRECTION('',(-0.,-1.));
#3519 = ( GEOMETRIC_REPRESENTATION_CONTEXT(2) 
PARAMETRIC_REPRESENTATION_CONTEXT() REPRESENTATION_CONTEXT('2D SPACE',''
  ) );
#3520 = ORIENTED_EDGE('',*,*,#3521,.F.);
#3521 = EDGE_CURVE('',#3499,#3499,#3522,.T.);
#3522 = SURFACE_CURVE('',#3523,(#3528,#3535),.PCURVE_S1.);
#3523 = CIRCLE('',#3524,2.65);
#3524 = AXIS2_PLACEMENT_3D('',#3525,#3526,#3527);
#3525 = CARTESIAN_POINT('',(0.,0.,23.));
#3526 = DIRECTION('',(0.,0.,-1.));
#3527 = DIRECTION('',(1.,0.,0.));
#3528 = PCURVE('',#1197,#3529);
#3529 = DEFINITIONAL_REPRESENTATION('',(#3530),#3534);
#3530 = LINE('',#3531,#3532);
#3531 = CARTESIAN_POINT('',(-6.28318530718,-23.));
#3532 = VECTOR('',#3533,1.);
#3533 = DIRECTION('',(1.,-0.));
#3534 = ( GEOMETRIC_REPRESENTATION_CONTEXT(2) 
PARAMETRIC_REPRESENTATION_CONTEXT() REPRESENTATION_CONTEXT('2D SPACE',''
  ) );
#3535 = PCURVE('',#3536,#3541);
#3536 = PLANE('',#3537);
#3537 = AXIS2_PLACEMENT_3D('',#3538,#3539,#3540);
#3538 = CARTESIAN_POINT('',(-3.038755850088E-16,2.403571302733E-16,23.)
  );
#3539 = DIRECTION('',(0.,0.,1.));
#3540 = DIRECTION('',(1.,0.,-0.));
#3541 = DEFINITIONAL_REPRESENTATION('',(#3542),#3550);
#3542 = ( BOUNDED_CURVE() B_SPLINE_CURVE(2,(#3543,#3544,#3545,#3546,
#3547,#3548,#3549),.UNSPECIFIED.,.T.,.F.) B_SPLINE_CURVE_WITH_KNOTS((1,2
    ,2,2,2,1),(-2.094395102393,0.,2.094395102393,4.188790204786,
6.28318530718,8.377580409573),.UNSPECIFIED.) CURVE() 
GEOMETRIC_REPRESENTATION_ITEM() RATIONAL_B_SPLINE_CURVE((1.,0.5,1.,0.5,
1.,0.5,1.)) REPRESENTATION_ITEM('') );
#3543 = CARTESIAN_POINT('',(2.65,-2.403571302733E-16));
#3544 = CARTESIAN_POINT('',(2.65,-4.589934640058));
#3545 = CARTESIAN_POINT('',(-1.325,-2.294967320029));
#3546 = CARTESIAN_POINT('',(-5.3,-8.894199338214E-16));
#3547 = CARTESIAN_POINT('',(-1.325,2.294967320029));
#3548 = CARTESIAN_POINT('',(2.65,4.589934640058));
#3549 = CARTESIAN_POINT('',(2.65,-2.403571302733E-16));
#3550 = ( GEOMETRIC_REPRESENTATION_CONTEXT(2) 
PARAMETRIC_REPRESENTATION_CONTEXT() REPRESENTATION_CONTEXT('2D SPACE',''
  ) );
#3551 = ORIENTED_EDGE('',*,*,#3498,.F.);
#3552 = ORIENTED_EDGE('',*,*,#3553,.T.);
#3553 = EDGE_CURVE('',#3324,#3299,#3554,.T.);
#3554 = SURFACE_CURVE('',#3555,(#3608,#3664),.PCURVE_S1.);
#3555 = B_SPLINE_CURVE_WITH_KNOTS('',6,(#3556,#3557,#3558,#3559,#3560,
    #3561,#3562,#3563,#3564,#3565,#3566,#3567,#3568,#3569,#3570,#3571,
    #3572,#3573,#3574,#3575,#3576,#3577,#3578,#3579,#3580,#3581,#3582,
    #3583,#3584,#3585,#3586,#3587,#3588,#3589,#3590,#3591,#3592,#3593,
    #3594,#3595,#3596,#3597,#3598,#3599,#3600,#3601,#3602,#3603,#3604,
    #3605,#3606,#3607),.UNSPECIFIED.,.F.,.F.,(7,5,5,5,5,5,5,5,5,5,7),(0.
    ,0.120056122437,0.170920596316,0.293692821755,0.399066324714,
    0.499985697876,0.602410480671,0.707393425134,0.828420781976,
    0.880552516871,1.),.UNSPECIFIED.);
#3556 = CARTESIAN_POINT('',(2.65,-2.22044604925E-16,15.65));
#3557 = CARTESIAN_POINT('',(2.65,-0.121693246933,15.65));
#3558 = CARTESIAN_POINT('',(2.643293743257,-0.242624702142,
    15.639229619561));
#3559 = CARTESIAN_POINT('',(2.630039883753,-0.361032144024,
    15.617941815232));
#3560 = CARTESIAN_POINT('',(2.610910255536,-0.475196936411,
    15.586898871163));
#3561 = CARTESIAN_POINT('',(2.587073671823,-0.583541429763,
    15.547367995932));
#3562 = CARTESIAN_POINT('',(2.548543592703,-0.727595212868,
    15.481663017863));
#3563 = CARTESIAN_POINT('',(2.536460824378,-0.769317986427,
    15.46085806357));
#3564 = CARTESIAN_POINT('',(2.523839957742,-0.809878645389,15.438882395)
  );
#3565 = CARTESIAN_POINT('',(2.510757990484,-0.84926501986,
    15.415813307109));
#3566 = CARTESIAN_POINT('',(2.497290462369,-0.887468512857,
    15.391724376341));
#3567 = CARTESIAN_POINT('',(2.450252891029,-1.013829093002,
    15.306248712324));
#3568 = CARTESIAN_POINT('',(2.415174976533,-1.096263669046,
    15.240270397866));
#3569 = CARTESIAN_POINT('',(2.379235451745,-1.171928822366,
    15.169585100922));
#3570 = CARTESIAN_POINT('',(2.343283510947,-1.240999500579,
    15.094797011441));
#3571 = CARTESIAN_POINT('',(2.308105981842,-1.303626568679,
    15.016328320474));
#3572 = CARTESIAN_POINT('',(2.245607269505,-1.408159169774,
    14.864207837103));
#3573 = CARTESIAN_POINT('',(2.217855591806,-1.451783661517,
    14.791391203882));
#3574 = CARTESIAN_POINT('',(2.191750670392,-1.490710087311,
    14.716295745412));
#3575 = CARTESIAN_POINT('',(2.167812998815,-1.524898629737,
    14.639156065972));
#3576 = CARTESIAN_POINT('',(2.146533795978,-1.554291947286,
    14.560166537396));
#3577 = CARTESIAN_POINT('',(2.110949390779,-1.602262911666,
    14.402212871258));
#3578 = CARTESIAN_POINT('',(2.096379765283,-1.621255157474,
    14.323355495056));
#3579 = CARTESIAN_POINT('',(2.085108046272,-1.635592715606,
    14.243339443126));
#3580 = CARTESIAN_POINT('',(2.077470806007,-1.645190807287,
    14.162544391444));
#3581 = CARTESIAN_POINT('',(2.073644135333,-1.65,14.081318391309));
#3582 = CARTESIAN_POINT('',(2.073644135333,-1.65,13.917468586));
#3583 = CARTESIAN_POINT('',(2.077585819351,-1.645046262726,
    13.835036123863));
#3584 = CARTESIAN_POINT('',(2.08545169201,-1.635160841338,
    13.753054082661));
#3585 = CARTESIAN_POINT('',(2.097055245637,-1.620395761741,
    13.671884216083));
#3586 = CARTESIAN_POINT('',(2.112040515156,-1.600839843881,
    13.591922136428));
#3587 = CARTESIAN_POINT('',(2.148251869504,-1.551922335656,
    13.433349784275));
#3588 = CARTESIAN_POINT('',(2.169634487733,-1.522314932012,
    13.35478002477));
#3589 = CARTESIAN_POINT('',(2.19362892587,-1.487953024832,
    13.278059033993));
#3590 = CARTESIAN_POINT('',(2.219748857183,-1.448892025799,
    13.20337783222));
#3591 = CARTESIAN_POINT('',(2.247480171977,-1.405169273594,
    13.130967227807));
#3592 = CARTESIAN_POINT('',(2.309519407559,-1.301088072168,
    12.980557254281));
#3593 = CARTESIAN_POINT('',(2.344214952411,-1.239156798009,
    12.903320835976));
#3594 = CARTESIAN_POINT('',(2.379646087883,-1.170960896633,
    12.829670584366));
#3595 = CARTESIAN_POINT('',(2.415058370115,-1.096355427934,
    12.760013007146));
#3596 = CARTESIAN_POINT('',(2.449638145064,-1.015173060654,
    12.694927049001));
#3597 = CARTESIAN_POINT('',(2.496611418447,-0.889418239186,
    12.609485611086));
#3598 = CARTESIAN_POINT('',(2.510430021631,-0.85031021213,
    12.584756603098));
#3599 = CARTESIAN_POINT('',(2.523845636693,-0.809959533203,
    12.561096871375));
#3600 = CARTESIAN_POINT('',(2.536776966341,-0.768375440365,
    12.538585570824));
#3601 = CARTESIAN_POINT('',(2.549141109165,-0.725571114061,
    12.517305952659));
#3602 = CARTESIAN_POINT('',(2.587689856812,-0.580731092603,
    12.451610419371));
#3603 = CARTESIAN_POINT('',(2.61130541082,-0.472831643766,
    12.412459878933));
#3604 = CARTESIAN_POINT('',(2.630245733133,-0.359191055352,
    12.381727543353));
#3605 = CARTESIAN_POINT('',(2.643363586896,-0.241367785941,
    12.360658215833));
#3606 = CARTESIAN_POINT('',(2.65,-0.121057914602,12.35));
#3607 = CARTESIAN_POINT('',(2.65,-4.440892098501E-16,12.35));
#3608 = PCURVE('',#1197,#3609);
#3609 = DEFINITIONAL_REPRESENTATION('',(#3610),#3663);
#3610 = B_SPLINE_CURVE_WITH_KNOTS('',6,(#3611,#3612,#3613,#3614,#3615,
    #3616,#3617,#3618,#3619,#3620,#3621,#3622,#3623,#3624,#3625,#3626,
    #3627,#3628,#3629,#3630,#3631,#3632,#3633,#3634,#3635,#3636,#3637,
    #3638,#3639,#3640,#3641,#3642,#3643,#3644,#3645,#3646,#3647,#3648,
    #3649,#3650,#3651,#3652,#3653,#3654,#3655,#3656,#3657,#3658,#3659,
    #3660,#3661,#3662),.UNSPECIFIED.,.F.,.F.,(7,5,5,5,5,5,5,5,5,5,7),(0.
    ,0.120056122437,0.170920596316,0.293692821755,0.399066324714,
    0.499985697876,0.602410480671,0.707393425134,0.828420781976,
    0.880552516871,1.),.UNSPECIFIED.);
#3611 = CARTESIAN_POINT('',(-6.28318530718,-15.65));
#3612 = CARTESIAN_POINT('',(-6.237263327205,-15.65));
#3613 = CARTESIAN_POINT('',(-6.191628733635,-15.63922961956));
#3614 = CARTESIAN_POINT('',(-6.146772759865,-15.61794181523));
#3615 = CARTESIAN_POINT('',(-6.103178647651,-15.58689887116));
#3616 = CARTESIAN_POINT('',(-6.06135807415,-15.54736799593));
#3617 = CARTESIAN_POINT('',(-6.005087280692,-15.48166301786));
#3618 = CARTESIAN_POINT('',(-5.988699339327,-15.46085806357));
#3619 = CARTESIAN_POINT('',(-5.972674182162,-15.438882395));
#3620 = CARTESIAN_POINT('',(-5.957017047914,-15.4158133071));
#3621 = CARTESIAN_POINT('',(-5.94173338421,-15.39172437634));
#3622 = CARTESIAN_POINT('',(-5.890853578571,-15.30624871232));
#3623 = CARTESIAN_POINT('',(-5.857082520631,-15.24027039786));
#3624 = CARTESIAN_POINT('',(-5.82550882423,-15.16958510092));
#3625 = CARTESIAN_POINT('',(-5.79614844913,-15.09479701144));
#3626 = CARTESIAN_POINT('',(-5.769052694159,-15.01632832047));
#3627 = CARTESIAN_POINT('',(-5.723093661935,-14.8642078371));
#3628 = CARTESIAN_POINT('',(-5.703590435189,-14.79139120388));
#3629 = CARTESIAN_POINT('',(-5.685910365252,-14.71629574541));
#3630 = CARTESIAN_POINT('',(-5.670164263128,-14.63915606597));
#3631 = CARTESIAN_POINT('',(-5.656471824429,-14.56016653739));
#3632 = CARTESIAN_POINT('',(-5.633932863843,-14.40221287125));
#3633 = CARTESIAN_POINT('',(-5.624901228135,-14.32335549505));
#3634 = CARTESIAN_POINT('',(-5.618019270763,-14.24333944312));
#3635 = CARTESIAN_POINT('',(-5.613390606577,-14.16254439144));
#3636 = CARTESIAN_POINT('',(-5.611071419356,-14.0813183913));
#3637 = CARTESIAN_POINT('',(-5.611071419356,-13.917468586));
#3638 = CARTESIAN_POINT('',(-5.613460310818,-13.83503612386));
#3639 = CARTESIAN_POINT('',(-5.618227543944,-13.75305408266));
#3640 = CARTESIAN_POINT('',(-5.625313696812,-13.67188421608));
#3641 = CARTESIAN_POINT('',(-5.634609463471,-13.59192213642));
#3642 = CARTESIAN_POINT('',(-5.657576261351,-13.43334978427));
#3643 = CARTESIAN_POINT('',(-5.671357000985,-13.35478002477));
#3644 = CARTESIAN_POINT('',(-5.68716893325,-13.27805903399));
#3645 = CARTESIAN_POINT('',(-5.704894301127,-13.20337783222));
#3646 = CARTESIAN_POINT('',(-5.724424701919,-13.1309672278));
#3647 = CARTESIAN_POINT('',(-5.770148598548,-12.98055725428));
#3648 = CARTESIAN_POINT('',(-5.796926662745,-12.90332083597));
#3649 = CARTESIAN_POINT('',(-5.825904323779,-12.82967058436));
#3650 = CARTESIAN_POINT('',(-5.8570329952,-12.76001300714));
#3651 = CARTESIAN_POINT('',(-5.890297332073,-12.694927049));
#3652 = CARTESIAN_POINT('',(-5.940954478289,-12.60948561108));
#3653 = CARTESIAN_POINT('',(-5.95660394819,-12.58475660309));
#3654 = CARTESIAN_POINT('',(-5.972645805318,-12.56109687137));
#3655 = CARTESIAN_POINT('',(-5.989074172107,-12.53858557082));
#3656 = CARTESIAN_POINT('',(-6.005883401455,-12.51730595265));
#3657 = CARTESIAN_POINT('',(-6.062442676745,-12.45161041937));
#3658 = CARTESIAN_POINT('',(-6.104081787197,-12.41245987893));
#3659 = CARTESIAN_POINT('',(-6.147470217828,-12.38172754335));
#3660 = CARTESIAN_POINT('',(-6.192103043644,-12.36065821583));
#3661 = CARTESIAN_POINT('',(-6.237503075254,-12.35));
#3662 = CARTESIAN_POINT('',(-6.28318530718,-12.35));
#3663 = ( GEOMETRIC_REPRESENTATION_CONTEXT(2) 
PARAMETRIC_REPRESENTATION_CONTEXT() REPRESENTATION_CONTEXT('2D SPACE',''
  ) );
#3664 = PCURVE('',#3437,#3665);
#3665 = DEFINITIONAL_REPRESENTATION('',(#3666),#3719);
#3666 = B_SPLINE_CURVE_WITH_KNOTS('',6,(#3667,#3668,#3669,#3670,#3671,
    #3672,#3673,#3674,#3675,#3676,#3677,#3678,#3679,#3680,#3681,#3682,
    #3683,#3684,#3685,#3686,#3687,#3688,#3689,#3690,#3691,#3692,#3693,
    #3694,#3695,#3696,#3697,#3698,#3699,#3700,#3701,#3702,#3703,#3704,
    #3705,#3706,#3707,#3708,#3709,#3710,#3711,#3712,#3713,#3714,#3715,
    #3716,#3717,#3718),.UNSPECIFIED.,.F.,.F.,(7,5,5,5,5,5,5,5,5,5,7),(0.
    ,0.120056122437,0.170920596316,0.293692821755,0.399066324714,
    0.499985697876,0.602410480671,0.707393425134,0.828420781976,
    0.880552516871,1.),.UNSPECIFIED.);
#3667 = CARTESIAN_POINT('',(0.,13.65));
#3668 = CARTESIAN_POINT('',(7.375348298945E-02,13.65));
#3669 = CARTESIAN_POINT('',(0.14704518943,13.643293743257));
#3670 = CARTESIAN_POINT('',(0.219529848264,13.630039883753));
#3671 = CARTESIAN_POINT('',(0.290840554551,13.610910255536));
#3672 = CARTESIAN_POINT('',(0.360525087037,13.587073671823));
#3673 = CARTESIAN_POINT('',(0.456483136813,13.548543592703));
#3674 = CARTESIAN_POINT('',(0.484722231391,13.536460824378));
#3675 = CARTESIAN_POINT('',(0.512656629495,13.523839957742));
#3676 = CARTESIAN_POINT('',(0.540297714595,13.510757990484));
#3677 = CARTESIAN_POINT('',(0.567655768719,13.497290462369));
#3678 = CARTESIAN_POINT('',(0.660113458352,13.450252891029));
#3679 = CARTESIAN_POINT('',(0.72390013391,13.415174976533));
#3680 = CARTESIAN_POINT('',(0.786388087155,13.379235451745));
#3681 = CARTESIAN_POINT('',(0.847845623246,13.343283510947));
#3682 = CARTESIAN_POINT('',(0.908536179522,13.308105981842));
#3683 = CARTESIAN_POINT('',(1.020399447352,13.245607269505));
#3684 = CARTESIAN_POINT('',(1.071744584728,13.217855591806));
#3685 = CARTESIAN_POINT('',(1.122864118827,13.191750670392));
#3686 = CARTESIAN_POINT('',(1.17385904197,13.167812998815));
#3687 = CARTESIAN_POINT('',(1.224842426081,13.146533795978));
#3688 = CARTESIAN_POINT('',(1.324889383045,13.110949390779));
#3689 = CARTESIAN_POINT('',(1.373964153069,13.096379765283));
#3690 = CARTESIAN_POINT('',(1.423102281581,13.085108046272));
#3691 = CARTESIAN_POINT('',(1.472284607176,13.077470806007));
#3692 = CARTESIAN_POINT('',(1.521512453274,13.073644135333));
#3693 = CARTESIAN_POINT('',(1.620815365583,13.073644135333));
#3694 = CARTESIAN_POINT('',(1.670774397577,13.077585819351));
#3695 = CARTESIAN_POINT('',(1.720685913005,13.08545169201));
#3696 = CARTESIAN_POINT('',(1.770552392587,13.097055245637));
#3697 = CARTESIAN_POINT('',(1.820354585718,13.112040515156));
#3698 = CARTESIAN_POINT('',(1.920927989469,13.148251869504));
#3699 = CARTESIAN_POINT('',(1.971719732054,13.169634487733));
#3700 = CARTESIAN_POINT('',(2.022527225549,13.19362892587));
#3701 = CARTESIAN_POINT('',(2.073463269126,13.219748857183));
#3702 = CARTESIAN_POINT('',(2.124629223769,13.247480171977));
#3703 = CARTESIAN_POINT('',(2.235483750215,13.309519407559));
#3704 = CARTESIAN_POINT('',(2.295334107118,13.344214952411));
#3705 = CARTESIAN_POINT('',(2.355935194756,13.379646087883));
#3706 = CARTESIAN_POINT('',(2.417539809836,13.415058370115));
#3707 = CARTESIAN_POINT('',(2.480405136635,13.449638145064));
#3708 = CARTESIAN_POINT('',(2.572547308165,13.496611418447));
#3709 = CARTESIAN_POINT('',(2.600574971478,13.510430021631));
#3710 = CARTESIAN_POINT('',(2.628899556934,13.523845636693));
#3711 = CARTESIAN_POINT('',(2.657532105514,13.536776966341));
#3712 = CARTESIAN_POINT('',(2.686484874083,13.549141109165));
#3713 = CARTESIAN_POINT('',(2.782874302515,13.587689856812));
#3714 = CARTESIAN_POINT('',(2.852229309509,13.61130541082));
#3715 = CARTESIAN_POINT('',(2.923189877755,13.630245733133));
#3716 = CARTESIAN_POINT('',(2.995309229397,13.643363586896));
#3717 = CARTESIAN_POINT('',(3.068224220498,13.65));
#3718 = CARTESIAN_POINT('',(3.14159265359,13.65));
#3719 = ( GEOMETRIC_REPRESENTATION_CONTEXT(2) 
PARAMETRIC_REPRESENTATION_CONTEXT() REPRESENTATION_CONTEXT('2D SPACE',''
  ) );
#3720 = FACE_BOUND('',#3721,.T.);
#3721 = EDGE_LOOP('',(#3722));
#3722 = ORIENTED_EDGE('',*,*,#3723,.F.);
#3723 = EDGE_CURVE('',#3724,#3724,#3726,.T.);
#3724 = VERTEX_POINT('',#3725);
#3725 = CARTESIAN_POINT('',(-2.65,4.041334437186E-16,15.65));
#3726 = SURFACE_CURVE('',#3727,(#3830,#3936),.PCURVE_S1.);
#3727 = B_SPLINE_CURVE_WITH_KNOTS('',6,(#3728,#3729,#3730,#3731,#3732,
    #3733,#3734,#3735,#3736,#3737,#3738,#3739,#3740,#3741,#3742,#3743,
    #3744,#3745,#3746,#3747,#3748,#3749,#3750,#3751,#3752,#3753,#3754,
    #3755,#3756,#3757,#3758,#3759,#3760,#3761,#3762,#3763,#3764,#3765,
    #3766,#3767,#3768,#3769,#3770,#3771,#3772,#3773,#3774,#3775,#3776,
    #3777,#3778,#3779,#3780,#3781,#3782,#3783,#3784,#3785,#3786,#3787,
    #3788,#3789,#3790,#3791,#3792,#3793,#3794,#3795,#3796,#3797,#3798,
    #3799,#3800,#3801,#3802,#3803,#3804,#3805,#3806,#3807,#3808,#3809,
    #3810,#3811,#3812,#3813,#3814,#3815,#3816,#3817,#3818,#3819,#3820,
    #3821,#3822,#3823,#3824,#3825,#3826,#3827,#3828,#3829),
  .UNSPECIFIED.,.T.,.F.,(7,5,5,5,5,5,5,5,5,5,5,5,5,5,5,5,5,5,5,5,7),(0.,
    5.992963399689E-02,8.532017378339E-02,0.146605649897,0.199206026534,
    0.24958298933,0.300711422956,0.353116840486,0.413531312572,
    0.461666264651,0.499238941149,0.559358374048,0.584829322654,
    0.646308880493,0.699075829701,0.749612324059,0.800902668971,
    0.853474041685,0.91407982649,0.940185366845,1.),.UNSPECIFIED.);
#3728 = CARTESIAN_POINT('',(-2.65,4.440892098501E-16,15.65));
#3729 = CARTESIAN_POINT('',(-2.65,-0.121693246933,15.65));
#3730 = CARTESIAN_POINT('',(-2.643293743257,-0.242624702142,
    15.639229619561));
#3731 = CARTESIAN_POINT('',(-2.630039883753,-0.361032144024,
    15.617941815232));
#3732 = CARTESIAN_POINT('',(-2.610910255536,-0.475196936411,
    15.586898871163));
#3733 = CARTESIAN_POINT('',(-2.587073671823,-0.583541429763,
    15.547367995932));
#3734 = CARTESIAN_POINT('',(-2.548543591009,-0.727595219201,
    15.481663014975));
#3735 = CARTESIAN_POINT('',(-2.536460824933,-0.769317985447,
    15.46085806463));
#3736 = CARTESIAN_POINT('',(-2.523839959537,-0.80987863973,
    15.438882398168));
#3737 = CARTESIAN_POINT('',(-2.510757990894,-0.849265017843,
    15.415813307754));
#3738 = CARTESIAN_POINT('',(-2.497290460493,-0.887468517895,
    15.391724372933));
#3739 = CARTESIAN_POINT('',(-2.450252891029,-1.013829093002,
    15.306248712324));
#3740 = CARTESIAN_POINT('',(-2.415174976533,-1.096263669046,
    15.240270397866));
#3741 = CARTESIAN_POINT('',(-2.379235451745,-1.171928822366,
    15.169585100922));
#3742 = CARTESIAN_POINT('',(-2.343283510947,-1.240999500579,
    15.094797011441));
#3743 = CARTESIAN_POINT('',(-2.308105981842,-1.303626568679,
    15.016328320473));
#3744 = CARTESIAN_POINT('',(-2.245607269505,-1.408159169774,
    14.864207837103));
#3745 = CARTESIAN_POINT('',(-2.217855591806,-1.451783661517,
    14.791391203882));
#3746 = CARTESIAN_POINT('',(-2.191750670392,-1.490710087311,
    14.716295745412));
#3747 = CARTESIAN_POINT('',(-2.167812998815,-1.524898629737,
    14.639156065972));
#3748 = CARTESIAN_POINT('',(-2.146533795978,-1.554291947286,
    14.560166537396));
#3749 = CARTESIAN_POINT('',(-2.110949390779,-1.602262911666,
    14.402212871258));
#3750 = CARTESIAN_POINT('',(-2.096379765283,-1.621255157474,
    14.323355495056));
#3751 = CARTESIAN_POINT('',(-2.085108046272,-1.635592715606,
    14.243339443126));
#3752 = CARTESIAN_POINT('',(-2.077470806007,-1.645190807287,
    14.162544391444));
#3753 = CARTESIAN_POINT('',(-2.073644135333,-1.65,14.081318391309));
#3754 = CARTESIAN_POINT('',(-2.073644135333,-1.65,13.917468586));
#3755 = CARTESIAN_POINT('',(-2.077585819351,-1.645046262726,
    13.835036123863));
#3756 = CARTESIAN_POINT('',(-2.08545169201,-1.635160841338,
    13.753054082661));
#3757 = CARTESIAN_POINT('',(-2.097055245637,-1.620395761741,
    13.671884216083));
#3758 = CARTESIAN_POINT('',(-2.112040515156,-1.600839843881,
    13.591922136428));
#3759 = CARTESIAN_POINT('',(-2.148251869504,-1.551922335656,
    13.433349784275));
#3760 = CARTESIAN_POINT('',(-2.169634487733,-1.522314932012,
    13.35478002477));
#3761 = CARTESIAN_POINT('',(-2.19362892587,-1.487953024832,
    13.278059033993));
#3762 = CARTESIAN_POINT('',(-2.219748857183,-1.448892025799,
    13.20337783222));
#3763 = CARTESIAN_POINT('',(-2.247480171977,-1.405169273594,
    13.130967227807));
#3764 = CARTESIAN_POINT('',(-2.309519407559,-1.301088072168,
    12.980557254281));
#3765 = CARTESIAN_POINT('',(-2.344214952411,-1.239156798009,
    12.903320835976));
#3766 = CARTESIAN_POINT('',(-2.379646087883,-1.170960896633,
    12.829670584366));
#3767 = CARTESIAN_POINT('',(-2.415058370115,-1.096355427934,
    12.760013007146));
#3768 = CARTESIAN_POINT('',(-2.449638145064,-1.015173060654,
    12.694927049001));
#3769 = CARTESIAN_POINT('',(-2.508627767177,-0.85724858865,
    12.587628626464));
#3770 = CARTESIAN_POINT('',(-2.533725822805,-0.782825396305,
    12.543365901044));
#3771 = CARTESIAN_POINT('',(-2.557210035681,-0.70413110081,
    12.502997783982));
#3772 = CARTESIAN_POINT('',(-2.578519830379,-0.621344385371,
    12.467095383163));
#3773 = CARTESIAN_POINT('',(-2.597106764036,-0.534703046013,
    12.436233825239));
#3774 = CARTESIAN_POINT('',(-2.624432841809,-0.374102324119,
    12.391307322619));
#3775 = CARTESIAN_POINT('',(-2.634433324334,-0.301559751964,
    12.375050702468));
#3776 = CARTESIAN_POINT('',(-2.642153480735,-0.227362101637,
    12.362601146841));
#3777 = CARTESIAN_POINT('',(-2.647380881182,-0.152018578616,
    12.354206936367));
#3778 = CARTESIAN_POINT('',(-2.65,-7.605429357099E-02,12.35));
#3779 = CARTESIAN_POINT('',(-2.65,0.121693246933,12.35));
#3780 = CARTESIAN_POINT('',(-2.643293743257,0.242624702142,
    12.360770380439));
#3781 = CARTESIAN_POINT('',(-2.630039883753,0.361032144025,
    12.382058184768));
#3782 = CARTESIAN_POINT('',(-2.610910255536,0.475196936411,
    12.413101128837));
#3783 = CARTESIAN_POINT('',(-2.587073671823,0.583541429763,
    12.452632004068));
#3784 = CARTESIAN_POINT('',(-2.548543592703,0.727595212868,
    12.518336982137));
#3785 = CARTESIAN_POINT('',(-2.536460824378,0.769317986427,
    12.53914193643));
#3786 = CARTESIAN_POINT('',(-2.523839957742,0.809878645389,12.561117605)
  );
#3787 = CARTESIAN_POINT('',(-2.510757990484,0.84926501986,
    12.584186692891));
#3788 = CARTESIAN_POINT('',(-2.497290462369,0.887468512857,
    12.608275623659));
#3789 = CARTESIAN_POINT('',(-2.450252887631,1.013829102131,
    12.693751293852));
#3790 = CARTESIAN_POINT('',(-2.415174981786,1.096263657358,
    12.759729591266));
#3791 = CARTESIAN_POINT('',(-2.379235451925,1.171928820467,
    12.830414899615));
#3792 = CARTESIAN_POINT('',(-2.343283505793,1.240999511351,
    12.905202999651));
#3793 = CARTESIAN_POINT('',(-2.308105984884,1.30362656359,
    12.983671672122));
#3794 = CARTESIAN_POINT('',(-2.245607269505,1.408159169774,
    13.135792162897));
#3795 = CARTESIAN_POINT('',(-2.217855591806,1.451783661517,
    13.208608796118));
#3796 = CARTESIAN_POINT('',(-2.191750670392,1.490710087311,
    13.283704254588));
#3797 = CARTESIAN_POINT('',(-2.167812998815,1.524898629737,
    13.360843934029));
#3798 = CARTESIAN_POINT('',(-2.146533795978,1.554291947286,
    13.439833462604));
#3799 = CARTESIAN_POINT('',(-2.110949390779,1.602262911666,
    13.597787128742));
#3800 = CARTESIAN_POINT('',(-2.096379765283,1.621255157474,
    13.676644504944));
#3801 = CARTESIAN_POINT('',(-2.085108046272,1.635592715606,
    13.756660556874));
#3802 = CARTESIAN_POINT('',(-2.077470806007,1.645190807287,
    13.837455608556));
#3803 = CARTESIAN_POINT('',(-2.073644135333,1.65,13.918681608691));
#3804 = CARTESIAN_POINT('',(-2.073644135333,1.65,14.082531414));
#3805 = CARTESIAN_POINT('',(-2.077585819351,1.645046262726,
    14.164963876137));
#3806 = CARTESIAN_POINT('',(-2.08545169201,1.635160841338,
    14.246945917339));
#3807 = CARTESIAN_POINT('',(-2.097055245637,1.620395761741,
    14.328115783917));
#3808 = CARTESIAN_POINT('',(-2.112040515156,1.600839843881,
    14.408077863572));
#3809 = CARTESIAN_POINT('',(-2.148251869504,1.551922335656,
    14.566650215725));
#3810 = CARTESIAN_POINT('',(-2.169634487733,1.522314932012,
    14.64521997523));
#3811 = CARTESIAN_POINT('',(-2.19362892587,1.487953024832,
    14.721940966007));
#3812 = CARTESIAN_POINT('',(-2.219748857183,1.448892025799,
    14.79662216778));
#3813 = CARTESIAN_POINT('',(-2.247480171977,1.405169273594,
    14.869032772193));
#3814 = CARTESIAN_POINT('',(-2.309519404714,1.30108807694,
    15.019442738823));
#3815 = CARTESIAN_POINT('',(-2.344214957216,1.239156787972,
    15.096679174343));
#3816 = CARTESIAN_POINT('',(-2.379646087726,1.170960898359,
    15.170329416142));
#3817 = CARTESIAN_POINT('',(-2.415058365225,1.096355438803,
    15.23998698275));
#3818 = CARTESIAN_POINT('',(-2.449638148218,1.01517305221,
    15.305072956736));
#3819 = CARTESIAN_POINT('',(-2.49661141638,0.889418244721,
    15.390514385153));
#3820 = CARTESIAN_POINT('',(-2.510430022074,0.850310209914,
    15.415243397596));
#3821 = CARTESIAN_POINT('',(-2.523845638664,0.809959526983,
    15.438903132105));
#3822 = CARTESIAN_POINT('',(-2.536776966959,0.768375439283,
    15.461414430356));
#3823 = CARTESIAN_POINT('',(-2.549141107314,0.725571121015,
    15.482694044187));
#3824 = CARTESIAN_POINT('',(-2.587689856812,0.580731092604,
    15.548389580629));
#3825 = CARTESIAN_POINT('',(-2.61130541082,0.472831643766,
    15.587540121067));
#3826 = CARTESIAN_POINT('',(-2.630245733133,0.359191055352,
    15.618272456647));
#3827 = CARTESIAN_POINT('',(-2.643363586896,0.241367785941,
    15.639341784167));
#3828 = CARTESIAN_POINT('',(-2.65,0.121057914602,15.65));
#3829 = CARTESIAN_POINT('',(-2.65,4.440892098501E-16,15.65));
#3830 = PCURVE('',#1197,#3831);
#3831 = DEFINITIONAL_REPRESENTATION('',(#3832),#3935);
#3832 = B_SPLINE_CURVE_WITH_KNOTS('',6,(#3833,#3834,#3835,#3836,#3837,
    #3838,#3839,#3840,#3841,#3842,#3843,#3844,#3845,#3846,#3847,#3848,
    #3849,#3850,#3851,#3852,#3853,#3854,#3855,#3856,#3857,#3858,#3859,
    #3860,#3861,#3862,#3863,#3864,#3865,#3866,#3867,#3868,#3869,#3870,
    #3871,#3872,#3873,#3874,#3875,#3876,#3877,#3878,#3879,#3880,#3881,
    #3882,#3883,#3884,#3885,#3886,#3887,#3888,#3889,#3890,#3891,#3892,
    #3893,#3894,#3895,#3896,#3897,#3898,#3899,#3900,#3901,#3902,#3903,
    #3904,#3905,#3906,#3907,#3908,#3909,#3910,#3911,#3912,#3913,#3914,
    #3915,#3916,#3917,#3918,#3919,#3920,#3921,#3922,#3923,#3924,#3925,
    #3926,#3927,#3928,#3929,#3930,#3931,#3932,#3933,#3934),
  .UNSPECIFIED.,.T.,.F.,(7,5,5,5,5,5,5,5,5,5,5,5,5,5,5,5,5,5,5,5,7),(0.,
    5.992963399689E-02,8.532017378339E-02,0.146605649897,0.199206026534,
    0.24958298933,0.300711422956,0.353116840486,0.413531312572,
    0.461666264651,0.499238941149,0.559358374048,0.584829322654,
    0.646308880493,0.699075829701,0.749612324059,0.800902668971,
    0.853474041685,0.91407982649,0.940185366845,1.),.UNSPECIFIED.);
#3833 = CARTESIAN_POINT('',(-3.14159265359,-15.65));
#3834 = CARTESIAN_POINT('',(-3.187514633564,-15.65));
#3835 = CARTESIAN_POINT('',(-3.233149227135,-15.63922961956));
#3836 = CARTESIAN_POINT('',(-3.278005200905,-15.61794181523));
#3837 = CARTESIAN_POINT('',(-3.321599313118,-15.58689887116));
#3838 = CARTESIAN_POINT('',(-3.363419886619,-15.54736799593));
#3839 = CARTESIAN_POINT('',(-3.419690682551,-15.48166301497));
#3840 = CARTESIAN_POINT('',(-3.436078621026,-15.46085806463));
#3841 = CARTESIAN_POINT('',(-3.452103776365,-15.43888239816));
#3842 = CARTESIAN_POINT('',(-3.467760912083,-15.41581330775));
#3843 = CARTESIAN_POINT('',(-3.483044578588,-15.39172437293));
#3844 = CARTESIAN_POINT('',(-3.533924382198,-15.30624871232));
#3845 = CARTESIAN_POINT('',(-3.567695440138,-15.24027039786));
#3846 = CARTESIAN_POINT('',(-3.599269136539,-15.16958510092));
#3847 = CARTESIAN_POINT('',(-3.628629511639,-15.09479701144));
#3848 = CARTESIAN_POINT('',(-3.65572526661,-15.01632832047));
#3849 = CARTESIAN_POINT('',(-3.701684298835,-14.8642078371));
#3850 = CARTESIAN_POINT('',(-3.721187525581,-14.79139120388));
#3851 = CARTESIAN_POINT('',(-3.738867595517,-14.71629574541));
#3852 = CARTESIAN_POINT('',(-3.754613697642,-14.63915606597));
#3853 = CARTESIAN_POINT('',(-3.76830613634,-14.56016653739));
#3854 = CARTESIAN_POINT('',(-3.790845096926,-14.40221287125));
#3855 = CARTESIAN_POINT('',(-3.799876732634,-14.32335549505));
#3856 = CARTESIAN_POINT('',(-3.806758690006,-14.24333944312));
#3857 = CARTESIAN_POINT('',(-3.811387354193,-14.16254439144));
#3858 = CARTESIAN_POINT('',(-3.813706541414,-14.0813183913));
#3859 = CARTESIAN_POINT('',(-3.813706541414,-13.917468586));
#3860 = CARTESIAN_POINT('',(-3.811317649952,-13.83503612386));
#3861 = CARTESIAN_POINT('',(-3.806550416826,-13.75305408266));
#3862 = CARTESIAN_POINT('',(-3.799464263957,-13.67188421608));
#3863 = CARTESIAN_POINT('',(-3.790168497298,-13.59192213642));
#3864 = CARTESIAN_POINT('',(-3.767201699418,-13.43334978427));
#3865 = CARTESIAN_POINT('',(-3.753420959785,-13.35478002477));
#3866 = CARTESIAN_POINT('',(-3.73760902752,-13.27805903399));
#3867 = CARTESIAN_POINT('',(-3.719883659642,-13.20337783222));
#3868 = CARTESIAN_POINT('',(-3.70035325885,-13.1309672278));
#3869 = CARTESIAN_POINT('',(-3.654629362221,-12.98055725428));
#3870 = CARTESIAN_POINT('',(-3.627851298024,-12.90332083597));
#3871 = CARTESIAN_POINT('',(-3.59887363699,-12.82967058436));
#3872 = CARTESIAN_POINT('',(-3.567744965569,-12.76001300714));
#3873 = CARTESIAN_POINT('',(-3.534480628697,-12.694927049));
#3874 = CARTESIAN_POINT('',(-3.47086475317,-12.58762862646));
#3875 = CARTESIAN_POINT('',(-3.441241877807,-12.54336590104));
#3876 = CARTESIAN_POINT('',(-3.410282099083,-12.50299778398));
#3877 = CARTESIAN_POINT('',(-3.378061317246,-12.46709538316));
#3878 = CARTESIAN_POINT('',(-3.344653276469,-12.43623382523));
#3879 = CARTESIAN_POINT('',(-3.283178223687,-12.39130732261));
#3880 = CARTESIAN_POINT('',(-3.255558480875,-12.37505070246));
#3881 = CARTESIAN_POINT('',(-3.227432285719,-12.36260114684));
#3882 = CARTESIAN_POINT('',(-3.198958115684,-12.35420693636));
#3883 = CARTESIAN_POINT('',(-3.170292387013,-12.35));
#3884 = CARTESIAN_POINT('',(-3.095670673615,-12.35));
#3885 = CARTESIAN_POINT('',(-3.050036080045,-12.36077038043));
#3886 = CARTESIAN_POINT('',(-3.005180106275,-12.38205818476));
#3887 = CARTESIAN_POINT('',(-2.961585994062,-12.41310112883));
#3888 = CARTESIAN_POINT('',(-2.91976542056,-12.45263200406));
#3889 = CARTESIAN_POINT('',(-2.863494627103,-12.51833698213));
#3890 = CARTESIAN_POINT('',(-2.847106685738,-12.53914193643));
#3891 = CARTESIAN_POINT('',(-2.831081528572,-12.561117605));
#3892 = CARTESIAN_POINT('',(-2.815424394324,-12.58418669289));
#3893 = CARTESIAN_POINT('',(-2.80014073062,-12.60827562365));
#3894 = CARTESIAN_POINT('',(-2.749260921305,-12.69375129385));
#3895 = CARTESIAN_POINT('',(-2.715489871892,-12.75972959126));
#3896 = CARTESIAN_POINT('',(-2.683916171319,-12.83041489961));
#3897 = CARTESIAN_POINT('',(-2.654555791018,-12.90520299965));
#3898 = CARTESIAN_POINT('',(-2.627460042806,-12.98367167212));
#3899 = CARTESIAN_POINT('',(-2.581501008345,-13.13579216289));
#3900 = CARTESIAN_POINT('',(-2.561997781599,-13.20860879611));
#3901 = CARTESIAN_POINT('',(-2.544317711662,-13.28370425458));
#3902 = CARTESIAN_POINT('',(-2.528571609538,-13.36084393402));
#3903 = CARTESIAN_POINT('',(-2.51487917084,-13.4398334626));
#3904 = CARTESIAN_POINT('',(-2.492340210254,-13.59778712874));
#3905 = CARTESIAN_POINT('',(-2.483308574545,-13.67664450494));
#3906 = CARTESIAN_POINT('',(-2.476426617174,-13.75666055687));
#3907 = CARTESIAN_POINT('',(-2.471797952987,-13.83745560855));
#3908 = CARTESIAN_POINT('',(-2.469478765766,-13.91868160869));
#3909 = CARTESIAN_POINT('',(-2.469478765766,-14.082531414));
#3910 = CARTESIAN_POINT('',(-2.471867657228,-14.16496387613));
#3911 = CARTESIAN_POINT('',(-2.476634890354,-14.24694591733));
#3912 = CARTESIAN_POINT('',(-2.483721043223,-14.32811578391));
#3913 = CARTESIAN_POINT('',(-2.493016809881,-14.40807786357));
#3914 = CARTESIAN_POINT('',(-2.515983607761,-14.56665021572));
#3915 = CARTESIAN_POINT('',(-2.529764347395,-14.64521997523));
#3916 = CARTESIAN_POINT('',(-2.54557627966,-14.721940966));
#3917 = CARTESIAN_POINT('',(-2.563301647537,-14.79662216778));
#3918 = CARTESIAN_POINT('',(-2.58283204833,-14.86903277219));
#3919 = CARTESIAN_POINT('',(-2.628555942862,-15.01944273882));
#3920 = CARTESIAN_POINT('',(-2.655334013369,-15.09667917434));
#3921 = CARTESIAN_POINT('',(-2.684311669574,-15.17032941614));
#3922 = CARTESIAN_POINT('',(-2.715440337099,-15.23998698275));
#3923 = CARTESIAN_POINT('',(-2.748704681884,-15.30507295673));
#3924 = CARTESIAN_POINT('',(-2.799361822469,-15.39051438515));
#3925 = CARTESIAN_POINT('',(-2.815011295448,-15.41524339759));
#3926 = CARTESIAN_POINT('',(-2.831053154193,-15.4389031321));
#3927 = CARTESIAN_POINT('',(-2.847481518977,-15.46141443035));
#3928 = CARTESIAN_POINT('',(-2.86429074515,-15.48269404418));
#3929 = CARTESIAN_POINT('',(-2.920850023155,-15.54838958062));
#3930 = CARTESIAN_POINT('',(-2.962489133608,-15.58754012106));
#3931 = CARTESIAN_POINT('',(-3.005877564239,-15.61827245664));
#3932 = CARTESIAN_POINT('',(-3.050510390054,-15.63934178416));
#3933 = CARTESIAN_POINT('',(-3.095910421664,-15.65));
#3934 = CARTESIAN_POINT('',(-3.14159265359,-15.65));
#3935 = ( GEOMETRIC_REPRESENTATION_CONTEXT(2) 
PARAMETRIC_REPRESENTATION_CONTEXT() REPRESENTATION_CONTEXT('2D SPACE',''
  ) );
#3936 = PCURVE('',#3937,#3942);
#3937 = CYLINDRICAL_SURFACE('',#3938,1.65);
#3938 = AXIS2_PLACEMENT_3D('',#3939,#3940,#3941);
#3939 = CARTESIAN_POINT('',(-11.,0.,14.));
#3940 = DIRECTION('',(1.,0.,0.));
#3941 = DIRECTION('',(-0.,0.,1.));
#3942 = DEFINITIONAL_REPRESENTATION('',(#3943),#4046);
#3943 = B_SPLINE_CURVE_WITH_KNOTS('',6,(#3944,#3945,#3946,#3947,#3948,
    #3949,#3950,#3951,#3952,#3953,#3954,#3955,#3956,#3957,#3958,#3959,
    #3960,#3961,#3962,#3963,#3964,#3965,#3966,#3967,#3968,#3969,#3970,
    #3971,#3972,#3973,#3974,#3975,#3976,#3977,#3978,#3979,#3980,#3981,
    #3982,#3983,#3984,#3985,#3986,#3987,#3988,#3989,#3990,#3991,#3992,
    #3993,#3994,#3995,#3996,#3997,#3998,#3999,#4000,#4001,#4002,#4003,
    #4004,#4005,#4006,#4007,#4008,#4009,#4010,#4011,#4012,#4013,#4014,
    #4015,#4016,#4017,#4018,#4019,#4020,#4021,#4022,#4023,#4024,#4025,
    #4026,#4027,#4028,#4029,#4030,#4031,#4032,#4033,#4034,#4035,#4036,
    #4037,#4038,#4039,#4040,#4041,#4042,#4043,#4044,#4045),
  .UNSPECIFIED.,.F.,.F.,(7,5,5,5,5,5,5,5,5,5,5,5,5,5,5,5,5,5,5,5,7),(0.,
    5.992963399689E-02,8.532017378339E-02,0.146605649897,0.199206026534,
    0.24958298933,0.300711422956,0.353116840486,0.413531312572,
    0.461666264651,0.499238941149,0.559358374048,0.584829322654,
    0.646308880493,0.699075829701,0.749612324059,0.800902668971,
    0.853474041685,0.91407982649,0.940185366845,1.),.UNSPECIFIED.);
#3944 = CARTESIAN_POINT('',(0.,8.35));
#3945 = CARTESIAN_POINT('',(7.375348298946E-02,8.35));
#3946 = CARTESIAN_POINT('',(0.14704518943,8.356706256743));
#3947 = CARTESIAN_POINT('',(0.219529848265,8.369960116247));
#3948 = CARTESIAN_POINT('',(0.290840554551,8.389089744464));
#3949 = CARTESIAN_POINT('',(0.360525087037,8.412926328177));
#3950 = CARTESIAN_POINT('',(0.456483141032,8.451456408991));
#3951 = CARTESIAN_POINT('',(0.484722230557,8.463539175067));
#3952 = CARTESIAN_POINT('',(0.512656625553,8.476160040463));
#3953 = CARTESIAN_POINT('',(0.540297713335,8.489242009106));
#3954 = CARTESIAN_POINT('',(0.567655772405,8.502709539507));
#3955 = CARTESIAN_POINT('',(0.660113458352,8.549747108971));
#3956 = CARTESIAN_POINT('',(0.72390013391,8.584825023467));
#3957 = CARTESIAN_POINT('',(0.786388087154,8.620764548255));
#3958 = CARTESIAN_POINT('',(0.847845623246,8.656716489053));
#3959 = CARTESIAN_POINT('',(0.908536179522,8.691894018158));
#3960 = CARTESIAN_POINT('',(1.020399447352,8.754392730495));
#3961 = CARTESIAN_POINT('',(1.071744584728,8.782144408194));
#3962 = CARTESIAN_POINT('',(1.122864118827,8.808249329608));
#3963 = CARTESIAN_POINT('',(1.17385904197,8.832187001185));
#3964 = CARTESIAN_POINT('',(1.224842426081,8.853466204022));
#3965 = CARTESIAN_POINT('',(1.324889383045,8.889050609221));
#3966 = CARTESIAN_POINT('',(1.373964153069,8.903620234717));
#3967 = CARTESIAN_POINT('',(1.423102281581,8.914891953728));
#3968 = CARTESIAN_POINT('',(1.472284607176,8.922529193993));
#3969 = CARTESIAN_POINT('',(1.521512453274,8.926355864667));
#3970 = CARTESIAN_POINT('',(1.620815365583,8.926355864667));
#3971 = CARTESIAN_POINT('',(1.670774397577,8.922414180649));
#3972 = CARTESIAN_POINT('',(1.720685913005,8.91454830799));
#3973 = CARTESIAN_POINT('',(1.770552392587,8.902944754363));
#3974 = CARTESIAN_POINT('',(1.820354585718,8.887959484844));
#3975 = CARTESIAN_POINT('',(1.920927989469,8.851748130496));
#3976 = CARTESIAN_POINT('',(1.971719732054,8.830365512267));
#3977 = CARTESIAN_POINT('',(2.022527225549,8.80637107413));
#3978 = CARTESIAN_POINT('',(2.073463269126,8.780251142817));
#3979 = CARTESIAN_POINT('',(2.124629223769,8.752519828023));
#3980 = CARTESIAN_POINT('',(2.235483750215,8.690480592441));
#3981 = CARTESIAN_POINT('',(2.295334107118,8.655785047589));
#3982 = CARTESIAN_POINT('',(2.355935194756,8.620353912117));
#3983 = CARTESIAN_POINT('',(2.417539809836,8.584941629885));
#3984 = CARTESIAN_POINT('',(2.480405136634,8.550361854936));
#3985 = CARTESIAN_POINT('',(2.596118423952,8.491372232823));
#3986 = CARTESIAN_POINT('',(2.648502427452,8.466274177195));
#3987 = CARTESIAN_POINT('',(2.701944955472,8.442789964319));
#3988 = CARTESIAN_POINT('',(2.756454148577,8.421480169621));
#3989 = CARTESIAN_POINT('',(2.812061744429,8.402893235964));
#3990 = CARTESIAN_POINT('',(2.91313219965,8.375567158191));
#3991 = CARTESIAN_POINT('',(2.958126181356,8.365566675666));
#3992 = CARTESIAN_POINT('',(3.003621212911,8.357846519265));
#3993 = CARTESIAN_POINT('',(3.049460146586,8.352619118818));
#3994 = CARTESIAN_POINT('',(3.095499142335,8.35));
#3995 = CARTESIAN_POINT('',(3.215346136579,8.35));
#3996 = CARTESIAN_POINT('',(3.288637843019,8.356706256743));
#3997 = CARTESIAN_POINT('',(3.361122501855,8.369960116247));
#3998 = CARTESIAN_POINT('',(3.432433208141,8.389089744464));
#3999 = CARTESIAN_POINT('',(3.502117740627,8.412926328177));
#4000 = CARTESIAN_POINT('',(3.598075790403,8.451456407297));
#4001 = CARTESIAN_POINT('',(3.62631488498,8.463539175622));
#4002 = CARTESIAN_POINT('',(3.654249283085,8.476160042258));
#4003 = CARTESIAN_POINT('',(3.681890368185,8.489242009516));
#4004 = CARTESIAN_POINT('',(3.709248422309,8.502709537631));
#4005 = CARTESIAN_POINT('',(3.801706118622,8.549747112369));
#4006 = CARTESIAN_POINT('',(3.865492777688,8.584825018214));
#4007 = CARTESIAN_POINT('',(3.927980740148,8.620764548075));
#4008 = CARTESIAN_POINT('',(3.989438286345,8.656716494207));
#4009 = CARTESIAN_POINT('',(4.050128827666,8.691894015116));
#4010 = CARTESIAN_POINT('',(4.161992100942,8.754392730495));
#4011 = CARTESIAN_POINT('',(4.213337238318,8.782144408194));
#4012 = CARTESIAN_POINT('',(4.264456772417,8.808249329608));
#4013 = CARTESIAN_POINT('',(4.31545169556,8.832187001185));
#4014 = CARTESIAN_POINT('',(4.366435079671,8.853466204022));
#4015 = CARTESIAN_POINT('',(4.466482036635,8.889050609221));
#4016 = CARTESIAN_POINT('',(4.515556806659,8.903620234717));
#4017 = CARTESIAN_POINT('',(4.564694935171,8.914891953728));
#4018 = CARTESIAN_POINT('',(4.613877260766,8.922529193993));
#4019 = CARTESIAN_POINT('',(4.663105106864,8.926355864667));
#4020 = CARTESIAN_POINT('',(4.762408019173,8.926355864667));
#4021 = CARTESIAN_POINT('',(4.812367051167,8.922414180649));
#4022 = CARTESIAN_POINT('',(4.862278566594,8.91454830799));
#4023 = CARTESIAN_POINT('',(4.912145046177,8.902944754363));
#4024 = CARTESIAN_POINT('',(4.961947239308,8.887959484844));
#4025 = CARTESIAN_POINT('',(5.062520643059,8.851748130496));
#4026 = CARTESIAN_POINT('',(5.113312385644,8.830365512267));
#4027 = CARTESIAN_POINT('',(5.164119879139,8.80637107413));
#4028 = CARTESIAN_POINT('',(5.215055922716,8.780251142817));
#4029 = CARTESIAN_POINT('',(5.266221877359,8.752519828023));
#4030 = CARTESIAN_POINT('',(5.377076398722,8.690480595286));
#4031 = CARTESIAN_POINT('',(5.436926769557,8.655785042784));
#4032 = CARTESIAN_POINT('',(5.497527847812,8.620353912274));
#4033 = CARTESIAN_POINT('',(5.559132454306,8.584941634775));
#4034 = CARTESIAN_POINT('',(5.621997796411,8.550361851782));
#4035 = CARTESIAN_POINT('',(5.714139957698,8.50338858362));
#4036 = CARTESIAN_POINT('',(5.742167626448,8.489569977926));
#4037 = CARTESIAN_POINT('',(5.770492214857,8.476154361336));
#4038 = CARTESIAN_POINT('',(5.799124760027,8.463223033041));
#4039 = CARTESIAN_POINT('',(5.828077523045,8.450858892686));
#4040 = CARTESIAN_POINT('',(5.924466956105,8.412310143188));
#4041 = CARTESIAN_POINT('',(5.993821963099,8.38869458918));
#4042 = CARTESIAN_POINT('',(6.064782531344,8.369754266867));
#4043 = CARTESIAN_POINT('',(6.136901882987,8.356636413104));
#4044 = CARTESIAN_POINT('',(6.209816874087,8.35));
#4045 = CARTESIAN_POINT('',(6.28318530718,8.35));
#4046 = ( GEOMETRIC_REPRESENTATION_CONTEXT(2) 
PARAMETRIC_REPRESENTATION_CONTEXT() REPRESENTATION_CONTEXT('2D SPACE',''
  ) );
#4047 = ADVANCED_FACE('',(#4048),#1228,.F.);
#4048 = FACE_BOUND('',#4049,.T.);
#4049 = EDGE_LOOP('',(#4050,#4051,#4072,#4073));
#4050 = ORIENTED_EDGE('',*,*,#1211,.F.);
#4051 = ORIENTED_EDGE('',*,*,#4052,.T.);
#4052 = EDGE_CURVE('',#1212,#2309,#4053,.T.);
#4053 = SEAM_CURVE('',#4054,(#4058,#4065),.PCURVE_S1.);
#4054 = LINE('',#4055,#4056);
#4055 = CARTESIAN_POINT('',(16.4,13.,0.));
#4056 = VECTOR('',#4057,1.);
#4057 = DIRECTION('',(0.,0.,1.));
#4058 = PCURVE('',#1228,#4059);
#4059 = DEFINITIONAL_REPRESENTATION('',(#4060),#4064);
#4060 = LINE('',#4061,#4062);
#4061 = CARTESIAN_POINT('',(-6.28318530718,0.));
#4062 = VECTOR('',#4063,1.);
#4063 = DIRECTION('',(-0.,-1.));
#4064 = ( GEOMETRIC_REPRESENTATION_CONTEXT(2) 
PARAMETRIC_REPRESENTATION_CONTEXT() REPRESENTATION_CONTEXT('2D SPACE',''
  ) );
#4065 = PCURVE('',#1228,#4066);
#4066 = DEFINITIONAL_REPRESENTATION('',(#4067),#4071);
#4067 = LINE('',#4068,#4069);
#4068 = CARTESIAN_POINT('',(-0.,0.));
#4069 = VECTOR('',#4070,1.);
#4070 = DIRECTION('',(-0.,-1.));
#4071 = ( GEOMETRIC_REPRESENTATION_CONTEXT(2) 
PARAMETRIC_REPRESENTATION_CONTEXT() REPRESENTATION_CONTEXT('2D SPACE',''
  ) );
#4072 = ORIENTED_EDGE('',*,*,#2308,.F.);
#4073 = ORIENTED_EDGE('',*,*,#4052,.F.);
#4074 = ADVANCED_FACE('',(#4075),#1259,.F.);
#4075 = FACE_BOUND('',#4076,.T.);
#4076 = EDGE_LOOP('',(#4077,#4078,#4099,#4100));
#4077 = ORIENTED_EDGE('',*,*,#1242,.F.);
#4078 = ORIENTED_EDGE('',*,*,#4079,.T.);
#4079 = EDGE_CURVE('',#1243,#2339,#4080,.T.);
#4080 = SEAM_CURVE('',#4081,(#4085,#4092),.PCURVE_S1.);
#4081 = LINE('',#4082,#4083);
#4082 = CARTESIAN_POINT('',(31.4,9.,0.));
#4083 = VECTOR('',#4084,1.);
#4084 = DIRECTION('',(0.,0.,1.));
#4085 = PCURVE('',#1259,#4086);
#4086 = DEFINITIONAL_REPRESENTATION('',(#4087),#4091);
#4087 = LINE('',#4088,#4089);
#4088 = CARTESIAN_POINT('',(-6.28318530718,0.));
#4089 = VECTOR('',#4090,1.);
#4090 = DIRECTION('',(-0.,-1.));
#4091 = ( GEOMETRIC_REPRESENTATION_CONTEXT(2) 
PARAMETRIC_REPRESENTATION_CONTEXT() REPRESENTATION_CONTEXT('2D SPACE',''
  ) );
#4092 = PCURVE('',#1259,#4093);
#4093 = DEFINITIONAL_REPRESENTATION('',(#4094),#4098);
#4094 = LINE('',#4095,#4096);
#4095 = CARTESIAN_POINT('',(-0.,0.));
#4096 = VECTOR('',#4097,1.);
#4097 = DIRECTION('',(-0.,-1.));
#4098 = ( GEOMETRIC_REPRESENTATION_CONTEXT(2) 
PARAMETRIC_REPRESENTATION_CONTEXT() REPRESENTATION_CONTEXT('2D SPACE',''
  ) );
#4099 = ORIENTED_EDGE('',*,*,#2338,.F.);
#4100 = ORIENTED_EDGE('',*,*,#4079,.F.);
#4101 = ADVANCED_FACE('',(#4102),#1290,.F.);
#4102 = FACE_BOUND('',#4103,.T.);
#4103 = EDGE_LOOP('',(#4104,#4105,#4126,#4127));
#4104 = ORIENTED_EDGE('',*,*,#1273,.F.);
#4105 = ORIENTED_EDGE('',*,*,#4106,.T.);
#4106 = EDGE_CURVE('',#1274,#2369,#4107,.T.);
#4107 = SEAM_CURVE('',#4108,(#4112,#4119),.PCURVE_S1.);
#4108 = LINE('',#4109,#4110);
#4109 = CARTESIAN_POINT('',(31.4,17.,0.));
#4110 = VECTOR('',#4111,1.);
#4111 = DIRECTION('',(0.,0.,1.));
#4112 = PCURVE('',#1290,#4113);
#4113 = DEFINITIONAL_REPRESENTATION('',(#4114),#4118);
#4114 = LINE('',#4115,#4116);
#4115 = CARTESIAN_POINT('',(-6.28318530718,0.));
#4116 = VECTOR('',#4117,1.);
#4117 = DIRECTION('',(-0.,-1.));
#4118 = ( GEOMETRIC_REPRESENTATION_CONTEXT(2) 
PARAMETRIC_REPRESENTATION_CONTEXT() REPRESENTATION_CONTEXT('2D SPACE',''
  ) );
#4119 = PCURVE('',#1290,#4120);
#4120 = DEFINITIONAL_REPRESENTATION('',(#4121),#4125);
#4121 = LINE('',#4122,#4123);
#4122 = CARTESIAN_POINT('',(-0.,0.));
#4123 = VECTOR('',#4124,1.);
#4124 = DIRECTION('',(-0.,-1.));
#4125 = ( GEOMETRIC_REPRESENTATION_CONTEXT(2) 
PARAMETRIC_REPRESENTATION_CONTEXT() REPRESENTATION_CONTEXT('2D SPACE',''
  ) );
#4126 = ORIENTED_EDGE('',*,*,#2368,.F.);
#4127 = ORIENTED_EDGE('',*,*,#4106,.F.);
#4128 = ADVANCED_FACE('',(#4129,#4384),#2294,.T.);
#4129 = FACE_BOUND('',#4130,.F.);
#4130 = EDGE_LOOP('',(#4131,#4225,#4248,#4270,#4271,#4361,#4382,#4383));
#4131 = ORIENTED_EDGE('',*,*,#4132,.T.);
#4132 = EDGE_CURVE('',#4133,#4135,#4137,.T.);
#4133 = VERTEX_POINT('',#4134);
#4134 = CARTESIAN_POINT('',(9.,0.,12.35));
#4135 = VERTEX_POINT('',#4136);
#4136 = CARTESIAN_POINT('',(9.,2.020667218593E-16,15.65));
#4137 = SURFACE_CURVE('',#4138,(#4165,#4195),.PCURVE_S1.);
#4138 = B_SPLINE_CURVE_WITH_KNOTS('',7,(#4139,#4140,#4141,#4142,#4143,
    #4144,#4145,#4146,#4147,#4148,#4149,#4150,#4151,#4152,#4153,#4154,
    #4155,#4156,#4157,#4158,#4159,#4160,#4161,#4162,#4163,#4164),
  .UNSPECIFIED.,.F.,.F.,(8,6,6,6,8),(0.,0.247593576709,0.500044754724,
    0.752495932739,1.),.UNSPECIFIED.);
#4139 = CARTESIAN_POINT('',(9.,6.317138353229E-16,12.35));
#4140 = CARTESIAN_POINT('',(9.,0.217487408921,12.35));
#4141 = CARTESIAN_POINT('',(8.993868200424,0.4296255602,12.383444697072)
  );
#4142 = CARTESIAN_POINT('',(8.982149132302,0.630420988872,
    12.447374807052));
#4143 = CARTESIAN_POINT('',(8.966347337758,0.814800636142,
    12.537671991646));
#4144 = CARTESIAN_POINT('',(8.948584275642,0.978795585031,
    12.649086467466));
#4145 = CARTESIAN_POINT('',(8.930839986683,1.119924774847,
    12.775264634278));
#4146 = CARTESIAN_POINT('',(8.897820164896,1.357752088677,
    13.045026769389));
#4147 = CARTESIAN_POINT('',(8.882192982182,1.456456353633,
    13.192229845551));
#4148 = CARTESIAN_POINT('',(8.868738421765,1.534426212985,
    13.347061992597));
#4149 = CARTESIAN_POINT('',(8.858209177187,1.592347643134,
    13.507050188583));
#4150 = CARTESIAN_POINT('',(8.851043801574,1.630768526008,
    13.670261412501));
#4151 = CARTESIAN_POINT('',(8.847457261835,1.65,13.835078247778));
#4152 = CARTESIAN_POINT('',(8.847457261835,1.65,14.164921752222));
#4153 = CARTESIAN_POINT('',(8.851043801574,1.630768526008,
    14.329738587499));
#4154 = CARTESIAN_POINT('',(8.858209177187,1.592347643135,
    14.492949811418));
#4155 = CARTESIAN_POINT('',(8.868738421765,1.534426212985,
    14.652938007402));
#4156 = CARTESIAN_POINT('',(8.882192982182,1.456456353633,
    14.807770154449));
#4157 = CARTESIAN_POINT('',(8.897820164896,1.357752088677,
    14.954973230611));
#4158 = CARTESIAN_POINT('',(8.93083407604,1.11996734662,15.224687077525)
  );
#4159 = CARTESIAN_POINT('',(8.948580104169,0.978835238547,
    15.350893098473));
#4160 = CARTESIAN_POINT('',(8.966349884354,0.814796088849,
    15.462349226695));
#4161 = CARTESIAN_POINT('',(8.9821566595,0.630355566651,15.552666159006)
  );
#4162 = CARTESIAN_POINT('',(8.993873473575,0.429518047871,
    15.616584078161));
#4163 = CARTESIAN_POINT('',(9.,0.217393838147,15.65));
#4164 = CARTESIAN_POINT('',(9.,2.020667218593E-16,15.65));
#4165 = PCURVE('',#2294,#4166);
#4166 = DEFINITIONAL_REPRESENTATION('',(#4167),#4194);
#4167 = B_SPLINE_CURVE_WITH_KNOTS('',7,(#4168,#4169,#4170,#4171,#4172,
    #4173,#4174,#4175,#4176,#4177,#4178,#4179,#4180,#4181,#4182,#4183,
    #4184,#4185,#4186,#4187,#4188,#4189,#4190,#4191,#4192,#4193),
  .UNSPECIFIED.,.F.,.F.,(8,6,6,6,8),(0.,0.247593576709,0.500044754724,
    0.752495932739,1.),.UNSPECIFIED.);
#4168 = CARTESIAN_POINT('',(0.,-7.35));
#4169 = CARTESIAN_POINT('',(-2.416526765788E-02,-7.35));
#4170 = CARTESIAN_POINT('',(-4.773619877488E-02,-7.383444697072));
#4171 = CARTESIAN_POINT('',(-7.006971071482E-02,-7.447374807052));
#4172 = CARTESIAN_POINT('',(-9.062079040464E-02,-7.537671991646));
#4173 = CARTESIAN_POINT('',(-0.108944624033,-7.649086467466));
#4174 = CARTESIAN_POINT('',(-0.124747770858,-7.775264634278));
#4175 = CARTESIAN_POINT('',(-0.151426504201,-8.045026769389));
#4176 = CARTESIAN_POINT('',(-0.162528229248,-8.192229845551));
#4177 = CARTESIAN_POINT('',(-0.171318814082,-8.347061992597));
#4178 = CARTESIAN_POINT('',(-0.177859924803,-8.507050188583));
#4179 = CARTESIAN_POINT('',(-0.182202519295,-8.670261412501));
#4180 = CARTESIAN_POINT('',(-0.184376191036,-8.835078247778));
#4181 = CARTESIAN_POINT('',(-0.184376191036,-9.164921752222));
#4182 = CARTESIAN_POINT('',(-0.182202519295,-9.329738587499));
#4183 = CARTESIAN_POINT('',(-0.177859924803,-9.492949811418));
#4184 = CARTESIAN_POINT('',(-0.171318814082,-9.652938007403));
#4185 = CARTESIAN_POINT('',(-0.162528229248,-9.807770154449));
#4186 = CARTESIAN_POINT('',(-0.151426504201,-9.954973230611));
#4187 = CARTESIAN_POINT('',(-0.124752546428,-10.22468707752));
#4188 = CARTESIAN_POINT('',(-0.108949052463,-10.35089309847));
#4189 = CARTESIAN_POINT('',(-9.062025255592E-02,-10.46234922669));
#4190 = CARTESIAN_POINT('',(-7.006240959513E-02,-10.552666159));
#4191 = CARTESIAN_POINT('',(-4.772425333428E-02,-10.61658407816));
#4192 = CARTESIAN_POINT('',(-2.415487090525E-02,-10.65));
#4193 = CARTESIAN_POINT('',(0.,-10.65));
#4194 = ( GEOMETRIC_REPRESENTATION_CONTEXT(2) 
PARAMETRIC_REPRESENTATION_CONTEXT() REPRESENTATION_CONTEXT('2D SPACE',''
  ) );
#4195 = PCURVE('',#3437,#4196);
#4196 = DEFINITIONAL_REPRESENTATION('',(#4197),#4224);
#4197 = B_SPLINE_CURVE_WITH_KNOTS('',7,(#4198,#4199,#4200,#4201,#4202,
    #4203,#4204,#4205,#4206,#4207,#4208,#4209,#4210,#4211,#4212,#4213,
    #4214,#4215,#4216,#4217,#4218,#4219,#4220,#4221,#4222,#4223),
  .UNSPECIFIED.,.F.,.F.,(8,6,6,6,8),(0.,0.247593576709,0.500044754724,
    0.752495932739,1.),.UNSPECIFIED.);
#4198 = CARTESIAN_POINT('',(3.14159265359,20.));
#4199 = CARTESIAN_POINT('',(3.273403204451,20.));
#4200 = CARTESIAN_POINT('',(3.401971692794,19.993868200424));
#4201 = CARTESIAN_POINT('',(3.527406665525,19.982149132302));
#4202 = CARTESIAN_POINT('',(3.649545296353,19.966347337758));
#4203 = CARTESIAN_POINT('',(3.767976504402,19.948584275642));
#4204 = CARTESIAN_POINT('',(3.881902661987,19.930839986683));
#4205 = CARTESIAN_POINT('',(4.099859988197,19.897820164896));
#4206 = CARTESIAN_POINT('',(4.206340659396,19.882192982182));
#4207 = CARTESIAN_POINT('',(4.310154831601,19.868738421765));
#4208 = CARTESIAN_POINT('',(4.412000091648,19.858209177187));
#4209 = CARTESIAN_POINT('',(4.512547530358,19.851043801574));
#4210 = CARTESIAN_POINT('',(4.61243640328,19.847457261835));
#4211 = CARTESIAN_POINT('',(4.812341557489,19.847457261835));
#4212 = CARTESIAN_POINT('',(4.912230430411,19.851043801574));
#4213 = CARTESIAN_POINT('',(5.012777869122,19.858209177187));
#4214 = CARTESIAN_POINT('',(5.114623129168,19.868738421765));
#4215 = CARTESIAN_POINT('',(5.218437301374,19.882192982182));
#4216 = CARTESIAN_POINT('',(5.324917972572,19.897820164896));
#4217 = CARTESIAN_POINT('',(5.542836283795,19.93083407604));
#4218 = CARTESIAN_POINT('',(5.656776286292,19.948580104169));
#4219 = CARTESIAN_POINT('',(5.775241847908,19.966349884354));
#4220 = CARTESIAN_POINT('',(5.897415711629,19.9821566595));
#4221 = CARTESIAN_POINT('',(6.022871438742,19.993873473575));
#4222 = CARTESIAN_POINT('',(6.151431465878,20.));
#4223 = CARTESIAN_POINT('',(6.28318530718,20.));
#4224 = ( GEOMETRIC_REPRESENTATION_CONTEXT(2) 
PARAMETRIC_REPRESENTATION_CONTEXT() REPRESENTATION_CONTEXT('2D SPACE',''
  ) );
#4225 = ORIENTED_EDGE('',*,*,#4226,.T.);
#4226 = EDGE_CURVE('',#4135,#4227,#4229,.T.);
#4227 = VERTEX_POINT('',#4228);
#4228 = CARTESIAN_POINT('',(9.,0.,23.));
#4229 = SEAM_CURVE('',#4230,(#4234,#4241),.PCURVE_S1.);
#4230 = LINE('',#4231,#4232);
#4231 = CARTESIAN_POINT('',(9.,0.,5.));
#4232 = VECTOR('',#4233,1.);
#4233 = DIRECTION('',(0.,0.,1.));
#4234 = PCURVE('',#2294,#4235);
#4235 = DEFINITIONAL_REPRESENTATION('',(#4236),#4240);
#4236 = LINE('',#4237,#4238);
#4237 = CARTESIAN_POINT('',(-6.28318530718,0.));
#4238 = VECTOR('',#4239,1.);
#4239 = DIRECTION('',(-0.,-1.));
#4240 = ( GEOMETRIC_REPRESENTATION_CONTEXT(2) 
PARAMETRIC_REPRESENTATION_CONTEXT() REPRESENTATION_CONTEXT('2D SPACE',''
  ) );
#4241 = PCURVE('',#2294,#4242);
#4242 = DEFINITIONAL_REPRESENTATION('',(#4243),#4247);
#4243 = LINE('',#4244,#4245);
#4244 = CARTESIAN_POINT('',(-0.,0.));
#4245 = VECTOR('',#4246,1.);
#4246 = DIRECTION('',(-0.,-1.));
#4247 = ( GEOMETRIC_REPRESENTATION_CONTEXT(2) 
PARAMETRIC_REPRESENTATION_CONTEXT() REPRESENTATION_CONTEXT('2D SPACE',''
  ) );
#4248 = ORIENTED_EDGE('',*,*,#4249,.T.);
#4249 = EDGE_CURVE('',#4227,#4227,#4250,.T.);
#4250 = SURFACE_CURVE('',#4251,(#4256,#4263),.PCURVE_S1.);
#4251 = CIRCLE('',#4252,9.);
#4252 = AXIS2_PLACEMENT_3D('',#4253,#4254,#4255);
#4253 = CARTESIAN_POINT('',(0.,0.,23.));
#4254 = DIRECTION('',(0.,0.,1.));
#4255 = DIRECTION('',(1.,0.,0.));
#4256 = PCURVE('',#2294,#4257);
#4257 = DEFINITIONAL_REPRESENTATION('',(#4258),#4262);
#4258 = LINE('',#4259,#4260);
#4259 = CARTESIAN_POINT('',(-0.,-18.));
#4260 = VECTOR('',#4261,1.);
#4261 = DIRECTION('',(-1.,0.));
#4262 = ( GEOMETRIC_REPRESENTATION_CONTEXT(2) 
PARAMETRIC_REPRESENTATION_CONTEXT() REPRESENTATION_CONTEXT('2D SPACE',''
  ) );
#4263 = PCURVE('',#3536,#4264);
#4264 = DEFINITIONAL_REPRESENTATION('',(#4265),#4269);
#4265 = CIRCLE('',#4266,9.);
#4266 = AXIS2_PLACEMENT_2D('',#4267,#4268);
#4267 = CARTESIAN_POINT('',(3.038755850088E-16,-2.403571302733E-16));
#4268 = DIRECTION('',(1.,0.));
#4269 = ( GEOMETRIC_REPRESENTATION_CONTEXT(2) 
PARAMETRIC_REPRESENTATION_CONTEXT() REPRESENTATION_CONTEXT('2D SPACE',''
  ) );
#4270 = ORIENTED_EDGE('',*,*,#4226,.F.);
#4271 = ORIENTED_EDGE('',*,*,#4272,.T.);
#4272 = EDGE_CURVE('',#4135,#4133,#4273,.T.);
#4273 = SURFACE_CURVE('',#4274,(#4301,#4331),.PCURVE_S1.);
#4274 = B_SPLINE_CURVE_WITH_KNOTS('',7,(#4275,#4276,#4277,#4278,#4279,
    #4280,#4281,#4282,#4283,#4284,#4285,#4286,#4287,#4288,#4289,#4290,
    #4291,#4292,#4293,#4294,#4295,#4296,#4297,#4298,#4299,#4300),
  .UNSPECIFIED.,.F.,.F.,(8,6,6,6,8),(0.,0.247590286093,0.500037858095,
    0.752494677944,1.),.UNSPECIFIED.);
#4275 = CARTESIAN_POINT('',(9.,-8.881784197001E-16,15.65));
#4276 = CARTESIAN_POINT('',(9.,-0.217487408921,15.65));
#4277 = CARTESIAN_POINT('',(8.993868200424,-0.4296255602,15.616555302928
    ));
#4278 = CARTESIAN_POINT('',(8.982149132302,-0.630420988873,
    15.552625192947));
#4279 = CARTESIAN_POINT('',(8.966347337758,-0.814800636142,
    15.462328008354));
#4280 = CARTESIAN_POINT('',(8.948584275642,-0.978795585031,
    15.350913532534));
#4281 = CARTESIAN_POINT('',(8.930839986683,-1.119924774847,
    15.224735365722));
#4282 = CARTESIAN_POINT('',(8.89782018146,-1.357751969374,
    14.954973365934));
#4283 = CARTESIAN_POINT('',(8.882193135826,-1.456455269344,
    14.807771481338));
#4284 = CARTESIAN_POINT('',(8.868738514746,-1.53442597417,
    14.652939343787));
#4285 = CARTESIAN_POINT('',(8.858208950808,-1.592348820696,
    14.492948706875));
#4286 = CARTESIAN_POINT('',(8.851043545696,-1.63076991123,
    14.329733895261));
#4287 = CARTESIAN_POINT('',(8.847457261835,-1.65,14.164915706952));
#4288 = CARTESIAN_POINT('',(8.847457261835,-1.65,13.835078251733));
#4289 = CARTESIAN_POINT('',(8.851043801459,-1.630768526995,
    13.670261402781));
#4290 = CARTESIAN_POINT('',(8.858209177812,-1.592347638423,
    13.507050195687));
#4291 = CARTESIAN_POINT('',(8.868738420528,-1.534426221883,
    13.347061995992));
#4292 = CARTESIAN_POINT('',(8.882192983308,-1.456456345621,
    13.192229837833));
#4293 = CARTESIAN_POINT('',(8.897820164472,-1.357752091732,
    13.045026772855));
#4294 = CARTESIAN_POINT('',(8.93083379407,-1.119969377525,
    12.775315226085));
#4295 = CARTESIAN_POINT('',(8.948579328185,-0.978841250771,
    12.649112560602));
#4296 = CARTESIAN_POINT('',(8.96634904729,-0.814804537423,
    12.537655253068));
#4297 = CARTESIAN_POINT('',(8.982156505376,-0.630361309346,
    12.447334450531));
#4298 = CARTESIAN_POINT('',(8.993873775848,-0.429517490751,
    12.383414371162));
#4299 = CARTESIAN_POINT('',(9.,-0.217388692437,12.35));
#4300 = CARTESIAN_POINT('',(9.,-4.440892098501E-16,12.35));
#4301 = PCURVE('',#2294,#4302);
#4302 = DEFINITIONAL_REPRESENTATION('',(#4303),#4330);
#4303 = B_SPLINE_CURVE_WITH_KNOTS('',7,(#4304,#4305,#4306,#4307,#4308,
    #4309,#4310,#4311,#4312,#4313,#4314,#4315,#4316,#4317,#4318,#4319,
    #4320,#4321,#4322,#4323,#4324,#4325,#4326,#4327,#4328,#4329),
  .UNSPECIFIED.,.F.,.F.,(8,6,6,6,8),(0.,0.247590286093,0.500037858095,
    0.752494677944,1.),.UNSPECIFIED.);
#4304 = CARTESIAN_POINT('',(-6.28318530718,-10.65));
#4305 = CARTESIAN_POINT('',(-6.259020039522,-10.65));
#4306 = CARTESIAN_POINT('',(-6.235449108405,-10.61655530292));
#4307 = CARTESIAN_POINT('',(-6.213115596465,-10.55262519294));
#4308 = CARTESIAN_POINT('',(-6.192564516775,-10.46232800835));
#4309 = CARTESIAN_POINT('',(-6.174240683146,-10.35091353253));
#4310 = CARTESIAN_POINT('',(-6.158437536322,-10.22473536572));
#4311 = CARTESIAN_POINT('',(-6.131758816362,-9.954973365934));
#4312 = CARTESIAN_POINT('',(-6.12065719957,-9.807771481338));
#4313 = CARTESIAN_POINT('',(-6.111866520983,-9.652939343787));
#4314 = CARTESIAN_POINT('',(-6.105325249181,-9.492948706875));
#4315 = CARTESIAN_POINT('',(-6.10098263136,-9.329733895261));
#4316 = CARTESIAN_POINT('',(-6.098809116144,-9.164915706952));
#4317 = CARTESIAN_POINT('',(-6.098809116144,-8.835078251733));
#4318 = CARTESIAN_POINT('',(-6.100982787774,-8.670261402781));
#4319 = CARTESIAN_POINT('',(-6.105325382905,-8.507050195686));
#4320 = CARTESIAN_POINT('',(-6.111866492099,-8.347061995992));
#4321 = CARTESIAN_POINT('',(-6.120657078831,-8.192229837833));
#4322 = CARTESIAN_POINT('',(-6.131758802636,-8.045026772855));
#4323 = CARTESIAN_POINT('',(-6.158432532931,-7.775315226085));
#4324 = CARTESIAN_POINT('',(-6.174235580472,-7.649112560602));
#4325 = CARTESIAN_POINT('',(-6.192564114014,-7.537655253068));
#4326 = CARTESIAN_POINT('',(-6.213122258797,-7.447334450531));
#4327 = CARTESIAN_POINT('',(-6.235461117074,-7.383414371162));
#4328 = CARTESIAN_POINT('',(-6.25903100802,-7.35));
#4329 = CARTESIAN_POINT('',(-6.28318530718,-7.35));
#4330 = ( GEOMETRIC_REPRESENTATION_CONTEXT(2) 
PARAMETRIC_REPRESENTATION_CONTEXT() REPRESENTATION_CONTEXT('2D SPACE',''
  ) );
#4331 = PCURVE('',#3437,#4332);
#4332 = DEFINITIONAL_REPRESENTATION('',(#4333),#4360);
#4333 = B_SPLINE_CURVE_WITH_KNOTS('',7,(#4334,#4335,#4336,#4337,#4338,
    #4339,#4340,#4341,#4342,#4343,#4344,#4345,#4346,#4347,#4348,#4349,
    #4350,#4351,#4352,#4353,#4354,#4355,#4356,#4357,#4358,#4359),
  .UNSPECIFIED.,.F.,.F.,(8,6,6,6,8),(0.,0.247590286093,0.500037858095,
    0.752494677944,1.),.UNSPECIFIED.);
#4334 = CARTESIAN_POINT('',(0.,20.));
#4335 = CARTESIAN_POINT('',(0.131810550861,20.));
#4336 = CARTESIAN_POINT('',(0.260379039204,19.993868200424));
#4337 = CARTESIAN_POINT('',(0.385814011935,19.982149132302));
#4338 = CARTESIAN_POINT('',(0.507952642763,19.966347337758));
#4339 = CARTESIAN_POINT('',(0.626383850812,19.948584275642));
#4340 = CARTESIAN_POINT('',(0.740310008397,19.930839986683));
#4341 = CARTESIAN_POINT('',(0.958267225272,19.89782018146));
#4342 = CARTESIAN_POINT('',(1.064746973851,19.882193135826));
#4343 = CARTESIAN_POINT('',(1.168561443978,19.868738514746));
#4344 = CARTESIAN_POINT('',(1.270408299915,19.858208950808));
#4345 = CARTESIAN_POINT('',(1.370957710182,19.851043545696));
#4346 = CARTESIAN_POINT('',(1.47084741349,19.847457261835));
#4347 = CARTESIAN_POINT('',(1.670748901502,19.847457261835));
#4348 = CARTESIAN_POINT('',(1.770637782413,19.851043801459));
#4349 = CARTESIAN_POINT('',(1.871185212395,19.858209177812));
#4350 = CARTESIAN_POINT('',(1.973030471501,19.868738420528));
#4351 = CARTESIAN_POINT('',(2.076844654247,19.882192983308));
#4352 = CARTESIAN_POINT('',(2.183325316182,19.897820164472));
#4353 = CARTESIAN_POINT('',(2.401241768978,19.93083379407));
#4354 = CARTESIAN_POINT('',(2.515178656058,19.948579328185));
#4355 = CARTESIAN_POINT('',(2.633643643949,19.96634904729));
#4356 = CARTESIAN_POINT('',(2.755819839397,19.982156505376));
#4357 = CARTESIAN_POINT('',(2.881279119158,19.993873775848));
#4358 = CARTESIAN_POINT('',(3.0098419309,20.));
#4359 = CARTESIAN_POINT('',(3.14159265359,20.));
#4360 = ( GEOMETRIC_REPRESENTATION_CONTEXT(2) 
PARAMETRIC_REPRESENTATION_CONTEXT() REPRESENTATION_CONTEXT('2D SPACE',''
  ) );
#4361 = ORIENTED_EDGE('',*,*,#4362,.F.);
#4362 = EDGE_CURVE('',#2278,#4133,#4363,.T.);
#4363 = SEAM_CURVE('',#4364,(#4368,#4375),.PCURVE_S1.);
#4364 = LINE('',#4365,#4366);
#4365 = CARTESIAN_POINT('',(9.,0.,5.));
#4366 = VECTOR('',#4367,1.);
#4367 = DIRECTION('',(0.,0.,1.));
#4368 = PCURVE('',#2294,#4369);
#4369 = DEFINITIONAL_REPRESENTATION('',(#4370),#4374);
#4370 = LINE('',#4371,#4372);
#4371 = CARTESIAN_POINT('',(-0.,0.));
#4372 = VECTOR('',#4373,1.);
#4373 = DIRECTION('',(-0.,-1.));
#4374 = ( GEOMETRIC_REPRESENTATION_CONTEXT(2) 
PARAMETRIC_REPRESENTATION_CONTEXT() REPRESENTATION_CONTEXT('2D SPACE',''
  ) );
#4375 = PCURVE('',#2294,#4376);
#4376 = DEFINITIONAL_REPRESENTATION('',(#4377),#4381);
#4377 = LINE('',#4378,#4379);
#4378 = CARTESIAN_POINT('',(-6.28318530718,0.));
#4379 = VECTOR('',#4380,1.);
#4380 = DIRECTION('',(-0.,-1.));
#4381 = ( GEOMETRIC_REPRESENTATION_CONTEXT(2) 
PARAMETRIC_REPRESENTATION_CONTEXT() REPRESENTATION_CONTEXT('2D SPACE',''
  ) );
#4382 = ORIENTED_EDGE('',*,*,#2277,.F.);
#4383 = ORIENTED_EDGE('',*,*,#4362,.T.);
#4384 = FACE_BOUND('',#4385,.F.);
#4385 = EDGE_LOOP('',(#4386));
#4386 = ORIENTED_EDGE('',*,*,#4387,.F.);
#4387 = EDGE_CURVE('',#4388,#4388,#4390,.T.);
#4388 = VERTEX_POINT('',#4389);
#4389 = CARTESIAN_POINT('',(-9.,4.041334437186E-16,15.65));
#4390 = SURFACE_CURVE('',#4391,(#4442,#4496),.PCURVE_S1.);
#4391 = B_SPLINE_CURVE_WITH_KNOTS('',7,(#4392,#4393,#4394,#4395,#4396,
    #4397,#4398,#4399,#4400,#4401,#4402,#4403,#4404,#4405,#4406,#4407,
    #4408,#4409,#4410,#4411,#4412,#4413,#4414,#4415,#4416,#4417,#4418,
    #4419,#4420,#4421,#4422,#4423,#4424,#4425,#4426,#4427,#4428,#4429,
    #4430,#4431,#4432,#4433,#4434,#4435,#4436,#4437,#4438,#4439,#4440,
    #4441),.UNSPECIFIED.,.T.,.F.,(8,6,6,6,6,6,6,6,8),(0.,0.123789108963,
    0.250006742502,0.376228999741,0.499975628756,0.623778451274,
    0.750010192831,0.876241934388,1.),.UNSPECIFIED.);
#4392 = CARTESIAN_POINT('',(-9.,6.661338147751E-16,15.65));
#4393 = CARTESIAN_POINT('',(-9.,-0.217487408921,15.65));
#4394 = CARTESIAN_POINT('',(-8.993868200424,-0.4296255602,
    15.616555302928));
#4395 = CARTESIAN_POINT('',(-8.982149132302,-0.630420988872,
    15.552625192948));
#4396 = CARTESIAN_POINT('',(-8.966347337758,-0.814800636142,
    15.462328008354));
#4397 = CARTESIAN_POINT('',(-8.948584275642,-0.978795585031,
    15.350913532534));
#4398 = CARTESIAN_POINT('',(-8.930839986683,-1.119924774847,
    15.224735365722));
#4399 = CARTESIAN_POINT('',(-8.89782018146,-1.357751969374,
    14.954973365934));
#4400 = CARTESIAN_POINT('',(-8.882193135826,-1.456455269345,
    14.807771481338));
#4401 = CARTESIAN_POINT('',(-8.868738514746,-1.53442597417,
    14.652939343787));
#4402 = CARTESIAN_POINT('',(-8.858208950808,-1.592348820696,
    14.492948706875));
#4403 = CARTESIAN_POINT('',(-8.851043545696,-1.63076991123,
    14.329733895262));
#4404 = CARTESIAN_POINT('',(-8.847457261835,-1.65,14.164915706952));
#4405 = CARTESIAN_POINT('',(-8.847457261835,-1.65,13.835078251733));
#4406 = CARTESIAN_POINT('',(-8.851043801459,-1.630768526995,
    13.670261402781));
#4407 = CARTESIAN_POINT('',(-8.858209177812,-1.592347638423,
    13.507050195687));
#4408 = CARTESIAN_POINT('',(-8.868738420528,-1.534426221883,
    13.347061995992));
#4409 = CARTESIAN_POINT('',(-8.882192983308,-1.45645634562,
    13.192229837833));
#4410 = CARTESIAN_POINT('',(-8.897820164472,-1.357752091732,
    13.045026772855));
#4411 = CARTESIAN_POINT('',(-8.93083379407,-1.119969377525,
    12.775315226085));
#4412 = CARTESIAN_POINT('',(-8.948579328185,-0.978841250771,
    12.649112560602));
#4413 = CARTESIAN_POINT('',(-8.96634904729,-0.814804537423,
    12.537655253068));
#4414 = CARTESIAN_POINT('',(-8.982156505376,-0.630361309345,
    12.447334450531));
#4415 = CARTESIAN_POINT('',(-8.993873775848,-0.429517490751,
    12.383414371162));
#4416 = CARTESIAN_POINT('',(-9.,-0.217388692437,12.35));
#4417 = CARTESIAN_POINT('',(-9.,0.217487408921,12.35));
#4418 = CARTESIAN_POINT('',(-8.993868200424,0.4296255602,12.383444697072
    ));
#4419 = CARTESIAN_POINT('',(-8.982149132302,0.630420988872,
    12.447374807052));
#4420 = CARTESIAN_POINT('',(-8.966347337758,0.814800636142,
    12.537671991646));
#4421 = CARTESIAN_POINT('',(-8.948584275642,0.978795585031,
    12.649086467466));
#4422 = CARTESIAN_POINT('',(-8.930839986683,1.119924774847,
    12.775264634278));
#4423 = CARTESIAN_POINT('',(-8.897820164896,1.357752088677,
    13.045026769389));
#4424 = CARTESIAN_POINT('',(-8.882192982182,1.456456353633,
    13.192229845551));
#4425 = CARTESIAN_POINT('',(-8.868738421765,1.534426212985,
    13.347061992597));
#4426 = CARTESIAN_POINT('',(-8.858209177187,1.592347643134,
    13.507050188583));
#4427 = CARTESIAN_POINT('',(-8.851043801574,1.630768526008,
    13.670261412501));
#4428 = CARTESIAN_POINT('',(-8.847457261835,1.65,13.835078247778));
#4429 = CARTESIAN_POINT('',(-8.847457261835,1.65,14.164921752222));
#4430 = CARTESIAN_POINT('',(-8.851043801573,1.630768526008,
    14.329738587499));
#4431 = CARTESIAN_POINT('',(-8.858209177187,1.592347643134,
    14.492949811418));
#4432 = CARTESIAN_POINT('',(-8.868738421765,1.534426212985,
    14.652938007402));
#4433 = CARTESIAN_POINT('',(-8.882192982182,1.456456353633,
    14.807770154449));
#4434 = CARTESIAN_POINT('',(-8.897820164896,1.357752088677,
    14.954973230611));
#4435 = CARTESIAN_POINT('',(-8.93083407604,1.11996734662,15.224687077525
    ));
#4436 = CARTESIAN_POINT('',(-8.948580104169,0.978835238546,
    15.350893098474));
#4437 = CARTESIAN_POINT('',(-8.966349884354,0.81479608885,
    15.462349226694));
#4438 = CARTESIAN_POINT('',(-8.9821566595,0.63035556665,15.552666159006)
  );
#4439 = CARTESIAN_POINT('',(-8.993873473575,0.429518047871,
    15.616584078161));
#4440 = CARTESIAN_POINT('',(-9.,0.217393838147,15.65));
#4441 = CARTESIAN_POINT('',(-9.,6.661338147751E-16,15.65));
#4442 = PCURVE('',#2294,#4443);
#4443 = DEFINITIONAL_REPRESENTATION('',(#4444),#4495);
#4444 = B_SPLINE_CURVE_WITH_KNOTS('',7,(#4445,#4446,#4447,#4448,#4449,
    #4450,#4451,#4452,#4453,#4454,#4455,#4456,#4457,#4458,#4459,#4460,
    #4461,#4462,#4463,#4464,#4465,#4466,#4467,#4468,#4469,#4470,#4471,
    #4472,#4473,#4474,#4475,#4476,#4477,#4478,#4479,#4480,#4481,#4482,
    #4483,#4484,#4485,#4486,#4487,#4488,#4489,#4490,#4491,#4492,#4493,
    #4494),.UNSPECIFIED.,.T.,.F.,(8,6,6,6,6,6,6,6,8),(0.,0.123789108963,
    0.250006742502,0.376228999741,0.499975628756,0.623778451274,
    0.750010192831,0.876241934388,1.),.UNSPECIFIED.);
#4445 = CARTESIAN_POINT('',(-3.14159265359,-10.65));
#4446 = CARTESIAN_POINT('',(-3.165757921248,-10.65));
#4447 = CARTESIAN_POINT('',(-3.189328852365,-10.61655530292));
#4448 = CARTESIAN_POINT('',(-3.211662364305,-10.55262519294));
#4449 = CARTESIAN_POINT('',(-3.232213443994,-10.46232800835));
#4450 = CARTESIAN_POINT('',(-3.250537277623,-10.35091353253));
#4451 = CARTESIAN_POINT('',(-3.266340424448,-10.22473536572));
#4452 = CARTESIAN_POINT('',(-3.293019144407,-9.954973365934));
#4453 = CARTESIAN_POINT('',(-3.304120761199,-9.807771481338));
#4454 = CARTESIAN_POINT('',(-3.312911439786,-9.652939343788));
#4455 = CARTESIAN_POINT('',(-3.319452711588,-9.492948706875));
#4456 = CARTESIAN_POINT('',(-3.32379532941,-9.329733895262));
#4457 = CARTESIAN_POINT('',(-3.325968844626,-9.164915706952));
#4458 = CARTESIAN_POINT('',(-3.325968844626,-8.835078251733));
#4459 = CARTESIAN_POINT('',(-3.323795172995,-8.670261402781));
#4460 = CARTESIAN_POINT('',(-3.319452577865,-8.507050195686));
#4461 = CARTESIAN_POINT('',(-3.31291146867,-8.347061995992));
#4462 = CARTESIAN_POINT('',(-3.304120881938,-8.192229837833));
#4463 = CARTESIAN_POINT('',(-3.293019158133,-8.045026772855));
#4464 = CARTESIAN_POINT('',(-3.266345427838,-7.775315226085));
#4465 = CARTESIAN_POINT('',(-3.250542380298,-7.649112560602));
#4466 = CARTESIAN_POINT('',(-3.232213846756,-7.537655253068));
#4467 = CARTESIAN_POINT('',(-3.211655701973,-7.447334450531));
#4468 = CARTESIAN_POINT('',(-3.189316843695,-7.383414371162));
#4469 = CARTESIAN_POINT('',(-3.165746952749,-7.35));
#4470 = CARTESIAN_POINT('',(-3.117427385932,-7.35));
#4471 = CARTESIAN_POINT('',(-3.093856454815,-7.383444697072));
#4472 = CARTESIAN_POINT('',(-3.071522942875,-7.447374807052));
#4473 = CARTESIAN_POINT('',(-3.050971863185,-7.537671991646));
#4474 = CARTESIAN_POINT('',(-3.032648029556,-7.649086467466));
#4475 = CARTESIAN_POINT('',(-3.016844882732,-7.775264634278));
#4476 = CARTESIAN_POINT('',(-2.990166149389,-8.045026769389));
#4477 = CARTESIAN_POINT('',(-2.979064424342,-8.192229845551));
#4478 = CARTESIAN_POINT('',(-2.970273839508,-8.347061992597));
#4479 = CARTESIAN_POINT('',(-2.963732728787,-8.507050188583));
#4480 = CARTESIAN_POINT('',(-2.959390134295,-8.670261412501));
#4481 = CARTESIAN_POINT('',(-2.957216462554,-8.835078247778));
#4482 = CARTESIAN_POINT('',(-2.957216462554,-9.164921752222));
#4483 = CARTESIAN_POINT('',(-2.959390134295,-9.329738587499));
#4484 = CARTESIAN_POINT('',(-2.963732728787,-9.492949811418));
#4485 = CARTESIAN_POINT('',(-2.970273839508,-9.652938007402));
#4486 = CARTESIAN_POINT('',(-2.979064424342,-9.807770154449));
#4487 = CARTESIAN_POINT('',(-2.990166149389,-9.954973230611));
#4488 = CARTESIAN_POINT('',(-3.016840107162,-10.22468707752));
#4489 = CARTESIAN_POINT('',(-3.032643601127,-10.35089309847));
#4490 = CARTESIAN_POINT('',(-3.050972401034,-10.46234922669));
#4491 = CARTESIAN_POINT('',(-3.071530243995,-10.552666159));
#4492 = CARTESIAN_POINT('',(-3.093868400255,-10.61658407816));
#4493 = CARTESIAN_POINT('',(-3.117437782685,-10.65));
#4494 = CARTESIAN_POINT('',(-3.14159265359,-10.65));
#4495 = ( GEOMETRIC_REPRESENTATION_CONTEXT(2) 
PARAMETRIC_REPRESENTATION_CONTEXT() REPRESENTATION_CONTEXT('2D SPACE',''
  ) );
#4496 = PCURVE('',#3937,#4497);
#4497 = DEFINITIONAL_REPRESENTATION('',(#4498),#4549);
#4498 = B_SPLINE_CURVE_WITH_KNOTS('',7,(#4499,#4500,#4501,#4502,#4503,
    #4504,#4505,#4506,#4507,#4508,#4509,#4510,#4511,#4512,#4513,#4514,
    #4515,#4516,#4517,#4518,#4519,#4520,#4521,#4522,#4523,#4524,#4525,
    #4526,#4527,#4528,#4529,#4530,#4531,#4532,#4533,#4534,#4535,#4536,
    #4537,#4538,#4539,#4540,#4541,#4542,#4543,#4544,#4545,#4546,#4547,
    #4548),.UNSPECIFIED.,.F.,.F.,(8,6,6,6,6,6,6,6,8),(0.,0.123789108963,
    0.250006742502,0.376228999741,0.499975628756,0.623778451274,
    0.750010192831,0.876241934388,1.),.UNSPECIFIED.);
#4499 = CARTESIAN_POINT('',(0.,2.));
#4500 = CARTESIAN_POINT('',(0.131810550861,2.));
#4501 = CARTESIAN_POINT('',(0.260379039204,2.006131799576));
#4502 = CARTESIAN_POINT('',(0.385814011935,2.017850867698));
#4503 = CARTESIAN_POINT('',(0.507952642764,2.033652662242));
#4504 = CARTESIAN_POINT('',(0.626383850812,2.051415724358));
#4505 = CARTESIAN_POINT('',(0.740310008397,2.069160013317));
#4506 = CARTESIAN_POINT('',(0.958267225272,2.10217981854));
#4507 = CARTESIAN_POINT('',(1.064746973851,2.117806864174));
#4508 = CARTESIAN_POINT('',(1.168561443978,2.131261485254));
#4509 = CARTESIAN_POINT('',(1.270408299915,2.141791049192));
#4510 = CARTESIAN_POINT('',(1.370957710182,2.148956454304));
#4511 = CARTESIAN_POINT('',(1.47084741349,2.152542738165));
#4512 = CARTESIAN_POINT('',(1.670748901502,2.152542738165));
#4513 = CARTESIAN_POINT('',(1.770637782413,2.148956198541));
#4514 = CARTESIAN_POINT('',(1.871185212395,2.141790822188));
#4515 = CARTESIAN_POINT('',(1.973030471501,2.131261579472));
#4516 = CARTESIAN_POINT('',(2.076844654247,2.117807016692));
#4517 = CARTESIAN_POINT('',(2.183325316182,2.102179835528));
#4518 = CARTESIAN_POINT('',(2.401241768978,2.06916620593));
#4519 = CARTESIAN_POINT('',(2.515178656058,2.051420671815));
#4520 = CARTESIAN_POINT('',(2.633643643949,2.03365095271));
#4521 = CARTESIAN_POINT('',(2.755819839397,2.017843494624));
#4522 = CARTESIAN_POINT('',(2.881279119158,2.006126224152));
#4523 = CARTESIAN_POINT('',(3.009841930901,2.));
#4524 = CARTESIAN_POINT('',(3.273403204451,2.));
#4525 = CARTESIAN_POINT('',(3.401971692794,2.006131799576));
#4526 = CARTESIAN_POINT('',(3.527406665525,2.017850867698));
#4527 = CARTESIAN_POINT('',(3.649545296353,2.033652662242));
#4528 = CARTESIAN_POINT('',(3.767976504402,2.051415724358));
#4529 = CARTESIAN_POINT('',(3.881902661987,2.069160013317));
#4530 = CARTESIAN_POINT('',(4.099859988197,2.102179835104));
#4531 = CARTESIAN_POINT('',(4.206340659396,2.117807017818));
#4532 = CARTESIAN_POINT('',(4.3101548316,2.131261578235));
#4533 = CARTESIAN_POINT('',(4.412000091649,2.141790822813));
#4534 = CARTESIAN_POINT('',(4.512547530358,2.148956198426));
#4535 = CARTESIAN_POINT('',(4.61243640328,2.152542738165));
#4536 = CARTESIAN_POINT('',(4.812341557489,2.152542738165));
#4537 = CARTESIAN_POINT('',(4.912230430411,2.148956198427));
#4538 = CARTESIAN_POINT('',(5.012777869122,2.141790822813));
#4539 = CARTESIAN_POINT('',(5.114623129168,2.131261578235));
#4540 = CARTESIAN_POINT('',(5.218437301374,2.117807017818));
#4541 = CARTESIAN_POINT('',(5.324917972572,2.102179835104));
#4542 = CARTESIAN_POINT('',(5.542836283795,2.06916592396));
#4543 = CARTESIAN_POINT('',(5.656776286292,2.051419895831));
#4544 = CARTESIAN_POINT('',(5.775241847907,2.033650115646));
#4545 = CARTESIAN_POINT('',(5.89741571163,2.0178433405));
#4546 = CARTESIAN_POINT('',(6.022871438741,2.006126526425));
#4547 = CARTESIAN_POINT('',(6.151431465878,2.));
#4548 = CARTESIAN_POINT('',(6.28318530718,2.));
#4549 = ( GEOMETRIC_REPRESENTATION_CONTEXT(2) 
PARAMETRIC_REPRESENTATION_CONTEXT() REPRESENTATION_CONTEXT('2D SPACE',''
  ) );
#4550 = ADVANCED_FACE('',(#4551),#3437,.F.);
#4551 = FACE_BOUND('',#4552,.F.);
#4552 = EDGE_LOOP('',(#4553,#4554,#4575,#4576,#4577,#4578));
#4553 = ORIENTED_EDGE('',*,*,#4272,.F.);
#4554 = ORIENTED_EDGE('',*,*,#4555,.F.);
#4555 = EDGE_CURVE('',#3324,#4135,#4556,.T.);
#4556 = SEAM_CURVE('',#4557,(#4561,#4568),.PCURVE_S1.);
#4557 = LINE('',#4558,#4559);
#4558 = CARTESIAN_POINT('',(-11.,4.041334437186E-16,15.65));
#4559 = VECTOR('',#4560,1.);
#4560 = DIRECTION('',(1.,0.,0.));
#4561 = PCURVE('',#3437,#4562);
#4562 = DEFINITIONAL_REPRESENTATION('',(#4563),#4567);
#4563 = LINE('',#4564,#4565);
#4564 = CARTESIAN_POINT('',(6.28318530718,-0.));
#4565 = VECTOR('',#4566,1.);
#4566 = DIRECTION('',(0.,1.));
#4567 = ( GEOMETRIC_REPRESENTATION_CONTEXT(2) 
PARAMETRIC_REPRESENTATION_CONTEXT() REPRESENTATION_CONTEXT('2D SPACE',''
  ) );
#4568 = PCURVE('',#3437,#4569);
#4569 = DEFINITIONAL_REPRESENTATION('',(#4570),#4574);
#4570 = LINE('',#4571,#4572);
#4571 = CARTESIAN_POINT('',(0.,-0.));
#4572 = VECTOR('',#4573,1.);
#4573 = DIRECTION('',(0.,1.));
#4574 = ( GEOMETRIC_REPRESENTATION_CONTEXT(2) 
PARAMETRIC_REPRESENTATION_CONTEXT() REPRESENTATION_CONTEXT('2D SPACE',''
  ) );
#4575 = ORIENTED_EDGE('',*,*,#3553,.T.);
#4576 = ORIENTED_EDGE('',*,*,#3323,.T.);
#4577 = ORIENTED_EDGE('',*,*,#4555,.T.);
#4578 = ORIENTED_EDGE('',*,*,#4132,.F.);
#4579 = ADVANCED_FACE('',(#4580,#4583),#3536,.T.);
#4580 = FACE_BOUND('',#4581,.T.);
#4581 = EDGE_LOOP('',(#4582));
#4582 = ORIENTED_EDGE('',*,*,#4249,.T.);
#4583 = FACE_BOUND('',#4584,.T.);
#4584 = EDGE_LOOP('',(#4585));
#4585 = ORIENTED_EDGE('',*,*,#3521,.T.);
#4586 = ADVANCED_FACE('',(#4587),#3937,.F.);
#4587 = FACE_BOUND('',#4588,.F.);
#4588 = EDGE_LOOP('',(#4589,#4590,#4611,#4612));
#4589 = ORIENTED_EDGE('',*,*,#3723,.F.);
#4590 = ORIENTED_EDGE('',*,*,#4591,.F.);
#4591 = EDGE_CURVE('',#4388,#3724,#4592,.T.);
#4592 = SEAM_CURVE('',#4593,(#4597,#4604),.PCURVE_S1.);
#4593 = LINE('',#4594,#4595);
#4594 = CARTESIAN_POINT('',(-11.,4.041334437186E-16,15.65));
#4595 = VECTOR('',#4596,1.);
#4596 = DIRECTION('',(1.,0.,0.));
#4597 = PCURVE('',#3937,#4598);
#4598 = DEFINITIONAL_REPRESENTATION('',(#4599),#4603);
#4599 = LINE('',#4600,#4601);
#4600 = CARTESIAN_POINT('',(6.28318530718,-0.));
#4601 = VECTOR('',#4602,1.);
#4602 = DIRECTION('',(0.,1.));
#4603 = ( GEOMETRIC_REPRESENTATION_CONTEXT(2) 
PARAMETRIC_REPRESENTATION_CONTEXT() REPRESENTATION_CONTEXT('2D SPACE',''
  ) );
#4604 = PCURVE('',#3937,#4605);
#4605 = DEFINITIONAL_REPRESENTATION('',(#4606),#4610);
#4606 = LINE('',#4607,#4608);
#4607 = CARTESIAN_POINT('',(0.,-0.));
#4608 = VECTOR('',#4609,1.);
#4609 = DIRECTION('',(0.,1.));
#4610 = ( GEOMETRIC_REPRESENTATION_CONTEXT(2) 
PARAMETRIC_REPRESENTATION_CONTEXT() REPRESENTATION_CONTEXT('2D SPACE',''
  ) );
#4611 = ORIENTED_EDGE('',*,*,#4387,.T.);
#4612 = ORIENTED_EDGE('',*,*,#4591,.T.);
#4613 = ( GEOMETRIC_REPRESENTATION_CONTEXT(3) 
GLOBAL_UNCERTAINTY_ASSIGNED_CONTEXT((#4617)) 
GLOBAL_UNIT_ASSIGNED_CONTEXT((#4614,#4615,#4616)) REPRESENTATION_CONTEXT
('Context #1','3D Context with UNIT and UNCERTAINTY') );
#4614 = ( LENGTH_UNIT() NAMED_UNIT(*) SI_UNIT(.MILLI.,.METRE.) );
#4615 = ( NAMED_UNIT(*) PLANE_ANGLE_UNIT() SI_UNIT($,.RADIAN.) );
#4616 = ( NAMED_UNIT(*) SI_UNIT($,.STERADIAN.) SOLID_ANGLE_UNIT() );
#4617 = UNCERTAINTY_MEASURE_WITH_UNIT(LENGTH_MEASURE(1.E-07),#4614,
  'distance_accuracy_value','confusion accuracy');
#4618 = PRODUCT_RELATED_PRODUCT_CATEGORY('part',$,(#7));
ENDSEC;
END-ISO-10303-21;
