ISO-10303-21;
HEADER;
FILE_DESCRIPTION(('Open CASCADE Model'),'2;1');
FILE_NAME('Open CASCADE Shape Model','2026-07-15T12:09:29',('Author'),(
    'Open CASCADE'),'Open CASCADE STEP processor 7.9','Open CASCADE 7.9'
  ,'Unknown');
FILE_SCHEMA(('AUTOMOTIVE_DESIGN { 1 0 10303 214 1 1 1 1 }'));
ENDSEC;
DATA;
#1 = APPLICATION_PROTOCOL_DEFINITION('international standard',
  'automotive_design',2000,#2);
#2 = APPLICATION_CONTEXT(
  'core data for automotive mechanical design processes');
#3 = SHAPE_DEFINITION_REPRESENTATION(#4,#10);
#4 = PRODUCT_DEFINITION_SHAPE('','',#5);
#5 = PRODUCT_DEFINITION('design','',#6,#9);
#6 = PRODUCT_DEFINITION_FORMATION('','',#7);
#7 = PRODUCT('Open CASCADE STEP translator 7.9 9',
  'Open CASCADE STEP translator 7.9 9','',(#8));
#8 = PRODUCT_CONTEXT('',#2,'mechanical');
#9 = PRODUCT_DEFINITION_CONTEXT('part definition',#2,'design');
#10 = ADVANCED_BREP_SHAPE_REPRESENTATION('',(#11,#15),#2411);
#11 = AXIS2_PLACEMENT_3D('',#12,#13,#14);
#12 = CARTESIAN_POINT('',(0.,0.,0.));
#13 = DIRECTION('',(0.,0.,1.));
#14 = DIRECTION('',(1.,0.,-0.));
#15 = MANIFOLD_SOLID_BREP('',#16);
#16 = CLOSED_SHELL('',(#17,#877,#912,#1279,#1313,#1659,#2005,#2351));
#17 = ADVANCED_FACE('',(#18,#316,#511,#706),#32,.T.);
#18 = FACE_BOUND('',#19,.F.);
#19 = EDGE_LOOP('',(#20,#50,#147,#170,#197,#198,#288,#289));
#20 = ORIENTED_EDGE('',*,*,#21,.T.);
#21 = EDGE_CURVE('',#22,#24,#26,.T.);
#22 = VERTEX_POINT('',#23);
#23 = CARTESIAN_POINT('',(8.,0.,0.));
#24 = VERTEX_POINT('',#25);
#25 = CARTESIAN_POINT('',(8.,0.,3.35));
#26 = SEAM_CURVE('',#27,(#31,#43),.PCURVE_S1.);
#27 = LINE('',#28,#29);
#28 = CARTESIAN_POINT('',(8.,0.,0.));
#29 = VECTOR('',#30,1.);
#30 = DIRECTION('',(0.,0.,1.));
#31 = PCURVE('',#32,#37);
#32 = CYLINDRICAL_SURFACE('',#33,8.);
#33 = AXIS2_PLACEMENT_3D('',#34,#35,#36);
#34 = CARTESIAN_POINT('',(0.,0.,0.));
#35 = DIRECTION('',(-0.,-0.,-1.));
#36 = DIRECTION('',(1.,0.,0.));
#37 = DEFINITIONAL_REPRESENTATION('',(#38),#42);
#38 = LINE('',#39,#40);
#39 = CARTESIAN_POINT('',(-0.,0.));
#40 = VECTOR('',#41,1.);
#41 = DIRECTION('',(-0.,-1.));
#42 = ( GEOMETRIC_REPRESENTATION_CONTEXT(2) 
PARAMETRIC_REPRESENTATION_CONTEXT() REPRESENTATION_CONTEXT('2D SPACE',''
  ) );
#43 = PCURVE('',#32,#44);
#44 = DEFINITIONAL_REPRESENTATION('',(#45),#49);
#45 = LINE('',#46,#47);
#46 = CARTESIAN_POINT('',(-6.28318530718,0.));
#47 = VECTOR('',#48,1.);
#48 = DIRECTION('',(-0.,-1.));
#49 = ( GEOMETRIC_REPRESENTATION_CONTEXT(2) 
PARAMETRIC_REPRESENTATION_CONTEXT() REPRESENTATION_CONTEXT('2D SPACE',''
  ) );
#50 = ORIENTED_EDGE('',*,*,#51,.T.);
#51 = EDGE_CURVE('',#24,#52,#54,.T.);
#52 = VERTEX_POINT('',#53);
#53 = CARTESIAN_POINT('',(8.,2.020667218593E-16,6.65));
#54 = SURFACE_CURVE('',#55,(#82,#112),.PCURVE_S1.);
#55 = B_SPLINE_CURVE_WITH_KNOTS('',7,(#56,#57,#58,#59,#60,#61,#62,#63,
    #64,#65,#66,#67,#68,#69,#70,#71,#72,#73,#74,#75,#76,#77,#78,#79,#80,
    #81),.UNSPECIFIED.,.F.,.F.,(8,6,6,6,8),(0.,0.237626374869,
    0.500039003899,0.762451632929,1.),.UNSPECIFIED.);
#56 = CARTESIAN_POINT('',(8.,6.317138353229E-16,3.35));
#57 = CARTESIAN_POINT('',(8.,0.20844840268,3.35));
#58 = CARTESIAN_POINT('',(7.993663208822,0.412208443946,3.380722510494)
  );
#59 = CARTESIAN_POINT('',(7.981504359526,0.605884943827,3.439681528972)
  );
#60 = CARTESIAN_POINT('',(7.964965647289,0.78482083384,3.523300881236));
#61 = CARTESIAN_POINT('',(7.946124445157,0.94529311002,3.626940968811));
#62 = CARTESIAN_POINT('',(7.926998833085,1.084859752527,3.744905547311)
  );
#63 = CARTESIAN_POINT('',(7.889256171224,1.333038606631,4.009189183987)
  );
#64 = CARTESIAN_POINT('',(7.870411451886,1.440119213304,4.16060682508));
#65 = CARTESIAN_POINT('',(7.85404310012,1.524683980355,4.32078772267));
#66 = CARTESIAN_POINT('',(7.841171088857,1.587488355467,4.486872000051)
  );
#67 = CARTESIAN_POINT('',(7.832390698657,1.629143874052,4.656641747732)
  );
#68 = CARTESIAN_POINT('',(7.827994634643,1.65,4.828253008661));
#69 = CARTESIAN_POINT('',(7.827994634643,1.65,5.171746991339));
#70 = CARTESIAN_POINT('',(7.832390698657,1.629143874052,5.343358252269)
  );
#71 = CARTESIAN_POINT('',(7.841171088857,1.587488355468,5.513127999949)
  );
#72 = CARTESIAN_POINT('',(7.85404310012,1.524683980354,5.679212277331));
#73 = CARTESIAN_POINT('',(7.870411451886,1.440119213304,5.83939317492));
#74 = CARTESIAN_POINT('',(7.889256171224,1.333038606631,5.990810816013)
  );
#75 = CARTESIAN_POINT('',(7.9269929451,1.084898469279,6.255053223536));
#76 = CARTESIAN_POINT('',(7.946120539124,0.945327834217,6.373042207607)
  );
#77 = CARTESIAN_POINT('',(7.964968341647,0.784815265086,6.476717872037)
  );
#78 = CARTESIAN_POINT('',(7.981511624423,0.605825572856,6.5603535966));
#79 = CARTESIAN_POINT('',(7.993668229354,0.412112799105,6.619301852439)
  );
#80 = CARTESIAN_POINT('',(8.,0.208365755871,6.65));
#81 = CARTESIAN_POINT('',(8.,2.020667218593E-16,6.65));
#82 = PCURVE('',#32,#83);
#83 = DEFINITIONAL_REPRESENTATION('',(#84),#111);
#84 = B_SPLINE_CURVE_WITH_KNOTS('',7,(#85,#86,#87,#88,#89,#90,#91,#92,
    #93,#94,#95,#96,#97,#98,#99,#100,#101,#102,#103,#104,#105,#106,#107,
    #108,#109,#110),.UNSPECIFIED.,.F.,.F.,(8,6,6,6,8),(0.,0.237626374869
    ,0.500039003899,0.762451632929,1.),.UNSPECIFIED.);
#85 = CARTESIAN_POINT('',(0.,-3.35));
#86 = CARTESIAN_POINT('',(-2.605605033496E-02,-3.35));
#87 = CARTESIAN_POINT('',(-5.152608391646E-02,-3.380722510494));
#88 = CARTESIAN_POINT('',(-7.576438443687E-02,-3.439681528972));
#89 = CARTESIAN_POINT('',(-9.821264893771E-02,-3.523300881236));
#90 = CARTESIAN_POINT('',(-0.118403311111,-3.626940968811));
#91 = CARTESIAN_POINT('',(-0.136010249439,-3.744905547311));
#92 = CARTESIAN_POINT('',(-0.167389296028,-4.009189183987));
#93 = CARTESIAN_POINT('',(-0.180976383759,-4.16060682508));
#94 = CARTESIAN_POINT('',(-0.191741742295,-4.32078772267));
#95 = CARTESIAN_POINT('',(-0.199755345092,-4.486872000051));
#96 = CARTESIAN_POINT('',(-0.205076702931,-4.656641747732));
#97 = CARTESIAN_POINT('',(-0.207741002049,-4.828253008661));
#98 = CARTESIAN_POINT('',(-0.207741002049,-5.171746991339));
#99 = CARTESIAN_POINT('',(-0.205076702931,-5.343358252269));
#100 = CARTESIAN_POINT('',(-0.199755345092,-5.513127999949));
#101 = CARTESIAN_POINT('',(-0.191741742295,-5.679212277331));
#102 = CARTESIAN_POINT('',(-0.180976383759,-5.83939317492));
#103 = CARTESIAN_POINT('',(-0.167389296028,-5.990810816013));
#104 = CARTESIAN_POINT('',(-0.136015144678,-6.255053223536));
#105 = CARTESIAN_POINT('',(-0.118407676267,-6.373042207607));
#106 = CARTESIAN_POINT('',(-9.821191300458E-02,-6.476717872037));
#107 = CARTESIAN_POINT('',(-7.575692621841E-02,-6.5603535966));
#108 = CARTESIAN_POINT('',(-5.15141288535E-02,-6.619301852439));
#109 = CARTESIAN_POINT('',(-2.604571948391E-02,-6.65));
#110 = CARTESIAN_POINT('',(0.,-6.65));
#111 = ( GEOMETRIC_REPRESENTATION_CONTEXT(2) 
PARAMETRIC_REPRESENTATION_CONTEXT() REPRESENTATION_CONTEXT('2D SPACE',''
  ) );
#112 = PCURVE('',#113,#118);
#113 = CYLINDRICAL_SURFACE('',#114,1.65);
#114 = AXIS2_PLACEMENT_3D('',#115,#116,#117);
#115 = CARTESIAN_POINT('',(-9.,0.,5.));
#116 = DIRECTION('',(1.,0.,0.));
#117 = DIRECTION('',(-0.,0.,1.));
#118 = DEFINITIONAL_REPRESENTATION('',(#119),#146);
#119 = B_SPLINE_CURVE_WITH_KNOTS('',7,(#120,#121,#122,#123,#124,#125,
    #126,#127,#128,#129,#130,#131,#132,#133,#134,#135,#136,#137,#138,
    #139,#140,#141,#142,#143,#144,#145),.UNSPECIFIED.,.F.,.F.,(8,6,6,6,8
    ),(0.,0.237626374869,0.500039003899,0.762451632929,1.),
  .UNSPECIFIED.);
#120 = CARTESIAN_POINT('',(3.14159265359,17.));
#121 = CARTESIAN_POINT('',(3.26792501885,17.));
#122 = CARTESIAN_POINT('',(3.391415847256,16.993663208822));
#123 = CARTESIAN_POINT('',(3.512089197219,16.981504359526));
#124 = CARTESIAN_POINT('',(3.629747541095,16.964965647289));
#125 = CARTESIAN_POINT('',(3.743970721409,16.946124445157));
#126 = CARTESIAN_POINT('',(3.853990454717,16.926998833085));
#127 = CARTESIAN_POINT('',(4.073714452418,16.889256171224));
#128 = CARTESIAN_POINT('',(4.185036053339,16.870411451886));
#129 = CARTESIAN_POINT('',(4.293391035191,16.85404310012));
#130 = CARTESIAN_POINT('',(4.399559732149,16.841171088857));
#131 = CARTESIAN_POINT('',(4.504293234427,16.832390698657));
#132 = CARTESIAN_POINT('',(4.608299894725,16.827994634643));
#133 = CARTESIAN_POINT('',(4.816478066045,16.827994634643));
#134 = CARTESIAN_POINT('',(4.920484726342,16.832390698657));
#135 = CARTESIAN_POINT('',(5.02521822862,16.841171088857));
#136 = CARTESIAN_POINT('',(5.131386925579,16.85404310012));
#137 = CARTESIAN_POINT('',(5.23974190743,16.870411451886));
#138 = CARTESIAN_POINT('',(5.351063508351,16.889256171224));
#139 = CARTESIAN_POINT('',(5.570753228356,16.9269929451));
#140 = CARTESIAN_POINT('',(5.68078540952,16.946120539124));
#141 = CARTESIAN_POINT('',(5.795039140585,16.964968341647));
#142 = CARTESIAN_POINT('',(5.912728617379,16.981511624423));
#143 = CARTESIAN_POINT('',(6.033420089435,16.993668229354));
#144 = CARTESIAN_POINT('',(6.156903030894,17.));
#145 = CARTESIAN_POINT('',(6.28318530718,17.));
#146 = ( GEOMETRIC_REPRESENTATION_CONTEXT(2) 
PARAMETRIC_REPRESENTATION_CONTEXT() REPRESENTATION_CONTEXT('2D SPACE',''
  ) );
#147 = ORIENTED_EDGE('',*,*,#148,.T.);
#148 = EDGE_CURVE('',#52,#149,#151,.T.);
#149 = VERTEX_POINT('',#150);
#150 = CARTESIAN_POINT('',(8.,0.,18.));
#151 = SEAM_CURVE('',#152,(#156,#163),.PCURVE_S1.);
#152 = LINE('',#153,#154);
#153 = CARTESIAN_POINT('',(8.,0.,0.));
#154 = VECTOR('',#155,1.);
#155 = DIRECTION('',(0.,0.,1.));
#156 = PCURVE('',#32,#157);
#157 = DEFINITIONAL_REPRESENTATION('',(#158),#162);
#158 = LINE('',#159,#160);
#159 = CARTESIAN_POINT('',(-6.28318530718,0.));
#160 = VECTOR('',#161,1.);
#161 = DIRECTION('',(-0.,-1.));
#162 = ( GEOMETRIC_REPRESENTATION_CONTEXT(2) 
PARAMETRIC_REPRESENTATION_CONTEXT() REPRESENTATION_CONTEXT('2D SPACE',''
  ) );
#163 = PCURVE('',#32,#164);
#164 = DEFINITIONAL_REPRESENTATION('',(#165),#169);
#165 = LINE('',#166,#167);
#166 = CARTESIAN_POINT('',(-0.,0.));
#167 = VECTOR('',#168,1.);
#168 = DIRECTION('',(-0.,-1.));
#169 = ( GEOMETRIC_REPRESENTATION_CONTEXT(2) 
PARAMETRIC_REPRESENTATION_CONTEXT() REPRESENTATION_CONTEXT('2D SPACE',''
  ) );
#170 = ORIENTED_EDGE('',*,*,#171,.T.);
#171 = EDGE_CURVE('',#149,#149,#172,.T.);
#172 = SURFACE_CURVE('',#173,(#178,#185),.PCURVE_S1.);
#173 = CIRCLE('',#174,8.);
#174 = AXIS2_PLACEMENT_3D('',#175,#176,#177);
#175 = CARTESIAN_POINT('',(0.,0.,18.));
#176 = DIRECTION('',(0.,0.,1.));
#177 = DIRECTION('',(1.,0.,0.));
#178 = PCURVE('',#32,#179);
#179 = DEFINITIONAL_REPRESENTATION('',(#180),#184);
#180 = LINE('',#181,#182);
#181 = CARTESIAN_POINT('',(-0.,-18.));
#182 = VECTOR('',#183,1.);
#183 = DIRECTION('',(-1.,0.));
#184 = ( GEOMETRIC_REPRESENTATION_CONTEXT(2) 
PARAMETRIC_REPRESENTATION_CONTEXT() REPRESENTATION_CONTEXT('2D SPACE',''
  ) );
#185 = PCURVE('',#186,#191);
#186 = PLANE('',#187);
#187 = AXIS2_PLACEMENT_3D('',#188,#189,#190);
#188 = CARTESIAN_POINT('',(-5.127900497023E-16,6.990076196319E-16,18.));
#189 = DIRECTION('',(0.,0.,1.));
#190 = DIRECTION('',(1.,0.,-0.));
#191 = DEFINITIONAL_REPRESENTATION('',(#192),#196);
#192 = CIRCLE('',#193,8.);
#193 = AXIS2_PLACEMENT_2D('',#194,#195);
#194 = CARTESIAN_POINT('',(5.127900497023E-16,-6.990076196319E-16));
#195 = DIRECTION('',(1.,0.));
#196 = ( GEOMETRIC_REPRESENTATION_CONTEXT(2) 
PARAMETRIC_REPRESENTATION_CONTEXT() REPRESENTATION_CONTEXT('2D SPACE',''
  ) );
#197 = ORIENTED_EDGE('',*,*,#148,.F.);
#198 = ORIENTED_EDGE('',*,*,#199,.T.);
#199 = EDGE_CURVE('',#52,#24,#200,.T.);
#200 = SURFACE_CURVE('',#201,(#228,#258),.PCURVE_S1.);
#201 = B_SPLINE_CURVE_WITH_KNOTS('',7,(#202,#203,#204,#205,#206,#207,
    #208,#209,#210,#211,#212,#213,#214,#215,#216,#217,#218,#219,#220,
    #221,#222,#223,#224,#225,#226,#227),.UNSPECIFIED.,.F.,.F.,(8,6,6,6,8
    ),(0.,0.237623873329,0.50003297242,0.762453615175,1.),
  .UNSPECIFIED.);
#202 = CARTESIAN_POINT('',(8.,-8.881784197001E-16,6.65));
#203 = CARTESIAN_POINT('',(8.,-0.20844840268,6.65));
#204 = CARTESIAN_POINT('',(7.993663208822,-0.412208443945,6.619277489506
    ));
#205 = CARTESIAN_POINT('',(7.981504359526,-0.605884943828,6.560318471028
    ));
#206 = CARTESIAN_POINT('',(7.964965647289,-0.784820833839,6.476699118764
    ));
#207 = CARTESIAN_POINT('',(7.946124445157,-0.94529311002,6.373059031189)
  );
#208 = CARTESIAN_POINT('',(7.926998833085,-1.084859752527,6.255094452689
    ));
#209 = CARTESIAN_POINT('',(7.889256229153,-1.333038225717,5.990811221645
    ));
#210 = CARTESIAN_POINT('',(7.870411681518,-1.440117794746,5.839394938887
    ));
#211 = CARTESIAN_POINT('',(7.854043212893,-1.524683817745,5.679213790537
    ));
#212 = CARTESIAN_POINT('',(7.841170729015,-1.587490010958,5.513126280404
    ));
#213 = CARTESIAN_POINT('',(7.83239032302,-1.629145675325,5.343352100926)
  );
#214 = CARTESIAN_POINT('',(7.827994634643,-1.65,5.171739436333));
#215 = CARTESIAN_POINT('',(7.827994634643,-1.65,4.828253008661));
#216 = CARTESIAN_POINT('',(7.832390698657,-1.629143874052,4.656641747731
    ));
#217 = CARTESIAN_POINT('',(7.841171088857,-1.587488355467,4.486872000051
    ));
#218 = CARTESIAN_POINT('',(7.85404310012,-1.524683980355,4.320787722669)
  );
#219 = CARTESIAN_POINT('',(7.870411451886,-1.440119213304,4.16060682508)
  );
#220 = CARTESIAN_POINT('',(7.889256171224,-1.333038606631,4.009189183987
    ));
#221 = CARTESIAN_POINT('',(7.926992247945,-1.084903053464,3.744951658125
    ));
#222 = CARTESIAN_POINT('',(7.946119410627,-0.945336287191,3.626964414831
    ));
#223 = CARTESIAN_POINT('',(7.9649675916,-0.784823561168,3.523285333113)
  );
#224 = CARTESIAN_POINT('',(7.98151190651,-0.605827728672,3.439644822728)
  );
#225 = CARTESIAN_POINT('',(7.993668877114,-0.412106272468,3.380695103804
    ));
#226 = CARTESIAN_POINT('',(8.,-0.208355332943,3.35));
#227 = CARTESIAN_POINT('',(8.,-4.440892098501E-16,3.35));
#228 = PCURVE('',#32,#229);
#229 = DEFINITIONAL_REPRESENTATION('',(#230),#257);
#230 = B_SPLINE_CURVE_WITH_KNOTS('',7,(#231,#232,#233,#234,#235,#236,
    #237,#238,#239,#240,#241,#242,#243,#244,#245,#246,#247,#248,#249,
    #250,#251,#252,#253,#254,#255,#256),.UNSPECIFIED.,.F.,.F.,(8,6,6,6,8
    ),(0.,0.237623873329,0.50003297242,0.762453615175,1.),
  .UNSPECIFIED.);
#231 = CARTESIAN_POINT('',(-6.28318530718,-6.65));
#232 = CARTESIAN_POINT('',(-6.257129256845,-6.65));
#233 = CARTESIAN_POINT('',(-6.231659223263,-6.619277489506));
#234 = CARTESIAN_POINT('',(-6.207420922743,-6.560318471027));
#235 = CARTESIAN_POINT('',(-6.184972658242,-6.476699118764));
#236 = CARTESIAN_POINT('',(-6.164781996069,-6.373059031189));
#237 = CARTESIAN_POINT('',(-6.147175057741,-6.255094452689));
#238 = CARTESIAN_POINT('',(-6.115796059313,-5.990811221645));
#239 = CARTESIAN_POINT('',(-6.102209102987,-5.839394938887));
#240 = CARTESIAN_POINT('',(-6.091443587417,-5.679213790537));
#241 = CARTESIAN_POINT('',(-6.0834297505,-5.513126280404));
#242 = CARTESIAN_POINT('',(-6.078108374185,-5.343352100926));
#243 = CARTESIAN_POINT('',(-6.075444305131,-5.171739436333));
#244 = CARTESIAN_POINT('',(-6.075444305131,-4.828253008661));
#245 = CARTESIAN_POINT('',(-6.078108604248,-4.656641747731));
#246 = CARTESIAN_POINT('',(-6.083429962087,-4.486872000051));
#247 = CARTESIAN_POINT('',(-6.091443564884,-4.32078772267));
#248 = CARTESIAN_POINT('',(-6.10220892342,-4.16060682508));
#249 = CARTESIAN_POINT('',(-6.115796011152,-4.009189183987));
#250 = CARTESIAN_POINT('',(-6.14716958289,-3.744951658125));
#251 = CARTESIAN_POINT('',(-6.164776564215,-3.626964414831));
#252 = CARTESIAN_POINT('',(-6.184972357018,-3.523285333113));
#253 = CARTESIAN_POINT('',(-6.207428113038,-3.439644822728));
#254 = CARTESIAN_POINT('',(-6.231671995833,-3.380695103804));
#255 = CARTESIAN_POINT('',(-6.257140890562,-3.35));
#256 = CARTESIAN_POINT('',(-6.28318530718,-3.35));
#257 = ( GEOMETRIC_REPRESENTATION_CONTEXT(2) 
PARAMETRIC_REPRESENTATION_CONTEXT() REPRESENTATION_CONTEXT('2D SPACE',''
  ) );
#258 = PCURVE('',#113,#259);
#259 = DEFINITIONAL_REPRESENTATION('',(#260),#287);
#260 = B_SPLINE_CURVE_WITH_KNOTS('',7,(#261,#262,#263,#264,#265,#266,
    #267,#268,#269,#270,#271,#272,#273,#274,#275,#276,#277,#278,#279,
    #280,#281,#282,#283,#284,#285,#286),.UNSPECIFIED.,.F.,.F.,(8,6,6,6,8
    ),(0.,0.237623873329,0.50003297242,0.762453615175,1.),
  .UNSPECIFIED.);
#261 = CARTESIAN_POINT('',(0.,17.));
#262 = CARTESIAN_POINT('',(0.12633236526,17.));
#263 = CARTESIAN_POINT('',(0.249823193666,16.993663208822));
#264 = CARTESIAN_POINT('',(0.37049654363,16.981504359526));
#265 = CARTESIAN_POINT('',(0.488154887505,16.964965647289));
#266 = CARTESIAN_POINT('',(0.602378067819,16.946124445157));
#267 = CARTESIAN_POINT('',(0.712397801127,16.926998833085));
#268 = CARTESIAN_POINT('',(0.932121461588,16.889256229153));
#269 = CARTESIAN_POINT('',(1.04344203957,16.870411681518));
#270 = CARTESIAN_POINT('',(1.151797591654,16.854043212893));
#271 = CARTESIAN_POINT('',(1.257968383586,16.841170729015));
#272 = CARTESIAN_POINT('',(1.362704293244,16.83239032302));
#273 = CARTESIAN_POINT('',(1.466711819926,16.827994634643));
#274 = CARTESIAN_POINT('',(1.674885412455,16.827994634643));
#275 = CARTESIAN_POINT('',(1.778892072753,16.832390698657));
#276 = CARTESIAN_POINT('',(1.88362557503,16.841171088857));
#277 = CARTESIAN_POINT('',(1.989794271989,16.85404310012));
#278 = CARTESIAN_POINT('',(2.09814925384,16.870411451886));
#279 = CARTESIAN_POINT('',(2.209470854762,16.889256171224));
#280 = CARTESIAN_POINT('',(2.429156516179,16.926992247945));
#281 = CARTESIAN_POINT('',(2.53918633004,16.946119410627));
#282 = CARTESIAN_POINT('',(2.653441386546,16.9649675916));
#283 = CARTESIAN_POINT('',(2.77113514779,16.98151190651));
#284 = CARTESIAN_POINT('',(2.891831386563,16.993668877114));
#285 = CARTESIAN_POINT('',(3.01531669423,17.));
#286 = CARTESIAN_POINT('',(3.14159265359,17.));
#287 = ( GEOMETRIC_REPRESENTATION_CONTEXT(2) 
PARAMETRIC_REPRESENTATION_CONTEXT() REPRESENTATION_CONTEXT('2D SPACE',''
  ) );
#288 = ORIENTED_EDGE('',*,*,#21,.F.);
#289 = ORIENTED_EDGE('',*,*,#290,.F.);
#290 = EDGE_CURVE('',#22,#22,#291,.T.);
#291 = SURFACE_CURVE('',#292,(#297,#304),.PCURVE_S1.);
#292 = CIRCLE('',#293,8.);
#293 = AXIS2_PLACEMENT_3D('',#294,#295,#296);
#294 = CARTESIAN_POINT('',(0.,0.,0.));
#295 = DIRECTION('',(0.,0.,1.));
#296 = DIRECTION('',(1.,0.,0.));
#297 = PCURVE('',#32,#298);
#298 = DEFINITIONAL_REPRESENTATION('',(#299),#303);
#299 = LINE('',#300,#301);
#300 = CARTESIAN_POINT('',(-0.,0.));
#301 = VECTOR('',#302,1.);
#302 = DIRECTION('',(-1.,0.));
#303 = ( GEOMETRIC_REPRESENTATION_CONTEXT(2) 
PARAMETRIC_REPRESENTATION_CONTEXT() REPRESENTATION_CONTEXT('2D SPACE',''
  ) );
#304 = PCURVE('',#305,#310);
#305 = PLANE('',#306);
#306 = AXIS2_PLACEMENT_3D('',#307,#308,#309);
#307 = CARTESIAN_POINT('',(-5.127900497023E-16,6.990076196319E-16,0.));
#308 = DIRECTION('',(0.,0.,1.));
#309 = DIRECTION('',(1.,0.,-0.));
#310 = DEFINITIONAL_REPRESENTATION('',(#311),#315);
#311 = CIRCLE('',#312,8.);
#312 = AXIS2_PLACEMENT_2D('',#313,#314);
#313 = CARTESIAN_POINT('',(5.127900497023E-16,-6.990076196319E-16));
#314 = DIRECTION('',(1.,0.));
#315 = ( GEOMETRIC_REPRESENTATION_CONTEXT(2) 
PARAMETRIC_REPRESENTATION_CONTEXT() REPRESENTATION_CONTEXT('2D SPACE',''
  ) );
#316 = FACE_BOUND('',#317,.F.);
#317 = EDGE_LOOP('',(#318));
#318 = ORIENTED_EDGE('',*,*,#319,.T.);
#319 = EDGE_CURVE('',#320,#320,#322,.T.);
#320 = VERTEX_POINT('',#321);
#321 = CARTESIAN_POINT('',(-4.041334437186E-16,8.,14.65));
#322 = SURFACE_CURVE('',#323,(#382,#444),.PCURVE_S1.);
#323 = B_SPLINE_CURVE_WITH_KNOTS('',8,(#324,#325,#326,#327,#328,#329,
    #330,#331,#332,#333,#334,#335,#336,#337,#338,#339,#340,#341,#342,
    #343,#344,#345,#346,#347,#348,#349,#350,#351,#352,#353,#354,#355,
    #356,#357,#358,#359,#360,#361,#362,#363,#364,#365,#366,#367,#368,
    #369,#370,#371,#372,#373,#374,#375,#376,#377,#378,#379,#380,#381),
  .UNSPECIFIED.,.T.,.F.,(9,7,7,7,7,7,7,7,9),(0.,0.131951053801,
    0.277665188779,0.444365036974,0.590893834746,0.6858403411,
    0.79027196646,0.900351122818,1.),.UNSPECIFIED.);
#324 = CARTESIAN_POINT('',(0.,8.,14.65));
#325 = CARTESIAN_POINT('',(0.182392352345,8.,14.65));
#326 = CARTESIAN_POINT('',(0.361268433629,7.995247406617,14.62695811713)
  );
#327 = CARTESIAN_POINT('',(0.533256256372,7.986063928012,14.582428102957
    ));
#328 = CARTESIAN_POINT('',(0.695352888834,7.973235003408,14.518508794896
    ));
#329 = CARTESIAN_POINT('',(0.844997937407,7.957900196489,14.437834085923
    ));
#330 = CARTESIAN_POINT('',(0.980184770647,7.941343042139,14.343567886564
    ));
#331 = CARTESIAN_POINT('',(1.099602062867,7.924756844998,14.239395486701
    ));
#332 = CARTESIAN_POINT('',(1.316758226908,7.891732066558,14.008147659537
    ));
#333 = CARTESIAN_POINT('',(1.413347902489,7.875122818427,13.877249009577
    ));
#334 = CARTESIAN_POINT('',(1.49297155912,7.860181388628,13.739281721168)
  );
#335 = CARTESIAN_POINT('',(1.556086914351,7.847606970954,13.59617003547)
  );
#336 = CARTESIAN_POINT('',(1.603110885096,7.837878076767,13.449460963099
    ));
#337 = CARTESIAN_POINT('',(1.634359256494,7.831291400926,13.300448934778
    ));
#338 = CARTESIAN_POINT('',(1.65,7.827994634643,13.150272006791));
#339 = CARTESIAN_POINT('',(1.65,7.827994634643,12.828085856434));
#340 = CARTESIAN_POINT('',(1.629529790886,7.832309184011,12.654903756416
    ));
#341 = CARTESIAN_POINT('',(1.588058602064,7.84105138212,12.482743417662)
  );
#342 = CARTESIAN_POINT('',(1.5251622244,7.853994333815,12.313966075754)
  );
#343 = CARTESIAN_POINT('',(1.44044681153,7.870558899604,12.151072278025)
  );
#344 = CARTESIAN_POINT('',(1.333512146816,7.889795983203,11.996843136689
    ));
#345 = CARTESIAN_POINT('',(1.203997048181,7.910371551084,11.854603206139
    ));
#346 = CARTESIAN_POINT('',(0.917924398085,7.948310447283,11.617943328204
    ));
#347 = CARTESIAN_POINT('',(0.761710760421,7.966401170069,11.515828587529
    ));
#348 = CARTESIAN_POINT('',(0.585491478985,7.98300484749,11.430718812764)
  );
#349 = CARTESIAN_POINT('',(0.39355837424,7.995966444385,11.368812820838)
  );
#350 = CARTESIAN_POINT('',(0.191612581142,8.003395902433,11.334156293672
    ));
#351 = CARTESIAN_POINT('',(-1.39581847112E-02,8.004444981027,
    11.328671914245));
#352 = CARTESIAN_POINT('',(-0.216612375741,7.999419217366,
    11.352097417367));
#353 = CARTESIAN_POINT('',(-0.535867228891,7.983022321608,
    11.434068131492));
#354 = CARTESIAN_POINT('',(-0.658493263531,7.974464312452,
    11.477564707966));
#355 = CARTESIAN_POINT('',(-0.777036375007,7.964031538031,11.53201942426
    ));
#356 = CARTESIAN_POINT('',(-0.890367481872,7.952068592243,
    11.596983816493));
#357 = CARTESIAN_POINT('',(-0.997414795447,7.939010632488,
    11.671871110537));
#358 = CARTESIAN_POINT('',(-1.097177951602,7.92535593533,11.755961109827
    ));
#359 = CARTESIAN_POINT('',(-1.188749942824,7.911628946235,
    11.848407906652));
#360 = CARTESIAN_POINT('',(-1.362195157252,7.883710522926,
    12.058067155068));
#361 = CARTESIAN_POINT('',(-1.442235096037,7.869602181122,
    12.176891530231));
#362 = CARTESIAN_POINT('',(-1.510384469775,7.856682322489,
    12.303443035809));
#363 = CARTESIAN_POINT('',(-1.565780289099,7.845598645453,
    12.436306985628));
#364 = CARTESIAN_POINT('',(-1.607772412879,7.836895969678,
    12.573976182108));
#365 = CARTESIAN_POINT('',(-1.635921318217,7.830961818242,
    12.714884347424));
#366 = CARTESIAN_POINT('',(-1.65,7.827994634643,12.857431317667));
#367 = CARTESIAN_POINT('',(-1.65,7.827994634643,13.150278617422));
#368 = CARTESIAN_POINT('',(-1.634357905539,7.831291682654,
    13.300455437036));
#369 = CARTESIAN_POINT('',(-1.603109174937,7.837878442532,
    13.449464344568));
#370 = CARTESIAN_POINT('',(-1.556086167911,7.847607094489,13.59617013864
    ));
#371 = CARTESIAN_POINT('',(-1.492972192711,7.860181232033,
    13.739280113927));
#372 = CARTESIAN_POINT('',(-1.413349061636,7.875122631721,
    13.877247585193));
#373 = CARTESIAN_POINT('',(-1.316758560207,7.89173201587,14.008147304609
    ));
#374 = CARTESIAN_POINT('',(-1.099635940025,7.924751693012,
    14.239359411192));
#375 = CARTESIAN_POINT('',(-0.980220492983,7.941338640618,
    14.343544961589));
#376 = CARTESIAN_POINT('',(-0.84500747851,7.957900415701,14.437839497876
    ));
#377 = CARTESIAN_POINT('',(-0.695320418971,7.973239983035,
    14.518535734318));
#378 = CARTESIAN_POINT('',(-0.533183282699,7.986070351272,
    14.582459192539));
#379 = CARTESIAN_POINT('',(-0.361176038296,7.995251172015,
    14.626976389329));
#380 = CARTESIAN_POINT('',(-0.182320036387,8.,14.65));
#381 = CARTESIAN_POINT('',(0.,8.,14.65));
#382 = PCURVE('',#32,#383);
#383 = DEFINITIONAL_REPRESENTATION('',(#384),#443);
#384 = B_SPLINE_CURVE_WITH_KNOTS('',8,(#385,#386,#387,#388,#389,#390,
    #391,#392,#393,#394,#395,#396,#397,#398,#399,#400,#401,#402,#403,
    #404,#405,#406,#407,#408,#409,#410,#411,#412,#413,#414,#415,#416,
    #417,#418,#419,#420,#421,#422,#423,#424,#425,#426,#427,#428,#429,
    #430,#431,#432,#433,#434,#435,#436,#437,#438,#439,#440,#441,#442),
  .UNSPECIFIED.,.T.,.F.,(9,7,7,7,7,7,7,7,9),(0.,0.131951053801,
    0.277665188779,0.444365036974,0.590893834746,0.6858403411,
    0.79027196646,0.900351122818,1.),.UNSPECIFIED.);
#385 = CARTESIAN_POINT('',(-1.570796326795,-14.65));
#386 = CARTESIAN_POINT('',(-1.547997282752,-14.65));
#387 = CARTESIAN_POINT('',(-1.525637751274,-14.62695811713));
#388 = CARTESIAN_POINT('',(-1.504121305053,-14.58242810295));
#389 = CARTESIAN_POINT('',(-1.483807810108,-14.51850879489));
#390 = CARTESIAN_POINT('',(-1.465012179542,-14.43783408592));
#391 = CARTESIAN_POINT('',(-1.447991281102,-14.34356788656));
#392 = CARTESIAN_POINT('',(-1.432922100489,-14.2393954867));
#393 = CARTESIAN_POINT('',(-1.405465476865,-14.00814765953));
#394 = CARTESIAN_POINT('',(-1.393216861684,-13.87724900957));
#395 = CARTESIAN_POINT('',(-1.383091675371,-13.73928172116));
#396 = CARTESIAN_POINT('',(-1.375047688574,-13.59617003547));
#397 = CARTESIAN_POINT('',(-1.369045253997,-13.44946096309));
#398 = CARTESIAN_POINT('',(-1.365053376537,-13.30044893477));
#399 = CARTESIAN_POINT('',(-1.363055324746,-13.15027200679));
#400 = CARTESIAN_POINT('',(-1.363055324746,-12.82808585643));
#401 = CARTESIAN_POINT('',(-1.365670323764,-12.65490375641));
#402 = CARTESIAN_POINT('',(-1.370968134617,-12.48274341766));
#403 = CARTESIAN_POINT('',(-1.378994853563,-12.31396607575));
#404 = CARTESIAN_POINT('',(-1.389783634015,-12.15107227802));
#405 = CARTESIAN_POINT('',(-1.403361376812,-11.99684313668));
#406 = CARTESIAN_POINT('',(-1.419748372962,-11.85460320613));
#407 = CARTESIAN_POINT('',(-1.455820549085,-11.6179433282));
#408 = CARTESIAN_POINT('',(-1.475475052453,-11.51582858752));
#409 = CARTESIAN_POINT('',(-1.497591515829,-11.43071881276));
#410 = CARTESIAN_POINT('',(-1.521619841309,-11.36881282083));
#411 = CARTESIAN_POINT('',(-1.54685522369,-11.33415629367));
#412 = CARTESIAN_POINT('',(-1.572532836854,-11.32867191424));
#413 = CARTESIAN_POINT('',(-1.597863473658,-11.35209741736));
#414 = CARTESIAN_POINT('',(-1.637822929565,-11.43406813149));
#415 = CARTESIAN_POINT('',(-1.653185880828,-11.47756470796));
#416 = CARTESIAN_POINT('',(-1.668057053471,-11.53201942426));
#417 = CARTESIAN_POINT('',(-1.682298136455,-11.59698381649));
#418 = CARTESIAN_POINT('',(-1.69577518228,-11.67187111053));
#419 = CARTESIAN_POINT('',(-1.708360086519,-11.75596110982));
#420 = CARTESIAN_POINT('',(-1.719933806121,-11.84840790665));
#421 = CARTESIAN_POINT('',(-1.741893528045,-12.05806715506));
#422 = CARTESIAN_POINT('',(-1.752051601476,-12.17689153023));
#423 = CARTESIAN_POINT('',(-1.760721069655,-12.3034430358));
#424 = CARTESIAN_POINT('',(-1.767782348703,-12.43630698562));
#425 = CARTESIAN_POINT('',(-1.773142843424,-12.5739761821));
#426 = CARTESIAN_POINT('',(-1.776738860418,-12.71488434742));
#427 = CARTESIAN_POINT('',(-1.778537328844,-12.85743131766));
#428 = CARTESIAN_POINT('',(-1.778537328844,-13.15027861742));
#429 = CARTESIAN_POINT('',(-1.776539104506,-13.30045543703));
#430 = CARTESIAN_POINT('',(-1.772547181077,-13.44946434456));
#431 = CARTESIAN_POINT('',(-1.766544870489,-13.59617013864));
#432 = CARTESIAN_POINT('',(-1.758501059639,-13.73928011392));
#433 = CARTESIAN_POINT('',(-1.748375938621,-13.87724758519));
#434 = CARTESIAN_POINT('',(-1.736127218866,-14.0081473046));
#435 = CARTESIAN_POINT('',(-1.708674836435,-14.23935941119));
#436 = CARTESIAN_POINT('',(-1.693605870165,-14.34354496158));
#437 = CARTESIAN_POINT('',(-1.676581651023,-14.43783949787));
#438 = CARTESIAN_POINT('',(-1.657780746406,-14.51853573431));
#439 = CARTESIAN_POINT('',(-1.637462204001,-14.58245919253));
#440 = CARTESIAN_POINT('',(-1.615943353306,-14.62697638932));
#441 = CARTESIAN_POINT('',(-1.593586331343,-14.65));
#442 = CARTESIAN_POINT('',(-1.570796326795,-14.65));
#443 = ( GEOMETRIC_REPRESENTATION_CONTEXT(2) 
PARAMETRIC_REPRESENTATION_CONTEXT() REPRESENTATION_CONTEXT('2D SPACE',''
  ) );
#444 = PCURVE('',#445,#450);
#445 = CYLINDRICAL_SURFACE('',#446,1.65);
#446 = AXIS2_PLACEMENT_3D('',#447,#448,#449);
#447 = CARTESIAN_POINT('',(0.,-9.,13.));
#448 = DIRECTION('',(0.,1.,0.));
#449 = DIRECTION('',(0.,-0.,1.));
#450 = DEFINITIONAL_REPRESENTATION('',(#451),#510);
#451 = B_SPLINE_CURVE_WITH_KNOTS('',8,(#452,#453,#454,#455,#456,#457,
    #458,#459,#460,#461,#462,#463,#464,#465,#466,#467,#468,#469,#470,
    #471,#472,#473,#474,#475,#476,#477,#478,#479,#480,#481,#482,#483,
    #484,#485,#486,#487,#488,#489,#490,#491,#492,#493,#494,#495,#496,
    #497,#498,#499,#500,#501,#502,#503,#504,#505,#506,#507,#508,#509),
  .UNSPECIFIED.,.F.,.F.,(9,7,7,7,7,7,7,7,9),(0.,0.131951053801,
    0.277665188779,0.444365036974,0.590893834746,0.6858403411,
    0.79027196646,0.900351122818,1.),.UNSPECIFIED.);
#452 = CARTESIAN_POINT('',(0.,17.));
#453 = CARTESIAN_POINT('',(0.110540819603,17.));
#454 = CARTESIAN_POINT('',(0.218950486565,16.995247406617));
#455 = CARTESIAN_POINT('',(0.325244037394,16.986063928012));
#456 = CARTESIAN_POINT('',(0.429325715567,16.973235003408));
#457 = CARTESIAN_POINT('',(0.530988580123,16.957900196489));
#458 = CARTESIAN_POINT('',(0.629883001146,16.941343042139));
#459 = CARTESIAN_POINT('',(0.725449837228,16.924756844998));
#460 = CARTESIAN_POINT('',(0.917708040131,16.891732066558));
#461 = CARTESIAN_POINT('',(1.015611895075,16.875122818427));
#462 = CARTESIAN_POINT('',(1.111164259622,16.860181388628));
#463 = CARTESIAN_POINT('',(1.20488298762,16.847606970954));
#464 = CARTESIAN_POINT('',(1.297244349708,16.837878076767));
#465 = CARTESIAN_POINT('',(1.388706174915,16.831291400926));
#466 = CARTESIAN_POINT('',(1.479722383285,16.827994634643));
#467 = CARTESIAN_POINT('',(1.674986716835,16.827994634643));
#468 = CARTESIAN_POINT('',(1.779944947835,16.832309184011));
#469 = CARTESIAN_POINT('',(1.886010393158,16.84105138212));
#470 = CARTESIAN_POINT('',(1.993573648154,16.853994333815));
#471 = CARTESIAN_POINT('',(2.103126701413,16.870558899604));
#472 = CARTESIAN_POINT('',(2.215258340265,16.889795983203));
#473 = CARTESIAN_POINT('',(2.330689375438,16.910371551084));
#474 = CARTESIAN_POINT('',(2.555704799014,16.948310447283));
#475 = CARTESIAN_POINT('',(2.668101997956,16.966401170069));
#476 = CARTESIAN_POINT('',(2.785047839587,16.98300484749));
#477 = CARTESIAN_POINT('',(2.904940331752,16.995966444385));
#478 = CARTESIAN_POINT('',(3.026648687219,17.003395902433));
#479 = CARTESIAN_POINT('',(3.149209082521,17.004444981027));
#480 = CARTESIAN_POINT('',(3.271702121817,16.999419217366));
#481 = CARTESIAN_POINT('',(3.471465856675,16.983022321608));
#482 = CARTESIAN_POINT('',(3.550005604419,16.974464312452));
#483 = CARTESIAN_POINT('',(3.628538862838,16.964031538031));
#484 = CARTESIAN_POINT('',(3.707072521722,16.952068592243));
#485 = CARTESIAN_POINT('',(3.785612617302,16.939010632488));
#486 = CARTESIAN_POINT('',(3.864159410334,16.92535593533));
#487 = CARTESIAN_POINT('',(3.942705731848,16.911628946235));
#488 = CARTESIAN_POINT('',(4.107616863944,16.883710522926));
#489 = CARTESIAN_POINT('',(4.194025756403,16.869602181122));
#490 = CARTESIAN_POINT('',(4.280432586647,16.856682322489));
#491 = CARTESIAN_POINT('',(4.366826173794,16.845598645453));
#492 = CARTESIAN_POINT('',(4.453209344633,16.836895969678));
#493 = CARTESIAN_POINT('',(4.539591853155,16.830961818242));
#494 = CARTESIAN_POINT('',(4.625983718365,16.827994634643));
#495 = CARTESIAN_POINT('',(4.803466930337,16.827994634643));
#496 = CARTESIAN_POINT('',(4.894483061268,16.831291682654));
#497 = CARTESIAN_POINT('',(4.985943165266,16.837878442532));
#498 = CARTESIAN_POINT('',(5.078302577099,16.847607094489));
#499 = CARTESIAN_POINT('',(5.172020043773,16.860181232033));
#500 = CARTESIAN_POINT('',(5.26757230766,16.875122631721));
#501 = CARTESIAN_POINT('',(5.365476971963,16.89173201587));
#502 = CARTESIAN_POINT('',(5.557705476967,16.924751693012));
#503 = CARTESIAN_POINT('',(5.653277364229,16.941338640618));
#504 = CARTESIAN_POINT('',(5.752193991436,16.957900415701));
#505 = CARTESIAN_POINT('',(5.853883878982,16.973239983035));
#506 = CARTESIAN_POINT('',(5.9579879194,16.986070351272));
#507 = CARTESIAN_POINT('',(6.0642908248,16.995251172015));
#508 = CARTESIAN_POINT('',(6.17268831543,17.));
#509 = CARTESIAN_POINT('',(6.28318530718,17.));
#510 = ( GEOMETRIC_REPRESENTATION_CONTEXT(2) 
PARAMETRIC_REPRESENTATION_CONTEXT() REPRESENTATION_CONTEXT('2D SPACE',''
  ) );
#511 = FACE_BOUND('',#512,.F.);
#512 = EDGE_LOOP('',(#513));
#513 = ORIENTED_EDGE('',*,*,#514,.F.);
#514 = EDGE_CURVE('',#515,#515,#517,.T.);
#515 = VERTEX_POINT('',#516);
#516 = CARTESIAN_POINT('',(-4.041334437186E-16,-8.,14.65));
#517 = SURFACE_CURVE('',#518,(#577,#639),.PCURVE_S1.);
#518 = B_SPLINE_CURVE_WITH_KNOTS('',8,(#519,#520,#521,#522,#523,#524,
    #525,#526,#527,#528,#529,#530,#531,#532,#533,#534,#535,#536,#537,
    #538,#539,#540,#541,#542,#543,#544,#545,#546,#547,#548,#549,#550,
    #551,#552,#553,#554,#555,#556,#557,#558,#559,#560,#561,#562,#563,
    #564,#565,#566,#567,#568,#569,#570,#571,#572,#573,#574,#575,#576),
  .UNSPECIFIED.,.T.,.F.,(9,7,7,7,7,7,7,7,9),(0.,0.13195105253,
    0.277665186104,0.444365032693,0.590893829053,0.685840334491,
    0.790271958845,0.900351117511,1.),.UNSPECIFIED.);
#519 = CARTESIAN_POINT('',(-8.881784197001E-16,-8.,14.65));
#520 = CARTESIAN_POINT('',(0.182392352345,-8.,14.65));
#521 = CARTESIAN_POINT('',(0.361268433629,-7.995247406617,14.62695811713
    ));
#522 = CARTESIAN_POINT('',(0.533256256372,-7.986063928012,
    14.582428102957));
#523 = CARTESIAN_POINT('',(0.695352888834,-7.973235003408,
    14.518508794896));
#524 = CARTESIAN_POINT('',(0.844997937407,-7.957900196489,
    14.437834085923));
#525 = CARTESIAN_POINT('',(0.980184770647,-7.941343042139,
    14.343567886564));
#526 = CARTESIAN_POINT('',(1.099602062867,-7.924756844998,
    14.239395486701));
#527 = CARTESIAN_POINT('',(1.316758226908,-7.891732066558,
    14.008147659537));
#528 = CARTESIAN_POINT('',(1.413347902488,-7.875122818427,
    13.877249009577));
#529 = CARTESIAN_POINT('',(1.49297155912,-7.860181388628,13.739281721169
    ));
#530 = CARTESIAN_POINT('',(1.556086914351,-7.847606970954,13.59617003547
    ));
#531 = CARTESIAN_POINT('',(1.603110885095,-7.837878076767,
    13.449460963099));
#532 = CARTESIAN_POINT('',(1.634359256494,-7.831291400926,
    13.300448934778));
#533 = CARTESIAN_POINT('',(1.65,-7.827994634643,13.150272006791));
#534 = CARTESIAN_POINT('',(1.65,-7.827994634643,12.828085856434));
#535 = CARTESIAN_POINT('',(1.629529790885,-7.832309184011,
    12.654903756415));
#536 = CARTESIAN_POINT('',(1.588058602064,-7.84105138212,12.482743417662
    ));
#537 = CARTESIAN_POINT('',(1.5251622244,-7.853994333815,12.313966075754)
  );
#538 = CARTESIAN_POINT('',(1.44044681153,-7.870558899604,12.151072278025
    ));
#539 = CARTESIAN_POINT('',(1.333512146816,-7.889795983203,
    11.996843136689));
#540 = CARTESIAN_POINT('',(1.203997048181,-7.910371551084,
    11.854603206139));
#541 = CARTESIAN_POINT('',(0.917924398085,-7.948310447283,
    11.617943328204));
#542 = CARTESIAN_POINT('',(0.761710760421,-7.966401170069,
    11.515828587529));
#543 = CARTESIAN_POINT('',(0.585491478985,-7.98300484749,11.430718812764
    ));
#544 = CARTESIAN_POINT('',(0.39355837424,-7.995966444385,11.368812820838
    ));
#545 = CARTESIAN_POINT('',(0.191612581143,-8.003395902433,
    11.334156293672));
#546 = CARTESIAN_POINT('',(-1.395818471169E-02,-8.004444981027,
    11.328671914245));
#547 = CARTESIAN_POINT('',(-0.216612375741,-7.999419217366,
    11.352097417367));
#548 = CARTESIAN_POINT('',(-0.535867228891,-7.983022321608,
    11.434068131492));
#549 = CARTESIAN_POINT('',(-0.658493263531,-7.974464312452,
    11.477564707966));
#550 = CARTESIAN_POINT('',(-0.777036375007,-7.964031538031,
    11.53201942426));
#551 = CARTESIAN_POINT('',(-0.890367481872,-7.952068592243,
    11.596983816493));
#552 = CARTESIAN_POINT('',(-0.997414795447,-7.939010632488,
    11.671871110537));
#553 = CARTESIAN_POINT('',(-1.097177951602,-7.92535593533,
    11.755961109827));
#554 = CARTESIAN_POINT('',(-1.188749942824,-7.911628946235,
    11.848407906652));
#555 = CARTESIAN_POINT('',(-1.362195157252,-7.883710522926,
    12.058067155068));
#556 = CARTESIAN_POINT('',(-1.442235096037,-7.869602181122,
    12.176891530231));
#557 = CARTESIAN_POINT('',(-1.510384469775,-7.856682322489,
    12.303443035809));
#558 = CARTESIAN_POINT('',(-1.565780289099,-7.845598645453,
    12.436306985628));
#559 = CARTESIAN_POINT('',(-1.607772412879,-7.836895969678,
    12.573976182108));
#560 = CARTESIAN_POINT('',(-1.635921318217,-7.830961818242,
    12.714884347424));
#561 = CARTESIAN_POINT('',(-1.65,-7.827994634643,12.857431317667));
#562 = CARTESIAN_POINT('',(-1.65,-7.827994634643,13.15027862202));
#563 = CARTESIAN_POINT('',(-1.634357904513,-7.831291682781,
    13.300455428639));
#564 = CARTESIAN_POINT('',(-1.603109178495,-7.837878442008,
    13.44946434571));
#565 = CARTESIAN_POINT('',(-1.556086165026,-7.847607094954,
    13.596170145538));
#566 = CARTESIAN_POINT('',(-1.492972189176,-7.860181232563,
    13.73928011282));
#567 = CARTESIAN_POINT('',(-1.413349068869,-7.875122630603,
    13.877247578848));
#568 = CARTESIAN_POINT('',(-1.316758556527,-7.89173201643,
    14.008147308528));
#569 = CARTESIAN_POINT('',(-1.099635940025,-7.924751693012,
    14.239359411192));
#570 = CARTESIAN_POINT('',(-0.980220492983,-7.941338640618,
    14.343544961589));
#571 = CARTESIAN_POINT('',(-0.84500747851,-7.957900415701,
    14.437839497876));
#572 = CARTESIAN_POINT('',(-0.695320418971,-7.973239983035,
    14.518535734318));
#573 = CARTESIAN_POINT('',(-0.533183282699,-7.986070351272,
    14.582459192539));
#574 = CARTESIAN_POINT('',(-0.361176038297,-7.995251172015,
    14.626976389329));
#575 = CARTESIAN_POINT('',(-0.182320036387,-8.,14.65));
#576 = CARTESIAN_POINT('',(-8.881784197001E-16,-8.,14.65));
#577 = PCURVE('',#32,#578);
#578 = DEFINITIONAL_REPRESENTATION('',(#579),#638);
#579 = B_SPLINE_CURVE_WITH_KNOTS('',8,(#580,#581,#582,#583,#584,#585,
    #586,#587,#588,#589,#590,#591,#592,#593,#594,#595,#596,#597,#598,
    #599,#600,#601,#602,#603,#604,#605,#606,#607,#608,#609,#610,#611,
    #612,#613,#614,#615,#616,#617,#618,#619,#620,#621,#622,#623,#624,
    #625,#626,#627,#628,#629,#630,#631,#632,#633,#634,#635,#636,#637),
  .UNSPECIFIED.,.T.,.F.,(9,7,7,7,7,7,7,7,9),(0.,0.13195105253,
    0.277665186104,0.444365032693,0.590893829053,0.685840334491,
    0.790271958845,0.900351117511,1.),.UNSPECIFIED.);
#580 = CARTESIAN_POINT('',(-4.712388980385,-14.65));
#581 = CARTESIAN_POINT('',(-4.735188024428,-14.65));
#582 = CARTESIAN_POINT('',(-4.757547555906,-14.62695811713));
#583 = CARTESIAN_POINT('',(-4.779064002126,-14.58242810295));
#584 = CARTESIAN_POINT('',(-4.799377497072,-14.51850879489));
#585 = CARTESIAN_POINT('',(-4.818173127637,-14.43783408592));
#586 = CARTESIAN_POINT('',(-4.835194026078,-14.34356788656));
#587 = CARTESIAN_POINT('',(-4.850263206691,-14.2393954867));
#588 = CARTESIAN_POINT('',(-4.877719830315,-14.00814765953));
#589 = CARTESIAN_POINT('',(-4.889968445496,-13.87724900957));
#590 = CARTESIAN_POINT('',(-4.900093631808,-13.73928172116));
#591 = CARTESIAN_POINT('',(-4.908137618606,-13.59617003547));
#592 = CARTESIAN_POINT('',(-4.914140053182,-13.44946096309));
#593 = CARTESIAN_POINT('',(-4.918131930643,-13.30044893477));
#594 = CARTESIAN_POINT('',(-4.920129982434,-13.15027200679));
#595 = CARTESIAN_POINT('',(-4.920129982434,-12.82808585643));
#596 = CARTESIAN_POINT('',(-4.917514983415,-12.65490375641));
#597 = CARTESIAN_POINT('',(-4.912217172563,-12.48274341766));
#598 = CARTESIAN_POINT('',(-4.904190453617,-12.31396607575));
#599 = CARTESIAN_POINT('',(-4.893401673165,-12.15107227802));
#600 = CARTESIAN_POINT('',(-4.879823930367,-11.99684313668));
#601 = CARTESIAN_POINT('',(-4.863436934218,-11.85460320613));
#602 = CARTESIAN_POINT('',(-4.827364758095,-11.6179433282));
#603 = CARTESIAN_POINT('',(-4.807710254727,-11.51582858753));
#604 = CARTESIAN_POINT('',(-4.78559379135,-11.43071881276));
#605 = CARTESIAN_POINT('',(-4.76156546587,-11.36881282084));
#606 = CARTESIAN_POINT('',(-4.73633008349,-11.33415629367));
#607 = CARTESIAN_POINT('',(-4.710652470326,-11.32867191424));
#608 = CARTESIAN_POINT('',(-4.685321833521,-11.35209741736));
#609 = CARTESIAN_POINT('',(-4.645362377614,-11.43406813149));
#610 = CARTESIAN_POINT('',(-4.629999426352,-11.47756470796));
#611 = CARTESIAN_POINT('',(-4.615128253709,-11.53201942426));
#612 = CARTESIAN_POINT('',(-4.600887170725,-11.59698381649));
#613 = CARTESIAN_POINT('',(-4.5874101249,-11.67187111053));
#614 = CARTESIAN_POINT('',(-4.574825220661,-11.75596110982));
#615 = CARTESIAN_POINT('',(-4.563251501059,-11.84840790665));
#616 = CARTESIAN_POINT('',(-4.541291779134,-12.05806715506));
#617 = CARTESIAN_POINT('',(-4.531133705703,-12.17689153023));
#618 = CARTESIAN_POINT('',(-4.522464237524,-12.3034430358));
#619 = CARTESIAN_POINT('',(-4.515402958477,-12.43630698562));
#620 = CARTESIAN_POINT('',(-4.510042463755,-12.5739761821));
#621 = CARTESIAN_POINT('',(-4.506446446761,-12.71488434742));
#622 = CARTESIAN_POINT('',(-4.504647978336,-12.85743131766));
#623 = CARTESIAN_POINT('',(-4.504647978336,-13.15027862202));
#624 = CARTESIAN_POINT('',(-4.506646202803,-13.30045542863));
#625 = CARTESIAN_POINT('',(-4.510638125653,-13.44946434571));
#626 = CARTESIAN_POINT('',(-4.516640437056,-13.59617014553));
#627 = CARTESIAN_POINT('',(-4.524684247987,-13.73928011282));
#628 = CARTESIAN_POINT('',(-4.534809367643,-13.87724757884));
#629 = CARTESIAN_POINT('',(-4.547058088779,-14.00814730852));
#630 = CARTESIAN_POINT('',(-4.574510470745,-14.23935941119));
#631 = CARTESIAN_POINT('',(-4.589579437015,-14.34354496158));
#632 = CARTESIAN_POINT('',(-4.606603656157,-14.43783949787));
#633 = CARTESIAN_POINT('',(-4.625404560773,-14.51853573431));
#634 = CARTESIAN_POINT('',(-4.645723103178,-14.58245919253));
#635 = CARTESIAN_POINT('',(-4.667241953874,-14.62697638932));
#636 = CARTESIAN_POINT('',(-4.689598975836,-14.65));
#637 = CARTESIAN_POINT('',(-4.712388980385,-14.65));
#638 = ( GEOMETRIC_REPRESENTATION_CONTEXT(2) 
PARAMETRIC_REPRESENTATION_CONTEXT() REPRESENTATION_CONTEXT('2D SPACE',''
  ) );
#639 = PCURVE('',#640,#645);
#640 = CYLINDRICAL_SURFACE('',#641,1.65);
#641 = AXIS2_PLACEMENT_3D('',#642,#643,#644);
#642 = CARTESIAN_POINT('',(0.,-9.,13.));
#643 = DIRECTION('',(0.,1.,0.));
#644 = DIRECTION('',(0.,-0.,1.));
#645 = DEFINITIONAL_REPRESENTATION('',(#646),#705);
#646 = B_SPLINE_CURVE_WITH_KNOTS('',8,(#647,#648,#649,#650,#651,#652,
    #653,#654,#655,#656,#657,#658,#659,#660,#661,#662,#663,#664,#665,
    #666,#667,#668,#669,#670,#671,#672,#673,#674,#675,#676,#677,#678,
    #679,#680,#681,#682,#683,#684,#685,#686,#687,#688,#689,#690,#691,
    #692,#693,#694,#695,#696,#697,#698,#699,#700,#701,#702,#703,#704),
  .UNSPECIFIED.,.F.,.F.,(9,7,7,7,7,7,7,7,9),(0.,0.13195105253,
    0.277665186104,0.444365032693,0.590893829053,0.685840334491,
    0.790271958845,0.900351117511,1.),.UNSPECIFIED.);
#647 = CARTESIAN_POINT('',(0.,1.));
#648 = CARTESIAN_POINT('',(0.110540819603,1.));
#649 = CARTESIAN_POINT('',(0.218950486565,1.004752593383));
#650 = CARTESIAN_POINT('',(0.325244037393,1.013936071988));
#651 = CARTESIAN_POINT('',(0.429325715567,1.026764996592));
#652 = CARTESIAN_POINT('',(0.530988580123,1.042099803511));
#653 = CARTESIAN_POINT('',(0.629883001146,1.058656957861));
#654 = CARTESIAN_POINT('',(0.725449837228,1.075243155002));
#655 = CARTESIAN_POINT('',(0.917708040131,1.108267933442));
#656 = CARTESIAN_POINT('',(1.015611895075,1.124877181573));
#657 = CARTESIAN_POINT('',(1.111164259622,1.139818611372));
#658 = CARTESIAN_POINT('',(1.20488298762,1.152393029046));
#659 = CARTESIAN_POINT('',(1.297244349708,1.162121923233));
#660 = CARTESIAN_POINT('',(1.388706174914,1.168708599074));
#661 = CARTESIAN_POINT('',(1.479722383285,1.172005365357));
#662 = CARTESIAN_POINT('',(1.674986716835,1.172005365357));
#663 = CARTESIAN_POINT('',(1.779944947835,1.167690815989));
#664 = CARTESIAN_POINT('',(1.886010393158,1.15894861788));
#665 = CARTESIAN_POINT('',(1.993573648154,1.146005666185));
#666 = CARTESIAN_POINT('',(2.103126701413,1.129441100396));
#667 = CARTESIAN_POINT('',(2.215258340265,1.110204016797));
#668 = CARTESIAN_POINT('',(2.330689375438,1.089628448916));
#669 = CARTESIAN_POINT('',(2.555704799014,1.051689552717));
#670 = CARTESIAN_POINT('',(2.668101997956,1.033598829931));
#671 = CARTESIAN_POINT('',(2.785047839586,1.01699515251));
#672 = CARTESIAN_POINT('',(2.904940331754,1.004033555615));
#673 = CARTESIAN_POINT('',(3.026648687218,0.996604097567));
#674 = CARTESIAN_POINT('',(3.149209082522,0.995555018973));
#675 = CARTESIAN_POINT('',(3.271702121817,1.000580782634));
#676 = CARTESIAN_POINT('',(3.471465856675,1.016977678392));
#677 = CARTESIAN_POINT('',(3.550005604419,1.025535687548));
#678 = CARTESIAN_POINT('',(3.628538862838,1.035968461969));
#679 = CARTESIAN_POINT('',(3.707072521722,1.047931407757));
#680 = CARTESIAN_POINT('',(3.785612617302,1.060989367512));
#681 = CARTESIAN_POINT('',(3.864159410334,1.07464406467));
#682 = CARTESIAN_POINT('',(3.942705731848,1.088371053765));
#683 = CARTESIAN_POINT('',(4.107616863944,1.116289477074));
#684 = CARTESIAN_POINT('',(4.194025756403,1.130397818878));
#685 = CARTESIAN_POINT('',(4.280432586647,1.143317677511));
#686 = CARTESIAN_POINT('',(4.366826173794,1.154401354547));
#687 = CARTESIAN_POINT('',(4.453209344633,1.163104030322));
#688 = CARTESIAN_POINT('',(4.539591853155,1.169038181758));
#689 = CARTESIAN_POINT('',(4.625983718365,1.172005365357));
#690 = CARTESIAN_POINT('',(4.803466933124,1.172005365357));
#691 = CARTESIAN_POINT('',(4.894483056504,1.168708317219));
#692 = CARTESIAN_POINT('',(4.985943165062,1.162121557992));
#693 = CARTESIAN_POINT('',(5.078302581894,1.152392905046));
#694 = CARTESIAN_POINT('',(5.172020043962,1.139818767437));
#695 = CARTESIAN_POINT('',(5.267572302133,1.124877369397));
#696 = CARTESIAN_POINT('',(5.365476975221,1.10826798357));
#697 = CARTESIAN_POINT('',(5.557705476967,1.075248306988));
#698 = CARTESIAN_POINT('',(5.653277364229,1.058661359382));
#699 = CARTESIAN_POINT('',(5.752193991436,1.042099584299));
#700 = CARTESIAN_POINT('',(5.853883878982,1.026760016965));
#701 = CARTESIAN_POINT('',(5.9579879194,1.013929648728));
#702 = CARTESIAN_POINT('',(6.0642908248,1.004748827985));
#703 = CARTESIAN_POINT('',(6.17268831543,1.));
#704 = CARTESIAN_POINT('',(6.28318530718,1.));
#705 = ( GEOMETRIC_REPRESENTATION_CONTEXT(2) 
PARAMETRIC_REPRESENTATION_CONTEXT() REPRESENTATION_CONTEXT('2D SPACE',''
  ) );
#706 = FACE_BOUND('',#707,.F.);
#707 = EDGE_LOOP('',(#708));
#708 = ORIENTED_EDGE('',*,*,#709,.F.);
#709 = EDGE_CURVE('',#710,#710,#712,.T.);
#710 = VERTEX_POINT('',#711);
#711 = CARTESIAN_POINT('',(-8.,4.041334437186E-16,6.65));
#712 = SURFACE_CURVE('',#713,(#764,#818),.PCURVE_S1.);
#713 = B_SPLINE_CURVE_WITH_KNOTS('',7,(#714,#715,#716,#717,#718,#719,
    #720,#721,#722,#723,#724,#725,#726,#727,#728,#729,#730,#731,#732,
    #733,#734,#735,#736,#737,#738,#739,#740,#741,#742,#743,#744,#745,
    #746,#747,#748,#749,#750,#751,#752,#753,#754,#755,#756,#757,#758,
    #759,#760,#761,#762,#763),.UNSPECIFIED.,.T.,.F.,(8,6,6,6,6,6,6,6,8),
  (0.,0.118805407349,0.250002746541,0.381205857249,0.499972522475,
    0.618792239294,0.750005764259,0.881219289223,1.),.UNSPECIFIED.);
#714 = CARTESIAN_POINT('',(-8.,6.661338147751E-16,6.65));
#715 = CARTESIAN_POINT('',(-8.,-0.20844840268,6.65));
#716 = CARTESIAN_POINT('',(-7.993663208822,-0.412208443946,
    6.619277489506));
#717 = CARTESIAN_POINT('',(-7.981504359526,-0.605884943828,
    6.560318471028));
#718 = CARTESIAN_POINT('',(-7.964965647289,-0.784820833839,
    6.476699118764));
#719 = CARTESIAN_POINT('',(-7.946124445157,-0.94529311002,6.373059031189
    ));
#720 = CARTESIAN_POINT('',(-7.926998833085,-1.084859752527,
    6.255094452689));
#721 = CARTESIAN_POINT('',(-7.889256229153,-1.333038225717,
    5.990811221645));
#722 = CARTESIAN_POINT('',(-7.870411681518,-1.440117794746,
    5.839394938887));
#723 = CARTESIAN_POINT('',(-7.854043212893,-1.524683817745,
    5.679213790537));
#724 = CARTESIAN_POINT('',(-7.841170729015,-1.587490010958,
    5.513126280403));
#725 = CARTESIAN_POINT('',(-7.83239032302,-1.629145675325,5.343352100926
    ));
#726 = CARTESIAN_POINT('',(-7.827994634643,-1.65,5.171739436333));
#727 = CARTESIAN_POINT('',(-7.827994634643,-1.65,4.828253008661));
#728 = CARTESIAN_POINT('',(-7.832390698657,-1.629143874052,
    4.656641747732));
#729 = CARTESIAN_POINT('',(-7.841171088857,-1.587488355468,
    4.486872000051));
#730 = CARTESIAN_POINT('',(-7.85404310012,-1.524683980355,4.32078772267)
  );
#731 = CARTESIAN_POINT('',(-7.870411451886,-1.440119213304,4.16060682508
    ));
#732 = CARTESIAN_POINT('',(-7.889256171224,-1.333038606631,
    4.009189183987));
#733 = CARTESIAN_POINT('',(-7.926992247945,-1.084903053463,
    3.744951658125));
#734 = CARTESIAN_POINT('',(-7.946119410627,-0.945336287192,
    3.626964414832));
#735 = CARTESIAN_POINT('',(-7.9649675916,-0.784823561167,3.523285333112)
  );
#736 = CARTESIAN_POINT('',(-7.98151190651,-0.605827728673,3.439644822728
    ));
#737 = CARTESIAN_POINT('',(-7.993668877114,-0.412106272467,
    3.380695103804));
#738 = CARTESIAN_POINT('',(-8.,-0.208355332943,3.35));
#739 = CARTESIAN_POINT('',(-8.,0.20844840268,3.35));
#740 = CARTESIAN_POINT('',(-7.993663208822,0.412208443945,3.380722510494
    ));
#741 = CARTESIAN_POINT('',(-7.981504359526,0.605884943828,3.439681528972
    ));
#742 = CARTESIAN_POINT('',(-7.964965647289,0.784820833839,3.523300881236
    ));
#743 = CARTESIAN_POINT('',(-7.946124445157,0.94529311002,3.626940968811)
  );
#744 = CARTESIAN_POINT('',(-7.926998833085,1.084859752527,3.744905547311
    ));
#745 = CARTESIAN_POINT('',(-7.889256171224,1.333038606631,4.009189183987
    ));
#746 = CARTESIAN_POINT('',(-7.870411451886,1.440119213304,4.160606825079
    ));
#747 = CARTESIAN_POINT('',(-7.85404310012,1.524683980355,4.32078772267)
  );
#748 = CARTESIAN_POINT('',(-7.841171088857,1.587488355467,4.486872000051
    ));
#749 = CARTESIAN_POINT('',(-7.832390698657,1.629143874052,4.656641747732
    ));
#750 = CARTESIAN_POINT('',(-7.827994634643,1.65,4.828253008661));
#751 = CARTESIAN_POINT('',(-7.827994634643,1.65,5.171746991339));
#752 = CARTESIAN_POINT('',(-7.832390698657,1.629143874052,5.343358252269
    ));
#753 = CARTESIAN_POINT('',(-7.841171088857,1.587488355468,5.513127999949
    ));
#754 = CARTESIAN_POINT('',(-7.85404310012,1.524683980354,5.679212277331)
  );
#755 = CARTESIAN_POINT('',(-7.870411451886,1.440119213304,5.83939317492)
  );
#756 = CARTESIAN_POINT('',(-7.889256171224,1.333038606631,5.990810816013
    ));
#757 = CARTESIAN_POINT('',(-7.9269929451,1.084898469279,6.255053223536)
  );
#758 = CARTESIAN_POINT('',(-7.946120539124,0.945327834218,6.373042207607
    ));
#759 = CARTESIAN_POINT('',(-7.964968341647,0.784815265085,6.476717872038
    ));
#760 = CARTESIAN_POINT('',(-7.981511624423,0.605825572856,6.5603535966)
  );
#761 = CARTESIAN_POINT('',(-7.993668229354,0.412112799104,6.619301852439
    ));
#762 = CARTESIAN_POINT('',(-8.,0.208365755871,6.65));
#763 = CARTESIAN_POINT('',(-8.,6.661338147751E-16,6.65));
#764 = PCURVE('',#32,#765);
#765 = DEFINITIONAL_REPRESENTATION('',(#766),#817);
#766 = B_SPLINE_CURVE_WITH_KNOTS('',7,(#767,#768,#769,#770,#771,#772,
    #773,#774,#775,#776,#777,#778,#779,#780,#781,#782,#783,#784,#785,
    #786,#787,#788,#789,#790,#791,#792,#793,#794,#795,#796,#797,#798,
    #799,#800,#801,#802,#803,#804,#805,#806,#807,#808,#809,#810,#811,
    #812,#813,#814,#815,#816),.UNSPECIFIED.,.T.,.F.,(8,6,6,6,6,6,6,6,8),
  (0.,0.118805407349,0.250002746541,0.381205857249,0.499972522475,
    0.618792239294,0.750005764259,0.881219289223,1.),.UNSPECIFIED.);
#767 = CARTESIAN_POINT('',(-3.14159265359,-6.65));
#768 = CARTESIAN_POINT('',(-3.167648703925,-6.65));
#769 = CARTESIAN_POINT('',(-3.193118737506,-6.619277489506));
#770 = CARTESIAN_POINT('',(-3.217357038027,-6.560318471028));
#771 = CARTESIAN_POINT('',(-3.239805302527,-6.476699118764));
#772 = CARTESIAN_POINT('',(-3.259995964701,-6.373059031189));
#773 = CARTESIAN_POINT('',(-3.277602903029,-6.255094452689));
#774 = CARTESIAN_POINT('',(-3.308981901456,-5.990811221645));
#775 = CARTESIAN_POINT('',(-3.322568857783,-5.839394938887));
#776 = CARTESIAN_POINT('',(-3.333334373352,-5.679213790538));
#777 = CARTESIAN_POINT('',(-3.341348210269,-5.513126280403));
#778 = CARTESIAN_POINT('',(-3.346669586585,-5.343352100926));
#779 = CARTESIAN_POINT('',(-3.349333655639,-5.171739436333));
#780 = CARTESIAN_POINT('',(-3.349333655639,-4.828253008661));
#781 = CARTESIAN_POINT('',(-3.346669356521,-4.656641747731));
#782 = CARTESIAN_POINT('',(-3.341347998682,-4.486872000051));
#783 = CARTESIAN_POINT('',(-3.333334395885,-4.320787722669));
#784 = CARTESIAN_POINT('',(-3.322569037349,-4.16060682508));
#785 = CARTESIAN_POINT('',(-3.308981949618,-4.009189183987));
#786 = CARTESIAN_POINT('',(-3.277608377879,-3.744951658125));
#787 = CARTESIAN_POINT('',(-3.260001396555,-3.626964414831));
#788 = CARTESIAN_POINT('',(-3.239805603751,-3.523285333112));
#789 = CARTESIAN_POINT('',(-3.217349847731,-3.439644822728));
#790 = CARTESIAN_POINT('',(-3.193105964937,-3.380695103804));
#791 = CARTESIAN_POINT('',(-3.167637070208,-3.35));
#792 = CARTESIAN_POINT('',(-3.115536603255,-3.35));
#793 = CARTESIAN_POINT('',(-3.090066569673,-3.380722510494));
#794 = CARTESIAN_POINT('',(-3.065828269153,-3.439681528972));
#795 = CARTESIAN_POINT('',(-3.043380004652,-3.523300881236));
#796 = CARTESIAN_POINT('',(-3.023189342479,-3.626940968811));
#797 = CARTESIAN_POINT('',(-3.005582404151,-3.744905547311));
#798 = CARTESIAN_POINT('',(-2.974203357562,-4.009189183987));
#799 = CARTESIAN_POINT('',(-2.96061626983,-4.160606825079));
#800 = CARTESIAN_POINT('',(-2.949850911294,-4.32078772267));
#801 = CARTESIAN_POINT('',(-2.941837308497,-4.486872000051));
#802 = CARTESIAN_POINT('',(-2.936515950659,-4.656641747732));
#803 = CARTESIAN_POINT('',(-2.933851651541,-4.828253008661));
#804 = CARTESIAN_POINT('',(-2.933851651541,-5.171746991339));
#805 = CARTESIAN_POINT('',(-2.936515950659,-5.343358252269));
#806 = CARTESIAN_POINT('',(-2.941837308497,-5.513127999949));
#807 = CARTESIAN_POINT('',(-2.949850911294,-5.679212277331));
#808 = CARTESIAN_POINT('',(-2.96061626983,-5.83939317492));
#809 = CARTESIAN_POINT('',(-2.974203357562,-5.990810816013));
#810 = CARTESIAN_POINT('',(-3.005577508912,-6.255053223536));
#811 = CARTESIAN_POINT('',(-3.023184977323,-6.373042207607));
#812 = CARTESIAN_POINT('',(-3.043380740585,-6.476717872037));
#813 = CARTESIAN_POINT('',(-3.065835727371,-6.5603535966));
#814 = CARTESIAN_POINT('',(-3.090078524736,-6.619301852439));
#815 = CARTESIAN_POINT('',(-3.115546934106,-6.65));
#816 = CARTESIAN_POINT('',(-3.14159265359,-6.65));
#817 = ( GEOMETRIC_REPRESENTATION_CONTEXT(2) 
PARAMETRIC_REPRESENTATION_CONTEXT() REPRESENTATION_CONTEXT('2D SPACE',''
  ) );
#818 = PCURVE('',#819,#824);
#819 = CYLINDRICAL_SURFACE('',#820,1.65);
#820 = AXIS2_PLACEMENT_3D('',#821,#822,#823);
#821 = CARTESIAN_POINT('',(-9.,0.,5.));
#822 = DIRECTION('',(1.,0.,0.));
#823 = DIRECTION('',(-0.,0.,1.));
#824 = DEFINITIONAL_REPRESENTATION('',(#825),#876);
#825 = B_SPLINE_CURVE_WITH_KNOTS('',7,(#826,#827,#828,#829,#830,#831,
    #832,#833,#834,#835,#836,#837,#838,#839,#840,#841,#842,#843,#844,
    #845,#846,#847,#848,#849,#850,#851,#852,#853,#854,#855,#856,#857,
    #858,#859,#860,#861,#862,#863,#864,#865,#866,#867,#868,#869,#870,
    #871,#872,#873,#874,#875),.UNSPECIFIED.,.F.,.F.,(8,6,6,6,6,6,6,6,8),
  (0.,0.118805407349,0.250002746541,0.381205857249,0.499972522475,
    0.618792239294,0.750005764259,0.881219289223,1.),.UNSPECIFIED.);
#826 = CARTESIAN_POINT('',(0.,1.));
#827 = CARTESIAN_POINT('',(0.12633236526,1.));
#828 = CARTESIAN_POINT('',(0.249823193666,1.006336791178));
#829 = CARTESIAN_POINT('',(0.37049654363,1.018495640474));
#830 = CARTESIAN_POINT('',(0.488154887505,1.035034352711));
#831 = CARTESIAN_POINT('',(0.602378067819,1.053875554843));
#832 = CARTESIAN_POINT('',(0.712397801127,1.073001166915));
#833 = CARTESIAN_POINT('',(0.932121461588,1.110743770847));
#834 = CARTESIAN_POINT('',(1.04344203957,1.129588318482));
#835 = CARTESIAN_POINT('',(1.151797591653,1.145956787107));
#836 = CARTESIAN_POINT('',(1.257968383586,1.158829270985));
#837 = CARTESIAN_POINT('',(1.362704293244,1.16760967698));
#838 = CARTESIAN_POINT('',(1.466711819926,1.172005365357));
#839 = CARTESIAN_POINT('',(1.674885412455,1.172005365357));
#840 = CARTESIAN_POINT('',(1.778892072752,1.167609301343));
#841 = CARTESIAN_POINT('',(1.88362557503,1.158828911143));
#842 = CARTESIAN_POINT('',(1.989794271989,1.14595689988));
#843 = CARTESIAN_POINT('',(2.09814925384,1.129588548114));
#844 = CARTESIAN_POINT('',(2.209470854762,1.110743828776));
#845 = CARTESIAN_POINT('',(2.429156516179,1.073007752055));
#846 = CARTESIAN_POINT('',(2.53918633004,1.053880589373));
#847 = CARTESIAN_POINT('',(2.653441386547,1.0350324084));
#848 = CARTESIAN_POINT('',(2.77113514779,1.01848809349));
#849 = CARTESIAN_POINT('',(2.891831386564,1.006331122886));
#850 = CARTESIAN_POINT('',(3.01531669423,1.));
#851 = CARTESIAN_POINT('',(3.26792501885,1.));
#852 = CARTESIAN_POINT('',(3.391415847256,1.006336791178));
#853 = CARTESIAN_POINT('',(3.51208919722,1.018495640474));
#854 = CARTESIAN_POINT('',(3.629747541094,1.035034352711));
#855 = CARTESIAN_POINT('',(3.743970721409,1.053875554843));
#856 = CARTESIAN_POINT('',(3.853990454717,1.073001166915));
#857 = CARTESIAN_POINT('',(4.073714452418,1.110743828776));
#858 = CARTESIAN_POINT('',(4.185036053339,1.129588548114));
#859 = CARTESIAN_POINT('',(4.293391035191,1.14595689988));
#860 = CARTESIAN_POINT('',(4.399559732149,1.158828911143));
#861 = CARTESIAN_POINT('',(4.504293234427,1.167609301343));
#862 = CARTESIAN_POINT('',(4.608299894725,1.172005365357));
#863 = CARTESIAN_POINT('',(4.816478066045,1.172005365357));
#864 = CARTESIAN_POINT('',(4.920484726343,1.167609301343));
#865 = CARTESIAN_POINT('',(5.025218228619,1.158828911143));
#866 = CARTESIAN_POINT('',(5.13138692558,1.14595689988));
#867 = CARTESIAN_POINT('',(5.23974190743,1.129588548114));
#868 = CARTESIAN_POINT('',(5.351063508351,1.110743828776));
#869 = CARTESIAN_POINT('',(5.570753228356,1.0730070549));
#870 = CARTESIAN_POINT('',(5.68078540952,1.053879460876));
#871 = CARTESIAN_POINT('',(5.795039140586,1.035031658353));
#872 = CARTESIAN_POINT('',(5.912728617378,1.018488375577));
#873 = CARTESIAN_POINT('',(6.033420089435,1.006331770646));
#874 = CARTESIAN_POINT('',(6.156903030894,1.));
#875 = CARTESIAN_POINT('',(6.28318530718,1.));
#876 = ( GEOMETRIC_REPRESENTATION_CONTEXT(2) 
PARAMETRIC_REPRESENTATION_CONTEXT() REPRESENTATION_CONTEXT('2D SPACE',''
  ) );
#877 = ADVANCED_FACE('',(#878,#881),#305,.F.);
#878 = FACE_BOUND('',#879,.F.);
#879 = EDGE_LOOP('',(#880));
#880 = ORIENTED_EDGE('',*,*,#290,.T.);
#881 = FACE_BOUND('',#882,.F.);
#882 = EDGE_LOOP('',(#883));
#883 = ORIENTED_EDGE('',*,*,#884,.F.);
#884 = EDGE_CURVE('',#885,#885,#887,.T.);
#885 = VERTEX_POINT('',#886);
#886 = CARTESIAN_POINT('',(2.55,0.,0.));
#887 = SURFACE_CURVE('',#888,(#893,#900),.PCURVE_S1.);
#888 = CIRCLE('',#889,2.55);
#889 = AXIS2_PLACEMENT_3D('',#890,#891,#892);
#890 = CARTESIAN_POINT('',(0.,0.,0.));
#891 = DIRECTION('',(0.,0.,1.));
#892 = DIRECTION('',(1.,0.,0.));
#893 = PCURVE('',#305,#894);
#894 = DEFINITIONAL_REPRESENTATION('',(#895),#899);
#895 = CIRCLE('',#896,2.55);
#896 = AXIS2_PLACEMENT_2D('',#897,#898);
#897 = CARTESIAN_POINT('',(5.127900497023E-16,-6.990076196319E-16));
#898 = DIRECTION('',(1.,0.));
#899 = ( GEOMETRIC_REPRESENTATION_CONTEXT(2) 
PARAMETRIC_REPRESENTATION_CONTEXT() REPRESENTATION_CONTEXT('2D SPACE',''
  ) );
#900 = PCURVE('',#901,#906);
#901 = CYLINDRICAL_SURFACE('',#902,2.55);
#902 = AXIS2_PLACEMENT_3D('',#903,#904,#905);
#903 = CARTESIAN_POINT('',(0.,0.,0.));
#904 = DIRECTION('',(-0.,-0.,-1.));
#905 = DIRECTION('',(1.,0.,0.));
#906 = DEFINITIONAL_REPRESENTATION('',(#907),#911);
#907 = LINE('',#908,#909);
#908 = CARTESIAN_POINT('',(-0.,0.));
#909 = VECTOR('',#910,1.);
#910 = DIRECTION('',(-1.,0.));
#911 = ( GEOMETRIC_REPRESENTATION_CONTEXT(2) 
PARAMETRIC_REPRESENTATION_CONTEXT() REPRESENTATION_CONTEXT('2D SPACE',''
  ) );
#912 = ADVANCED_FACE('',(#913),#113,.F.);
#913 = FACE_BOUND('',#914,.F.);
#914 = EDGE_LOOP('',(#915,#916,#939,#1109,#1277,#1278));
#915 = ORIENTED_EDGE('',*,*,#199,.F.);
#916 = ORIENTED_EDGE('',*,*,#917,.F.);
#917 = EDGE_CURVE('',#918,#52,#920,.T.);
#918 = VERTEX_POINT('',#919);
#919 = CARTESIAN_POINT('',(2.55,2.020667218593E-16,6.65));
#920 = SEAM_CURVE('',#921,(#925,#932),.PCURVE_S1.);
#921 = LINE('',#922,#923);
#922 = CARTESIAN_POINT('',(-9.,4.041334437186E-16,6.65));
#923 = VECTOR('',#924,1.);
#924 = DIRECTION('',(1.,0.,0.));
#925 = PCURVE('',#113,#926);
#926 = DEFINITIONAL_REPRESENTATION('',(#927),#931);
#927 = LINE('',#928,#929);
#928 = CARTESIAN_POINT('',(6.28318530718,-0.));
#929 = VECTOR('',#930,1.);
#930 = DIRECTION('',(0.,1.));
#931 = ( GEOMETRIC_REPRESENTATION_CONTEXT(2) 
PARAMETRIC_REPRESENTATION_CONTEXT() REPRESENTATION_CONTEXT('2D SPACE',''
  ) );
#932 = PCURVE('',#113,#933);
#933 = DEFINITIONAL_REPRESENTATION('',(#934),#938);
#934 = LINE('',#935,#936);
#935 = CARTESIAN_POINT('',(0.,-0.));
#936 = VECTOR('',#937,1.);
#937 = DIRECTION('',(0.,1.));
#938 = ( GEOMETRIC_REPRESENTATION_CONTEXT(2) 
PARAMETRIC_REPRESENTATION_CONTEXT() REPRESENTATION_CONTEXT('2D SPACE',''
  ) );
#939 = ORIENTED_EDGE('',*,*,#940,.T.);
#940 = EDGE_CURVE('',#918,#941,#943,.T.);
#941 = VERTEX_POINT('',#942);
#942 = CARTESIAN_POINT('',(2.55,0.,3.35));
#943 = SURFACE_CURVE('',#944,(#997,#1053),.PCURVE_S1.);
#944 = B_SPLINE_CURVE_WITH_KNOTS('',6,(#945,#946,#947,#948,#949,#950,
    #951,#952,#953,#954,#955,#956,#957,#958,#959,#960,#961,#962,#963,
    #964,#965,#966,#967,#968,#969,#970,#971,#972,#973,#974,#975,#976,
    #977,#978,#979,#980,#981,#982,#983,#984,#985,#986,#987,#988,#989,
    #990,#991,#992,#993,#994,#995,#996),.UNSPECIFIED.,.F.,.F.,(7,5,5,5,5
    ,5,5,5,5,5,7),(0.,0.120021287404,0.170972951788,0.289896991926,
    0.397683694502,0.499998013421,0.602016974153,0.709111965007,
    0.831165096749,0.880593972206,1.),.UNSPECIFIED.);
#945 = CARTESIAN_POINT('',(2.55,0.,6.65));
#946 = CARTESIAN_POINT('',(2.55,-0.121805881609,6.65));
#947 = CARTESIAN_POINT('',(2.543017832098,-0.24281979037,6.639209671336)
  );
#948 = CARTESIAN_POINT('',(2.529225104415,-0.361266996557,6.617892240766
    ));
#949 = CARTESIAN_POINT('',(2.509320494793,-0.475417844504,6.586826411804
    ));
#950 = CARTESIAN_POINT('',(2.484514561779,-0.583686322823,6.547301908148
    ));
#951 = CARTESIAN_POINT('',(2.444392045117,-0.727619651409,6.481651871097
    ));
#952 = CARTESIAN_POINT('',(2.431789293312,-0.769354812393,6.460839238458
    ));
#953 = CARTESIAN_POINT('',(2.41862175397,-0.809917499805,6.438860394474)
  );
#954 = CARTESIAN_POINT('',(2.40496882815,-0.849297255406,6.41579327955)
  );
#955 = CARTESIAN_POINT('',(2.390908268417,-0.887487213374,6.391711726517
    ));
#956 = CARTESIAN_POINT('',(2.34292423519,-1.010836907815,6.308272753488)
  );
#957 = CARTESIAN_POINT('',(2.307521145016,-1.090701023239,6.244706021717
    ));
#958 = CARTESIAN_POINT('',(2.271196507914,-1.164224331193,6.176738731177
    ));
#959 = CARTESIAN_POINT('',(2.234738771379,-1.231583600283,6.104912073258
    ));
#960 = CARTESIAN_POINT('',(2.198883990255,-1.292931217359,6.029597358875
    ));
#961 = CARTESIAN_POINT('',(2.133077953708,-1.398563366564,5.879836578245
    ));
#962 = CARTESIAN_POINT('',(2.102859666176,-1.443954868701,5.805903413009
    ));
#963 = CARTESIAN_POINT('',(2.074304904826,-1.484478183049,5.729519466164
    ));
#964 = CARTESIAN_POINT('',(2.048009456655,-1.52009130165,5.650915200885)
  );
#965 = CARTESIAN_POINT('',(2.024550578886,-1.550725789892,5.57027499398)
  );
#966 = CARTESIAN_POINT('',(1.985404757264,-1.600505861834,5.409397561928
    ));
#967 = CARTESIAN_POINT('',(1.969368117223,-1.620174955126,5.329284934193
    ));
#968 = CARTESIAN_POINT('',(1.956916115649,-1.635042614685,5.247887888836
    ));
#969 = CARTESIAN_POINT('',(1.948461472719,-1.645004791248,5.165626300993
    ));
#970 = CARTESIAN_POINT('',(1.944222209522,-1.65,5.082876221447));
#971 = CARTESIAN_POINT('',(1.944222209522,-1.65,4.91736302337));
#972 = CARTESIAN_POINT('',(1.948437033185,-1.645033589071,4.834850557089
    ));
#973 = CARTESIAN_POINT('',(1.956843172355,-1.635128563813,4.752822409472
    ));
#974 = CARTESIAN_POINT('',(1.969225025379,-1.620345807984,4.671651879029
    ));
#975 = CARTESIAN_POINT('',(1.985174321209,-1.600788443703,4.591755516185
    ));
#976 = CARTESIAN_POINT('',(2.024046427768,-1.551377686892,4.431584235727
    ));
#977 = CARTESIAN_POINT('',(2.047293576253,-1.52103967697,4.351420151957)
  );
#978 = CARTESIAN_POINT('',(2.073351241094,-1.485784291007,4.273262153808
    ));
#979 = CARTESIAN_POINT('',(2.101653177154,-1.445679483759,4.197291801257
    ));
#980 = CARTESIAN_POINT('',(2.131614538963,-1.400767890818,4.123735518583
    ));
#981 = CARTESIAN_POINT('',(2.198021814539,-1.294471613094,3.972103213214
    ));
#982 = CARTESIAN_POINT('',(2.234825188192,-1.231602816084,3.894746594126
    ));
#983 = CARTESIAN_POINT('',(2.272269326934,-1.162403770756,3.821058570877
    ));
#984 = CARTESIAN_POINT('',(2.309559076046,-1.086708688017,3.751440481077
    ));
#985 = CARTESIAN_POINT('',(2.345840490788,-1.004325967377,3.686482803649
    ));
#986 = CARTESIAN_POINT('',(2.394038524478,-0.878964325578,3.602928962343
    ));
#987 = CARTESIAN_POINT('',(2.407607814633,-0.841705872514,3.579744292114
    ));
#988 = CARTESIAN_POINT('',(2.42078351661,-0.803327794338,3.557523650085)
  );
#989 = CARTESIAN_POINT('',(2.433494236773,-0.763837258633,3.536335234288
    ));
#990 = CARTESIAN_POINT('',(2.445667211511,-0.723244671432,3.516250740932
    ));
#991 = CARTESIAN_POINT('',(2.485156608361,-0.580874314824,3.451675381113
    ));
#992 = CARTESIAN_POINT('',(2.509732168165,-0.473049884045,3.412531070369
    ));
#993 = CARTESIAN_POINT('',(2.529439606665,-0.359422935867,3.381776218495
    ));
#994 = CARTESIAN_POINT('',(2.543090659097,-0.241560298236,3.360677786967
    ));
#995 = CARTESIAN_POINT('',(2.55,-0.121168999698,3.35));
#996 = CARTESIAN_POINT('',(2.55,-4.440892098501E-16,3.35));
#997 = PCURVE('',#113,#998);
#998 = DEFINITIONAL_REPRESENTATION('',(#999),#1052);
#999 = B_SPLINE_CURVE_WITH_KNOTS('',6,(#1000,#1001,#1002,#1003,#1004,
    #1005,#1006,#1007,#1008,#1009,#1010,#1011,#1012,#1013,#1014,#1015,
    #1016,#1017,#1018,#1019,#1020,#1021,#1022,#1023,#1024,#1025,#1026,
    #1027,#1028,#1029,#1030,#1031,#1032,#1033,#1034,#1035,#1036,#1037,
    #1038,#1039,#1040,#1041,#1042,#1043,#1044,#1045,#1046,#1047,#1048,
    #1049,#1050,#1051),.UNSPECIFIED.,.F.,.F.,(7,5,5,5,5,5,5,5,5,5,7),(0.
    ,0.120021287404,0.170972951788,0.289896991926,0.397683694502,
    0.499998013421,0.602016974153,0.709111965007,0.831165096749,
    0.880593972206,1.),.UNSPECIFIED.);
#1000 = CARTESIAN_POINT('',(0.,11.55));
#1001 = CARTESIAN_POINT('',(7.382174642959E-02,11.55));
#1002 = CARTESIAN_POINT('',(0.147163425643,11.543017832098));
#1003 = CARTESIAN_POINT('',(0.2196741878,11.529225104415));
#1004 = CARTESIAN_POINT('',(0.290980588415,11.509320494793));
#1005 = CARTESIAN_POINT('',(0.360621604152,11.484514561779));
#1006 = CARTESIAN_POINT('',(0.456499415974,11.444392045117));
#1007 = CARTESIAN_POINT('',(0.484747282113,11.431789293312));
#1008 = CARTESIAN_POINT('',(0.512683659269,11.41862175397));
#1009 = CARTESIAN_POINT('',(0.540320688483,11.40496882815));
#1010 = CARTESIAN_POINT('',(0.567669451836,11.390908268417));
#1011 = CARTESIAN_POINT('',(0.657924084664,11.34292423519));
#1012 = CARTESIAN_POINT('',(0.719601416568,11.307521145016));
#1013 = CARTESIAN_POINT('',(0.780042587197,11.271196507914));
#1014 = CARTESIAN_POINT('',(0.839502316006,11.234738771379));
#1015 = CARTESIAN_POINT('',(0.89823261614,11.198883990255));
#1016 = CARTESIAN_POINT('',(1.009302944973,11.133077953708));
#1017 = CARTESIAN_POINT('',(1.061775249778,11.102859666176));
#1018 = CARTESIAN_POINT('',(1.114026325051,11.074304904826));
#1019 = CARTESIAN_POINT('',(1.166174486514,11.048009456655));
#1020 = CARTESIAN_POINT('',(1.218351657105,11.024550578886));
#1021 = CARTESIAN_POINT('',(1.320414141264,10.985404757264));
#1022 = CARTESIAN_POINT('',(1.370321202205,10.969368117223));
#1023 = CARTESIAN_POINT('',(1.420332976307,10.956916115649));
#1024 = CARTESIAN_POINT('',(1.470416796141,10.948461472719));
#1025 = CARTESIAN_POINT('',(1.520568313797,10.944222209522));
#1026 = CARTESIAN_POINT('',(1.620879342934,10.944222209522));
#1027 = CARTESIAN_POINT('',(1.670886853347,10.948437033185));
#1028 = CARTESIAN_POINT('',(1.720827220768,10.956843172355));
#1029 = CARTESIAN_POINT('',(1.770695878711,10.969225025379));
#1030 = CARTESIAN_POINT('',(1.82046026344,10.985174321209));
#1031 = CARTESIAN_POINT('',(1.92204777627,11.024046427768));
#1032 = CARTESIAN_POINT('',(1.97389339397,11.047293576253));
#1033 = CARTESIAN_POINT('',(2.025708657665,11.073351241094));
#1034 = CARTESIAN_POINT('',(2.077622493734,11.101653177154));
#1035 = CARTESIAN_POINT('',(2.129750276338,11.131614538963));
#1036 = CARTESIAN_POINT('',(2.241979961278,11.198021814539));
#1037 = CARTESIAN_POINT('',(2.302240720228,11.234825188192));
#1038 = CARTESIAN_POINT('',(2.36326862715,11.272269326934));
#1039 = CARTESIAN_POINT('',(2.425335616454,11.309559076046));
#1040 = CARTESIAN_POINT('',(2.488716431315,11.345840490788));
#1041 = CARTESIAN_POINT('',(2.580022203497,11.394038524478));
#1042 = CARTESIAN_POINT('',(2.606605097481,11.407607814633));
#1043 = CARTESIAN_POINT('',(2.633461207815,11.42078351661));
#1044 = CARTESIAN_POINT('',(2.660600293815,11.433494236773));
#1045 = CARTESIAN_POINT('',(2.688033095859,11.445667211511));
#1046 = CARTESIAN_POINT('',(2.782778989715,11.485156608361));
#1047 = CARTESIAN_POINT('',(2.852091032923,11.509732168165));
#1048 = CARTESIAN_POINT('',(2.923047387649,11.529439606665));
#1049 = CARTESIAN_POINT('',(2.995192554367,11.543090659097));
#1050 = CARTESIAN_POINT('',(3.068156896197,11.55));
#1051 = CARTESIAN_POINT('',(3.14159265359,11.55));
#1052 = ( GEOMETRIC_REPRESENTATION_CONTEXT(2) 
PARAMETRIC_REPRESENTATION_CONTEXT() REPRESENTATION_CONTEXT('2D SPACE',''
  ) );
#1053 = PCURVE('',#901,#1054);
#1054 = DEFINITIONAL_REPRESENTATION('',(#1055),#1108);
#1055 = B_SPLINE_CURVE_WITH_KNOTS('',6,(#1056,#1057,#1058,#1059,#1060,
    #1061,#1062,#1063,#1064,#1065,#1066,#1067,#1068,#1069,#1070,#1071,
    #1072,#1073,#1074,#1075,#1076,#1077,#1078,#1079,#1080,#1081,#1082,
    #1083,#1084,#1085,#1086,#1087,#1088,#1089,#1090,#1091,#1092,#1093,
    #1094,#1095,#1096,#1097,#1098,#1099,#1100,#1101,#1102,#1103,#1104,
    #1105,#1106,#1107),.UNSPECIFIED.,.F.,.F.,(7,5,5,5,5,5,5,5,5,5,7),(0.
    ,0.120021287404,0.170972951788,0.289896991926,0.397683694502,
    0.499998013421,0.602016974153,0.709111965007,0.831165096749,
    0.880593972206,1.),.UNSPECIFIED.);
#1056 = CARTESIAN_POINT('',(-6.28318530718,-6.65));
#1057 = CARTESIAN_POINT('',(-6.235418294784,-6.65));
#1058 = CARTESIAN_POINT('',(-6.187961771777,-6.639209671336));
#1059 = CARTESIAN_POINT('',(-6.14131612746,-6.617892240766));
#1060 = CARTESIAN_POINT('',(-6.095974218082,-6.586826411804));
#1061 = CARTESIAN_POINT('',(-6.052463121296,-6.547301908148));
#1062 = CARTESIAN_POINT('',(-5.993866671468,-6.481651871097));
#1063 = CARTESIAN_POINT('',(-5.976773893376,-6.460839238458));
#1064 = CARTESIAN_POINT('',(-5.960055036376,-6.438860394474));
#1065 = CARTESIAN_POINT('',(-5.943714786416,-6.41579327955));
#1066 = CARTESIAN_POINT('',(-5.927758149373,-6.391711726517));
#1067 = CARTESIAN_POINT('',(-5.875854570707,-6.308272753488));
#1068 = CARTESIAN_POINT('',(-5.841632501287,-6.244706021717));
#1069 = CARTESIAN_POINT('',(-5.809511101897,-6.176738731177));
#1070 = CARTESIAN_POINT('',(-5.77950015887,-6.104912073258));
#1071 = CARTESIAN_POINT('',(-5.751645903706,-6.029597358875));
#1072 = CARTESIAN_POINT('',(-5.70284074866,-5.879836578245));
#1073 = CARTESIAN_POINT('',(-5.681466206384,-5.805903413009));
#1074 = CARTESIAN_POINT('',(-5.66203428216,-5.729519466164));
#1075 = CARTESIAN_POINT('',(-5.644678270954,-5.650915200885));
#1076 = CARTESIAN_POINT('',(-5.629548170278,-5.57027499398));
#1077 = CARTESIAN_POINT('',(-5.604713613012,-5.409397561928));
#1078 = CARTESIAN_POINT('',(-5.59476298989,-5.329284934193));
#1079 = CARTESIAN_POINT('',(-5.58715811606,-5.247887888836));
#1080 = CARTESIAN_POINT('',(-5.582034038685,-5.165626300993));
#1081 = CARTESIAN_POINT('',(-5.579464799096,-5.082876221447));
#1082 = CARTESIAN_POINT('',(-5.579464799096,-4.91736302337));
#1083 = CARTESIAN_POINT('',(-5.582019227067,-4.83485055709));
#1084 = CARTESIAN_POINT('',(-5.587113907169,-4.752822409472));
#1085 = CARTESIAN_POINT('',(-5.59467559873,-4.671651879029));
#1086 = CARTESIAN_POINT('',(-5.604570643988,-4.591755516185));
#1087 = CARTESIAN_POINT('',(-5.629225005322,-4.431584235727));
#1088 = CARTESIAN_POINT('',(-5.644212347801,-4.351420151957));
#1089 = CARTESIAN_POINT('',(-5.661400238633,-4.273262153808));
#1090 = CARTESIAN_POINT('',(-5.680641150354,-4.197291801257));
#1091 = CARTESIAN_POINT('',(-5.701803501399,-4.123735518583));
#1092 = CARTESIAN_POINT('',(-5.750954423411,-3.972103213214));
#1093 = CARTESIAN_POINT('',(-5.779510661399,-3.894746594126));
#1094 = CARTESIAN_POINT('',(-5.810338242719,-3.821058570877));
#1095 = CARTESIAN_POINT('',(-5.843387421198,-3.751440481077));
#1096 = CARTESIAN_POINT('',(-5.878648504732,-3.686482803649));
#1097 = CARTESIAN_POINT('',(-5.931318239778,-3.602928962343));
#1098 = CARTESIAN_POINT('',(-5.946865794248,-3.579744292114));
#1099 = CARTESIAN_POINT('',(-5.962774023487,-3.557523650085));
#1100 = CARTESIAN_POINT('',(-5.979038131357,-3.536335234288));
#1101 = CARTESIAN_POINT('',(-5.995653603896,-3.516250740932));
#1102 = CARTESIAN_POINT('',(-6.053593013185,-3.451675381113));
#1103 = CARTESIAN_POINT('',(-6.096914736602,-3.412531070369));
#1104 = CARTESIAN_POINT('',(-6.142042340733,-3.381776218495));
#1105 = CARTESIAN_POINT('',(-6.188455692427,-3.360677786967));
#1106 = CARTESIAN_POINT('',(-6.235668052396,-3.35));
#1107 = CARTESIAN_POINT('',(-6.28318530718,-3.35));
#1108 = ( GEOMETRIC_REPRESENTATION_CONTEXT(2) 
PARAMETRIC_REPRESENTATION_CONTEXT() REPRESENTATION_CONTEXT('2D SPACE',''
  ) );
#1109 = ORIENTED_EDGE('',*,*,#1110,.T.);
#1110 = EDGE_CURVE('',#941,#918,#1111,.T.);
#1111 = SURFACE_CURVE('',#1112,(#1165,#1221),.PCURVE_S1.);
#1112 = B_SPLINE_CURVE_WITH_KNOTS('',6,(#1113,#1114,#1115,#1116,#1117,
    #1118,#1119,#1120,#1121,#1122,#1123,#1124,#1125,#1126,#1127,#1128,
    #1129,#1130,#1131,#1132,#1133,#1134,#1135,#1136,#1137,#1138,#1139,
    #1140,#1141,#1142,#1143,#1144,#1145,#1146,#1147,#1148,#1149,#1150,
    #1151,#1152,#1153,#1154,#1155,#1156,#1157,#1158,#1159,#1160,#1161,
    #1162,#1163,#1164),.UNSPECIFIED.,.F.,.F.,(7,5,5,5,5,5,5,5,5,5,7),(0.
    ,0.120021257782,0.170972917556,0.289896964065,0.397683672414,
    0.499997996813,0.60201696301,0.7091119596,0.831165086091,
    0.880593964718,1.),.UNSPECIFIED.);
#1113 = CARTESIAN_POINT('',(2.55,-1.010333609297E-16,3.35));
#1114 = CARTESIAN_POINT('',(2.55,0.121805881609,3.35));
#1115 = CARTESIAN_POINT('',(2.543017832098,0.24281979037,3.360790328664)
  );
#1116 = CARTESIAN_POINT('',(2.529225104415,0.361266996557,3.382107759234
    ));
#1117 = CARTESIAN_POINT('',(2.509320494793,0.475417844504,3.413173588196
    ));
#1118 = CARTESIAN_POINT('',(2.484514561779,0.583686322823,3.452698091852
    ));
#1119 = CARTESIAN_POINT('',(2.444392043248,0.727619658115,3.518348131961
    ));
#1120 = CARTESIAN_POINT('',(2.431789293926,0.769354811358,3.539160760422
    ));
#1121 = CARTESIAN_POINT('',(2.418621755952,0.809917493816,3.561139602175
    ));
#1122 = CARTESIAN_POINT('',(2.404968828602,0.849297253269,3.584206719766
    ));
#1123 = CARTESIAN_POINT('',(2.390908266344,0.887487218703,3.608288277088
    ));
#1124 = CARTESIAN_POINT('',(2.34292423519,1.010836907815,3.691727246512)
  );
#1125 = CARTESIAN_POINT('',(2.307521145016,1.090701023239,3.755293978283
    ));
#1126 = CARTESIAN_POINT('',(2.271196507914,1.164224331193,3.823261268823
    ));
#1127 = CARTESIAN_POINT('',(2.234738771379,1.231583600283,3.895087926742
    ));
#1128 = CARTESIAN_POINT('',(2.198883990255,1.292931217359,3.970402641125
    ));
#1129 = CARTESIAN_POINT('',(2.133077953708,1.398563366564,4.120163421755
    ));
#1130 = CARTESIAN_POINT('',(2.102859666176,1.443954868701,4.194096586991
    ));
#1131 = CARTESIAN_POINT('',(2.074304904826,1.484478183049,4.270480533836
    ));
#1132 = CARTESIAN_POINT('',(2.048009456655,1.52009130165,4.349084799115)
  );
#1133 = CARTESIAN_POINT('',(2.024550578886,1.550725789892,4.42972500602)
  );
#1134 = CARTESIAN_POINT('',(1.985404757264,1.600505861834,4.590602438072
    ));
#1135 = CARTESIAN_POINT('',(1.969368117223,1.620174955126,4.670715065807
    ));
#1136 = CARTESIAN_POINT('',(1.956916115649,1.635042614685,4.752112111164
    ));
#1137 = CARTESIAN_POINT('',(1.948461472719,1.645004791248,4.834373699007
    ));
#1138 = CARTESIAN_POINT('',(1.944222209522,1.65,4.917123778553));
#1139 = CARTESIAN_POINT('',(1.944222209522,1.65,5.08263697663));
#1140 = CARTESIAN_POINT('',(1.948437033185,1.645033589071,5.165149442911
    ));
#1141 = CARTESIAN_POINT('',(1.956843172355,1.635128563812,5.247177590528
    ));
#1142 = CARTESIAN_POINT('',(1.969225025379,1.620345807984,5.328348120971
    ));
#1143 = CARTESIAN_POINT('',(1.985174321209,1.600788443703,5.408244483815
    ));
#1144 = CARTESIAN_POINT('',(2.024046427768,1.551377686892,5.568415764273
    ));
#1145 = CARTESIAN_POINT('',(2.047293576253,1.52103967697,5.648579848043)
  );
#1146 = CARTESIAN_POINT('',(2.073351241094,1.485784291007,5.726737846192
    ));
#1147 = CARTESIAN_POINT('',(2.101653177154,1.445679483759,5.802708198743
    ));
#1148 = CARTESIAN_POINT('',(2.131614538963,1.400767890818,5.876264481417
    ));
#1149 = CARTESIAN_POINT('',(2.198021811123,1.294471618562,6.027896778986
    ));
#1150 = CARTESIAN_POINT('',(2.234825193917,1.231602804586,6.105253417521
    ));
#1151 = CARTESIAN_POINT('',(2.272269326776,1.162403772734,6.178941429717
    ));
#1152 = CARTESIAN_POINT('',(2.309559070233,1.086708700468,6.248559507528
    ));
#1153 = CARTESIAN_POINT('',(2.345840494509,1.004325957701,6.3135172028)
  );
#1154 = CARTESIAN_POINT('',(2.39403852446,0.878964325625,6.397071037626)
  );
#1155 = CARTESIAN_POINT('',(2.407607814637,0.841705872495,6.420255707892
    ));
#1156 = CARTESIAN_POINT('',(2.420783516628,0.803327794285,6.442476349945
    ));
#1157 = CARTESIAN_POINT('',(2.433494236778,0.763837258624,6.463664765722
    ));
#1158 = CARTESIAN_POINT('',(2.445667211494,0.723244671491,6.483749259042
    ));
#1159 = CARTESIAN_POINT('',(2.485156608361,0.580874314824,6.548324618887
    ));
#1160 = CARTESIAN_POINT('',(2.509732168165,0.473049884045,6.587468929631
    ));
#1161 = CARTESIAN_POINT('',(2.529439606665,0.359422935867,6.618223781505
    ));
#1162 = CARTESIAN_POINT('',(2.543090659097,0.241560298236,6.639322213033
    ));
#1163 = CARTESIAN_POINT('',(2.55,0.121168999698,6.65));
#1164 = CARTESIAN_POINT('',(2.55,2.020667218593E-16,6.65));
#1165 = PCURVE('',#113,#1166);
#1166 = DEFINITIONAL_REPRESENTATION('',(#1167),#1220);
#1167 = B_SPLINE_CURVE_WITH_KNOTS('',6,(#1168,#1169,#1170,#1171,#1172,
    #1173,#1174,#1175,#1176,#1177,#1178,#1179,#1180,#1181,#1182,#1183,
    #1184,#1185,#1186,#1187,#1188,#1189,#1190,#1191,#1192,#1193,#1194,
    #1195,#1196,#1197,#1198,#1199,#1200,#1201,#1202,#1203,#1204,#1205,
    #1206,#1207,#1208,#1209,#1210,#1211,#1212,#1213,#1214,#1215,#1216,
    #1217,#1218,#1219),.UNSPECIFIED.,.F.,.F.,(7,5,5,5,5,5,5,5,5,5,7),(0.
    ,0.120021257782,0.170972917556,0.289896964065,0.397683672414,
    0.499997996813,0.60201696301,0.7091119596,0.831165086091,
    0.880593964718,1.),.UNSPECIFIED.);
#1168 = CARTESIAN_POINT('',(3.14159265359,11.55));
#1169 = CARTESIAN_POINT('',(3.215414400019,11.55));
#1170 = CARTESIAN_POINT('',(3.288756079233,11.543017832098));
#1171 = CARTESIAN_POINT('',(3.36126684139,11.529225104415));
#1172 = CARTESIAN_POINT('',(3.432573242005,11.509320494793));
#1173 = CARTESIAN_POINT('',(3.502214257741,11.484514561779));
#1174 = CARTESIAN_POINT('',(3.598092074031,11.444392043248));
#1175 = CARTESIAN_POINT('',(3.626339934822,11.431789293926));
#1176 = CARTESIAN_POINT('',(3.654276308687,11.418621755952));
#1177 = CARTESIAN_POINT('',(3.681913340737,11.404968828602));
#1178 = CARTESIAN_POINT('',(3.709262109324,11.390908266344));
#1179 = CARTESIAN_POINT('',(3.799516738254,11.34292423519));
#1180 = CARTESIAN_POINT('',(3.861194070158,11.307521145016));
#1181 = CARTESIAN_POINT('',(3.921635240787,11.271196507914));
#1182 = CARTESIAN_POINT('',(3.981094969596,11.234738771379));
#1183 = CARTESIAN_POINT('',(4.03982526973,11.198883990255));
#1184 = CARTESIAN_POINT('',(4.150895598562,11.133077953708));
#1185 = CARTESIAN_POINT('',(4.203367903368,11.102859666176));
#1186 = CARTESIAN_POINT('',(4.25561897864,11.074304904826));
#1187 = CARTESIAN_POINT('',(4.307767140104,11.048009456655));
#1188 = CARTESIAN_POINT('',(4.359944310695,11.024550578886));
#1189 = CARTESIAN_POINT('',(4.462006794854,10.985404757264));
#1190 = CARTESIAN_POINT('',(4.511913855795,10.969368117223));
#1191 = CARTESIAN_POINT('',(4.561925629897,10.956916115649));
#1192 = CARTESIAN_POINT('',(4.612009449731,10.948461472719));
#1193 = CARTESIAN_POINT('',(4.662160967387,10.944222209522));
#1194 = CARTESIAN_POINT('',(4.762471996524,10.944222209522));
#1195 = CARTESIAN_POINT('',(4.812479506937,10.948437033185));
#1196 = CARTESIAN_POINT('',(4.862419874358,10.956843172355));
#1197 = CARTESIAN_POINT('',(4.912288532301,10.969225025379));
#1198 = CARTESIAN_POINT('',(4.96205291703,10.985174321209));
#1199 = CARTESIAN_POINT('',(5.06364042986,11.024046427768));
#1200 = CARTESIAN_POINT('',(5.115486047559,11.047293576253));
#1201 = CARTESIAN_POINT('',(5.167301311255,11.073351241094));
#1202 = CARTESIAN_POINT('',(5.219215147324,11.101653177154));
#1203 = CARTESIAN_POINT('',(5.271342929928,11.131614538963));
#1204 = CARTESIAN_POINT('',(5.383572609094,11.198021811123));
#1205 = CARTESIAN_POINT('',(5.443833383882,11.234825193917));
#1206 = CARTESIAN_POINT('',(5.504861280124,11.272269326776));
#1207 = CARTESIAN_POINT('',(5.566928259669,11.309559070233));
#1208 = CARTESIAN_POINT('',(5.630309091953,11.345840494509));
#1209 = CARTESIAN_POINT('',(5.721614857052,11.39403852446));
#1210 = CARTESIAN_POINT('',(5.748197751083,11.407607814637));
#1211 = CARTESIAN_POINT('',(5.775053861442,11.420783516628));
#1212 = CARTESIAN_POINT('',(5.802192947413,11.433494236778));
#1213 = CARTESIAN_POINT('',(5.829625749409,11.445667211494));
#1214 = CARTESIAN_POINT('',(5.924371643305,11.485156608361));
#1215 = CARTESIAN_POINT('',(5.993683686512,11.509732168165));
#1216 = CARTESIAN_POINT('',(6.064640041238,11.529439606665));
#1217 = CARTESIAN_POINT('',(6.136785207957,11.543090659097));
#1218 = CARTESIAN_POINT('',(6.209749549787,11.55));
#1219 = CARTESIAN_POINT('',(6.28318530718,11.55));
#1220 = ( GEOMETRIC_REPRESENTATION_CONTEXT(2) 
PARAMETRIC_REPRESENTATION_CONTEXT() REPRESENTATION_CONTEXT('2D SPACE',''
  ) );
#1221 = PCURVE('',#901,#1222);
#1222 = DEFINITIONAL_REPRESENTATION('',(#1223),#1276);
#1223 = B_SPLINE_CURVE_WITH_KNOTS('',6,(#1224,#1225,#1226,#1227,#1228,
    #1229,#1230,#1231,#1232,#1233,#1234,#1235,#1236,#1237,#1238,#1239,
    #1240,#1241,#1242,#1243,#1244,#1245,#1246,#1247,#1248,#1249,#1250,
    #1251,#1252,#1253,#1254,#1255,#1256,#1257,#1258,#1259,#1260,#1261,
    #1262,#1263,#1264,#1265,#1266,#1267,#1268,#1269,#1270,#1271,#1272,
    #1273,#1274,#1275),.UNSPECIFIED.,.F.,.F.,(7,5,5,5,5,5,5,5,5,5,7),(0.
    ,0.120021257782,0.170972917556,0.289896964065,0.397683672414,
    0.499997996813,0.60201696301,0.7091119596,0.831165086091,
    0.880593964718,1.),.UNSPECIFIED.);
#1224 = CARTESIAN_POINT('',(0.,-3.35));
#1225 = CARTESIAN_POINT('',(-4.776701239561E-02,-3.35));
#1226 = CARTESIAN_POINT('',(-9.52235354028E-02,-3.360790328664));
#1227 = CARTESIAN_POINT('',(-0.14186917972,-3.382107759234));
#1228 = CARTESIAN_POINT('',(-0.187211089098,-3.413173588196));
#1229 = CARTESIAN_POINT('',(-0.230722185883,-3.452698091852));
#1230 = CARTESIAN_POINT('',(-0.289318638442,-3.518348131961));
#1231 = CARTESIAN_POINT('',(-0.306411413342,-3.539160760422));
#1232 = CARTESIAN_POINT('',(-0.323130268327,-3.561139602175));
#1233 = CARTESIAN_POINT('',(-0.339470519912,-3.584206719766));
#1234 = CARTESIAN_POINT('',(-0.355427160048,-3.608288277088));
#1235 = CARTESIAN_POINT('',(-0.407330736473,-3.691727246512));
#1236 = CARTESIAN_POINT('',(-0.441552805893,-3.755293978283));
#1237 = CARTESIAN_POINT('',(-0.473674205282,-3.823261268823));
#1238 = CARTESIAN_POINT('',(-0.503685148309,-3.895087926742));
#1239 = CARTESIAN_POINT('',(-0.531539403474,-3.970402641125));
#1240 = CARTESIAN_POINT('',(-0.58034455852,-4.120163421755));
#1241 = CARTESIAN_POINT('',(-0.601719100796,-4.194096586991));
#1242 = CARTESIAN_POINT('',(-0.62115102502,-4.270480533836));
#1243 = CARTESIAN_POINT('',(-0.638507036226,-4.349084799115));
#1244 = CARTESIAN_POINT('',(-0.653637136901,-4.42972500602));
#1245 = CARTESIAN_POINT('',(-0.678471694167,-4.590602438072));
#1246 = CARTESIAN_POINT('',(-0.68842231729,-4.670715065807));
#1247 = CARTESIAN_POINT('',(-0.696027191119,-4.752112111164));
#1248 = CARTESIAN_POINT('',(-0.701151268495,-4.834373699007));
#1249 = CARTESIAN_POINT('',(-0.703720508083,-4.917123778553));
#1250 = CARTESIAN_POINT('',(-0.703720508083,-5.08263697663));
#1251 = CARTESIAN_POINT('',(-0.701166080112,-5.165149442911));
#1252 = CARTESIAN_POINT('',(-0.696071400011,-5.247177590528));
#1253 = CARTESIAN_POINT('',(-0.68850970845,-5.328348120971));
#1254 = CARTESIAN_POINT('',(-0.678614663191,-5.408244483815));
#1255 = CARTESIAN_POINT('',(-0.653960301857,-5.568415764273));
#1256 = CARTESIAN_POINT('',(-0.638972959378,-5.648579848043));
#1257 = CARTESIAN_POINT('',(-0.621785068547,-5.726737846192));
#1258 = CARTESIAN_POINT('',(-0.602544156825,-5.802708198743));
#1259 = CARTESIAN_POINT('',(-0.58138180578,-5.876264481417));
#1260 = CARTESIAN_POINT('',(-0.532230886297,-6.027896778986));
#1261 = CARTESIAN_POINT('',(-0.503674640724,-6.105253417521));
#1262 = CARTESIAN_POINT('',(-0.472847065186,-6.178941429717));
#1263 = CARTESIAN_POINT('',(-0.439797891389,-6.248559507528));
#1264 = CARTESIAN_POINT('',(-0.404536798382,-6.3135172028));
#1265 = CARTESIAN_POINT('',(-0.351867067421,-6.397071037626));
#1266 = CARTESIAN_POINT('',(-0.336319512925,-6.420255707892));
#1267 = CARTESIAN_POINT('',(-0.320411283671,-6.442476349945));
#1268 = CARTESIAN_POINT('',(-0.304147175818,-6.463664765722));
#1269 = CARTESIAN_POINT('',(-0.287531703307,-6.483749259042));
#1270 = CARTESIAN_POINT('',(-0.229592293995,-6.548324618887));
#1271 = CARTESIAN_POINT('',(-0.186270570577,-6.587468929631));
#1272 = CARTESIAN_POINT('',(-0.141142966447,-6.618223781505));
#1273 = CARTESIAN_POINT('',(-9.472961475282E-02,-6.639322213033));
#1274 = CARTESIAN_POINT('',(-4.751725478366E-02,-6.65));
#1275 = CARTESIAN_POINT('',(0.,-6.65));
#1276 = ( GEOMETRIC_REPRESENTATION_CONTEXT(2) 
PARAMETRIC_REPRESENTATION_CONTEXT() REPRESENTATION_CONTEXT('2D SPACE',''
  ) );
#1277 = ORIENTED_EDGE('',*,*,#917,.T.);
#1278 = ORIENTED_EDGE('',*,*,#51,.F.);
#1279 = ADVANCED_FACE('',(#1280,#1283),#186,.T.);
#1280 = FACE_BOUND('',#1281,.T.);
#1281 = EDGE_LOOP('',(#1282));
#1282 = ORIENTED_EDGE('',*,*,#171,.T.);
#1283 = FACE_BOUND('',#1284,.T.);
#1284 = EDGE_LOOP('',(#1285));
#1285 = ORIENTED_EDGE('',*,*,#1286,.T.);
#1286 = EDGE_CURVE('',#1287,#1287,#1289,.T.);
#1287 = VERTEX_POINT('',#1288);
#1288 = CARTESIAN_POINT('',(2.55,0.,18.));
#1289 = SURFACE_CURVE('',#1290,(#1295,#1306),.PCURVE_S1.);
#1290 = CIRCLE('',#1291,2.55);
#1291 = AXIS2_PLACEMENT_3D('',#1292,#1293,#1294);
#1292 = CARTESIAN_POINT('',(0.,0.,18.));
#1293 = DIRECTION('',(0.,0.,-1.));
#1294 = DIRECTION('',(1.,0.,0.));
#1295 = PCURVE('',#186,#1296);
#1296 = DEFINITIONAL_REPRESENTATION('',(#1297),#1305);
#1297 = ( BOUNDED_CURVE() B_SPLINE_CURVE(2,(#1298,#1299,#1300,#1301,
#1302,#1303,#1304),.UNSPECIFIED.,.T.,.F.) B_SPLINE_CURVE_WITH_KNOTS((1,2
    ,2,2,2,1),(-2.094395102393,0.,2.094395102393,4.188790204786,
6.28318530718,8.377580409573),.UNSPECIFIED.) CURVE() 
GEOMETRIC_REPRESENTATION_ITEM() RATIONAL_B_SPLINE_CURVE((1.,0.5,1.,0.5,
1.,0.5,1.)) REPRESENTATION_ITEM('') );
#1298 = CARTESIAN_POINT('',(2.55,-6.990076196319E-16));
#1299 = CARTESIAN_POINT('',(2.55,-4.416729559301));
#1300 = CARTESIAN_POINT('',(-1.275,-2.20836477965));
#1301 = CARTESIAN_POINT('',(-5.1,-1.323577487197E-15));
#1302 = CARTESIAN_POINT('',(-1.275,2.20836477965));
#1303 = CARTESIAN_POINT('',(2.55,4.416729559301));
#1304 = CARTESIAN_POINT('',(2.55,-6.990076196319E-16));
#1305 = ( GEOMETRIC_REPRESENTATION_CONTEXT(2) 
PARAMETRIC_REPRESENTATION_CONTEXT() REPRESENTATION_CONTEXT('2D SPACE',''
  ) );
#1306 = PCURVE('',#901,#1307);
#1307 = DEFINITIONAL_REPRESENTATION('',(#1308),#1312);
#1308 = LINE('',#1309,#1310);
#1309 = CARTESIAN_POINT('',(-6.28318530718,-18.));
#1310 = VECTOR('',#1311,1.);
#1311 = DIRECTION('',(1.,-0.));
#1312 = ( GEOMETRIC_REPRESENTATION_CONTEXT(2) 
PARAMETRIC_REPRESENTATION_CONTEXT() REPRESENTATION_CONTEXT('2D SPACE',''
  ) );
#1313 = ADVANCED_FACE('',(#1314),#445,.F.);
#1314 = FACE_BOUND('',#1315,.F.);
#1315 = EDGE_LOOP('',(#1316,#1317,#1340,#1658));
#1316 = ORIENTED_EDGE('',*,*,#319,.F.);
#1317 = ORIENTED_EDGE('',*,*,#1318,.F.);
#1318 = EDGE_CURVE('',#1319,#320,#1321,.T.);
#1319 = VERTEX_POINT('',#1320);
#1320 = CARTESIAN_POINT('',(-4.041334437186E-16,2.55,14.65));
#1321 = SEAM_CURVE('',#1322,(#1326,#1333),.PCURVE_S1.);
#1322 = LINE('',#1323,#1324);
#1323 = CARTESIAN_POINT('',(-4.041334437186E-16,-9.,14.65));
#1324 = VECTOR('',#1325,1.);
#1325 = DIRECTION('',(0.,1.,0.));
#1326 = PCURVE('',#445,#1327);
#1327 = DEFINITIONAL_REPRESENTATION('',(#1328),#1332);
#1328 = LINE('',#1329,#1330);
#1329 = CARTESIAN_POINT('',(6.28318530718,-0.));
#1330 = VECTOR('',#1331,1.);
#1331 = DIRECTION('',(0.,1.));
#1332 = ( GEOMETRIC_REPRESENTATION_CONTEXT(2) 
PARAMETRIC_REPRESENTATION_CONTEXT() REPRESENTATION_CONTEXT('2D SPACE',''
  ) );
#1333 = PCURVE('',#445,#1334);
#1334 = DEFINITIONAL_REPRESENTATION('',(#1335),#1339);
#1335 = LINE('',#1336,#1337);
#1336 = CARTESIAN_POINT('',(0.,-0.));
#1337 = VECTOR('',#1338,1.);
#1338 = DIRECTION('',(0.,1.));
#1339 = ( GEOMETRIC_REPRESENTATION_CONTEXT(2) 
PARAMETRIC_REPRESENTATION_CONTEXT() REPRESENTATION_CONTEXT('2D SPACE',''
  ) );
#1340 = ORIENTED_EDGE('',*,*,#1341,.T.);
#1341 = EDGE_CURVE('',#1319,#1319,#1342,.T.);
#1342 = SURFACE_CURVE('',#1343,(#1446,#1552),.PCURVE_S1.);
#1343 = B_SPLINE_CURVE_WITH_KNOTS('',6,(#1344,#1345,#1346,#1347,#1348,
    #1349,#1350,#1351,#1352,#1353,#1354,#1355,#1356,#1357,#1358,#1359,
    #1360,#1361,#1362,#1363,#1364,#1365,#1366,#1367,#1368,#1369,#1370,
    #1371,#1372,#1373,#1374,#1375,#1376,#1377,#1378,#1379,#1380,#1381,
    #1382,#1383,#1384,#1385,#1386,#1387,#1388,#1389,#1390,#1391,#1392,
    #1393,#1394,#1395,#1396,#1397,#1398,#1399,#1400,#1401,#1402,#1403,
    #1404,#1405,#1406,#1407,#1408,#1409,#1410,#1411,#1412,#1413,#1414,
    #1415,#1416,#1417,#1418,#1419,#1420,#1421,#1422,#1423,#1424,#1425,
    #1426,#1427,#1428,#1429,#1430,#1431,#1432,#1433,#1434,#1435,#1436,
    #1437,#1438,#1439,#1440,#1441,#1442,#1443,#1444,#1445),
  .UNSPECIFIED.,.T.,.F.,(7,5,5,5,5,5,5,5,5,5,5,5,5,5,5,5,5,5,5,5,7),(0.,
    6.008666753356E-02,8.559477350616E-02,0.14513211651,0.199093741415,
    0.250315708206,0.300491202276,0.356037726962,0.416106806994,
    0.463043834939,0.525674102321,0.560071473702,0.585669086618,
    0.646213614729,0.699921799663,0.750406111872,0.801332528714,
    0.854792827728,0.91572001243,0.94039420558,1.),.UNSPECIFIED.);
#1344 = CARTESIAN_POINT('',(-2.22044604925E-16,2.55,14.65));
#1345 = CARTESIAN_POINT('',(0.121805881609,2.55,14.65));
#1346 = CARTESIAN_POINT('',(0.24281979037,2.543017832098,14.639209671336
    ));
#1347 = CARTESIAN_POINT('',(0.361266996557,2.529225104415,
    14.617892240766));
#1348 = CARTESIAN_POINT('',(0.475417844504,2.509320494793,
    14.586826411804));
#1349 = CARTESIAN_POINT('',(0.583686322823,2.484514561779,
    14.547301908148));
#1350 = CARTESIAN_POINT('',(0.727619651409,2.444392045117,
    14.481651871097));
#1351 = CARTESIAN_POINT('',(0.769354812393,2.431789293312,
    14.460839238458));
#1352 = CARTESIAN_POINT('',(0.809917499805,2.41862175397,14.438860394474
    ));
#1353 = CARTESIAN_POINT('',(0.849297255406,2.40496882815,14.41579327955)
  );
#1354 = CARTESIAN_POINT('',(0.887487213374,2.390908268417,
    14.391711726517));
#1355 = CARTESIAN_POINT('',(1.010836899288,2.342924238507,
    14.308272759255));
#1356 = CARTESIAN_POINT('',(1.090701034238,2.307521139849,
    14.244706011588));
#1357 = CARTESIAN_POINT('',(1.164224332914,2.271196507767,
    14.176738731673));
#1358 = CARTESIAN_POINT('',(1.231583590113,2.234738776464,
    14.104912083596));
#1359 = CARTESIAN_POINT('',(1.292931222225,2.198883987223,
    14.029597351976));
#1360 = CARTESIAN_POINT('',(1.398563366564,2.133077953708,
    13.879836578245));
#1361 = CARTESIAN_POINT('',(1.443954868701,2.102859666176,
    13.805903413009));
#1362 = CARTESIAN_POINT('',(1.48447818305,2.074304904826,13.729519466164
    ));
#1363 = CARTESIAN_POINT('',(1.52009130165,2.048009456655,13.650915200885
    ));
#1364 = CARTESIAN_POINT('',(1.550725789892,2.024550578886,13.57027499398
    ));
#1365 = CARTESIAN_POINT('',(1.600505861834,1.985404757264,
    13.409397561928));
#1366 = CARTESIAN_POINT('',(1.620174955126,1.969368117223,
    13.329284934193));
#1367 = CARTESIAN_POINT('',(1.635042614684,1.956916115649,
    13.247887888836));
#1368 = CARTESIAN_POINT('',(1.645004791248,1.948461472719,
    13.165626300993));
#1369 = CARTESIAN_POINT('',(1.65,1.944222209522,13.082876221447));
#1370 = CARTESIAN_POINT('',(1.65,1.944222209522,12.918816952604));
#1371 = CARTESIAN_POINT('',(1.64520680794,1.948290029356,12.837748693158
    ));
#1372 = CARTESIAN_POINT('',(1.63564560684,1.956404368632,12.757139823601
    ));
#1373 = CARTESIAN_POINT('',(1.621373702178,1.968363913263,
    12.677347208111));
#1374 = CARTESIAN_POINT('',(1.602488696622,1.98378668079,12.598767608439
    ));
#1375 = CARTESIAN_POINT('',(1.553422990563,2.022487336534,
    12.436714161486));
#1376 = CARTESIAN_POINT('',(1.52223304705,2.046443016372,12.353561302683
    ));
#1377 = CARTESIAN_POINT('',(1.485763127763,2.073435534502,
    12.272552894229));
#1378 = CARTESIAN_POINT('',(1.444088314199,2.102835364591,
    12.193890258298));
#1379 = CARTESIAN_POINT('',(1.397254560973,2.133991391639,
    12.117826454326));
#1380 = CARTESIAN_POINT('',(1.289126269201,2.201142150158,
    11.965558977589));
#1381 = CARTESIAN_POINT('',(1.226900839383,2.237363061403,
    11.889758601794));
#1382 = CARTESIAN_POINT('',(1.158549527355,2.274164379261,
    11.817522960579));
#1383 = CARTESIAN_POINT('',(1.083913790713,2.310788630886,11.74923967936
    ));
#1384 = CARTESIAN_POINT('',(1.002812627506,2.346422327505,
    11.685474158918));
#1385 = CARTESIAN_POINT('',(0.84656136015,2.406496555475,11.581332306521
    ));
#1386 = CARTESIAN_POINT('',(0.773864013214,2.43172834748,11.53880873108)
  );
#1387 = CARTESIAN_POINT('',(0.69711930604,2.455314231949,11.499978691631
    ));
#1388 = CARTESIAN_POINT('',(0.616490656541,2.476723163946,
    11.465374352728));
#1389 = CARTESIAN_POINT('',(0.532195294864,2.495435515853,
    11.435532306047));
#1390 = CARTESIAN_POINT('',(0.327499901754,2.531672069315,11.37827074454
    ));
#1391 = CARTESIAN_POINT('',(0.204205606234,2.546750773877,
    11.354928386217));
#1392 = CARTESIAN_POINT('',(7.710286178083E-02,2.554645389682,
    11.342882565108));
#1393 = CARTESIAN_POINT('',(-5.109329748857E-02,2.554585120341,
    11.342930218951));
#1394 = CARTESIAN_POINT('',(-0.177623515038,2.546783635746,
    11.35488362881));
#1395 = CARTESIAN_POINT('',(-0.367029506737,2.524353625305,
    11.389890682596));
#1396 = CARTESIAN_POINT('',(-0.432814947748,2.514396649952,
    11.405498023855));
#1397 = CARTESIAN_POINT('',(-0.497009580111,2.502595490775,
    11.424116200229));
#1398 = CARTESIAN_POINT('',(-0.559399651772,2.489145215434,
    11.445531061613));
#1399 = CARTESIAN_POINT('',(-0.619789498179,2.474269117377,
    11.46949736476));
#1400 = CARTESIAN_POINT('',(-0.721325083146,2.446264425359,
    11.515261595107));
#1401 = CARTESIAN_POINT('',(-0.763475905081,2.433652803351,
    11.536061113613));
#1402 = CARTESIAN_POINT('',(-0.804440834512,2.420460925309,
    11.558050183236));
#1403 = CARTESIAN_POINT('',(-0.844208327157,2.406770003667,
    11.58114879427));
#1404 = CARTESIAN_POINT('',(-0.882770577406,2.392659650596,
    11.605281011519));
#1405 = CARTESIAN_POINT('',(-1.008472232302,2.344025950392,
    11.689728248385));
#1406 = CARTESIAN_POINT('',(-1.090068354242,2.307928239313,
    11.754470409876));
#1407 = CARTESIAN_POINT('',(-1.16506618879,2.27086146146,11.823796011972
    ));
#1408 = CARTESIAN_POINT('',(-1.233653264053,2.23366226314,
    11.897129780951));
#1409 = CARTESIAN_POINT('',(-1.295991179881,2.197110674044,
    11.974080156327));
#1410 = CARTESIAN_POINT('',(-1.401979869423,2.13082280145,
    12.125637056001));
#1411 = CARTESIAN_POINT('',(-1.446993194759,2.10075411516,
    12.199594365758));
#1412 = CARTESIAN_POINT('',(-1.487154194666,2.072371186544,
    12.275984811689));
#1413 = CARTESIAN_POINT('',(-1.522418505115,2.046267758791,
    12.35457799354));
#1414 = CARTESIAN_POINT('',(-1.552716469046,2.023017981992,
    12.435189176771));
#1415 = CARTESIAN_POINT('',(-1.601630012033,1.984487724699,
    12.595210347161));
#1416 = CARTESIAN_POINT('',(-1.620854695606,1.968798765846,
    12.674458459397));
#1417 = CARTESIAN_POINT('',(-1.635384662166,1.9566258262,12.754950672004
    ));
#1418 = CARTESIAN_POINT('',(-1.645119442474,1.948364173089,
    12.836279822187));
#1419 = CARTESIAN_POINT('',(-1.65,1.944222209522,12.9180804151));
#1420 = CARTESIAN_POINT('',(-1.65,1.944222209522,13.08263697663));
#1421 = CARTESIAN_POINT('',(-1.645033589071,1.948437033185,
    13.165149442911));
#1422 = CARTESIAN_POINT('',(-1.635128563813,1.956843172355,
    13.247177590528));
#1423 = CARTESIAN_POINT('',(-1.620345807984,1.969225025379,
    13.328348120971));
#1424 = CARTESIAN_POINT('',(-1.600788443703,1.985174321209,
    13.408244483815));
#1425 = CARTESIAN_POINT('',(-1.551377686892,2.024046427768,
    13.568415764273));
#1426 = CARTESIAN_POINT('',(-1.52103967697,2.047293576253,
    13.648579848044));
#1427 = CARTESIAN_POINT('',(-1.485784291007,2.073351241094,
    13.726737846192));
#1428 = CARTESIAN_POINT('',(-1.445679483759,2.101653177154,
    13.802708198743));
#1429 = CARTESIAN_POINT('',(-1.400767890818,2.131614538963,
    13.876264481417));
#1430 = CARTESIAN_POINT('',(-1.294471618562,2.198021811123,
    14.027896778985));
#1431 = CARTESIAN_POINT('',(-1.231602804586,2.234825193918,
    14.105253417521));
#1432 = CARTESIAN_POINT('',(-1.162403772734,2.272269326776,
    14.178941429717));
#1433 = CARTESIAN_POINT('',(-1.086708700468,2.309559070233,
    14.248559507528));
#1434 = CARTESIAN_POINT('',(-1.004325957701,2.345840494509,14.3135172028
    ));
#1435 = CARTESIAN_POINT('',(-0.878964325626,2.39403852446,
    14.397071037626));
#1436 = CARTESIAN_POINT('',(-0.841705872495,2.407607814637,
    14.420255707892));
#1437 = CARTESIAN_POINT('',(-0.803327794285,2.420783516628,
    14.442476349945));
#1438 = CARTESIAN_POINT('',(-0.763837258624,2.433494236779,
    14.463664765722));
#1439 = CARTESIAN_POINT('',(-0.723244671492,2.445667211494,
    14.483749259041));
#1440 = CARTESIAN_POINT('',(-0.580874314824,2.485156608361,
    14.548324618887));
#1441 = CARTESIAN_POINT('',(-0.473049884045,2.509732168165,
    14.587468929631));
#1442 = CARTESIAN_POINT('',(-0.359422935867,2.529439606665,
    14.618223781506));
#1443 = CARTESIAN_POINT('',(-0.241560298236,2.543090659097,
    14.639322213033));
#1444 = CARTESIAN_POINT('',(-0.121168999698,2.55,14.65));
#1445 = CARTESIAN_POINT('',(-2.22044604925E-16,2.55,14.65));
#1446 = PCURVE('',#445,#1447);
#1447 = DEFINITIONAL_REPRESENTATION('',(#1448),#1551);
#1448 = B_SPLINE_CURVE_WITH_KNOTS('',6,(#1449,#1450,#1451,#1452,#1453,
    #1454,#1455,#1456,#1457,#1458,#1459,#1460,#1461,#1462,#1463,#1464,
    #1465,#1466,#1467,#1468,#1469,#1470,#1471,#1472,#1473,#1474,#1475,
    #1476,#1477,#1478,#1479,#1480,#1481,#1482,#1483,#1484,#1485,#1486,
    #1487,#1488,#1489,#1490,#1491,#1492,#1493,#1494,#1495,#1496,#1497,
    #1498,#1499,#1500,#1501,#1502,#1503,#1504,#1505,#1506,#1507,#1508,
    #1509,#1510,#1511,#1512,#1513,#1514,#1515,#1516,#1517,#1518,#1519,
    #1520,#1521,#1522,#1523,#1524,#1525,#1526,#1527,#1528,#1529,#1530,
    #1531,#1532,#1533,#1534,#1535,#1536,#1537,#1538,#1539,#1540,#1541,
    #1542,#1543,#1544,#1545,#1546,#1547,#1548,#1549,#1550),
  .UNSPECIFIED.,.F.,.F.,(7,5,5,5,5,5,5,5,5,5,5,5,5,5,5,5,5,5,5,5,7),(0.,
    6.008666753356E-02,8.559477350616E-02,0.14513211651,0.199093741415,
    0.250315708206,0.300491202276,0.356037726962,0.416106806994,
    0.463043834939,0.525674102321,0.560071473702,0.585669086618,
    0.646213614729,0.699921799663,0.750406111872,0.801332528714,
    0.854792827728,0.91572001243,0.94039420558,1.),.UNSPECIFIED.);
#1449 = CARTESIAN_POINT('',(0.,11.55));
#1450 = CARTESIAN_POINT('',(7.38217464296E-02,11.55));
#1451 = CARTESIAN_POINT('',(0.147163425643,11.543017832098));
#1452 = CARTESIAN_POINT('',(0.2196741878,11.529225104415));
#1453 = CARTESIAN_POINT('',(0.290980588415,11.509320494793));
#1454 = CARTESIAN_POINT('',(0.360621604152,11.484514561779));
#1455 = CARTESIAN_POINT('',(0.456499415974,11.444392045117));
#1456 = CARTESIAN_POINT('',(0.484747282113,11.431789293312));
#1457 = CARTESIAN_POINT('',(0.512683659269,11.41862175397));
#1458 = CARTESIAN_POINT('',(0.540320688483,11.40496882815));
#1459 = CARTESIAN_POINT('',(0.567669451836,11.390908268417));
#1460 = CARTESIAN_POINT('',(0.657924078426,11.342924238507));
#1461 = CARTESIAN_POINT('',(0.719601425752,11.307521139849));
#1462 = CARTESIAN_POINT('',(0.780042587739,11.271196507767));
#1463 = CARTESIAN_POINT('',(0.839502307096,11.234738776464));
#1464 = CARTESIAN_POINT('',(0.898232621257,11.198883987223));
#1465 = CARTESIAN_POINT('',(1.009302944973,11.133077953708));
#1466 = CARTESIAN_POINT('',(1.061775249778,11.102859666176));
#1467 = CARTESIAN_POINT('',(1.114026325051,11.074304904826));
#1468 = CARTESIAN_POINT('',(1.166174486514,11.048009456655));
#1469 = CARTESIAN_POINT('',(1.218351657105,11.024550578886));
#1470 = CARTESIAN_POINT('',(1.320414141264,10.985404757264));
#1471 = CARTESIAN_POINT('',(1.370321202205,10.969368117223));
#1472 = CARTESIAN_POINT('',(1.420332976307,10.956916115649));
#1473 = CARTESIAN_POINT('',(1.470416796141,10.948461472719));
#1474 = CARTESIAN_POINT('',(1.520568313797,10.944222209522));
#1475 = CARTESIAN_POINT('',(1.619998173701,10.944222209522));
#1476 = CARTESIAN_POINT('',(1.669130411921,10.948290029356));
#1477 = CARTESIAN_POINT('',(1.718198861926,10.956404368632));
#1478 = CARTESIAN_POINT('',(1.767197673231,10.968363913263));
#1479 = CARTESIAN_POINT('',(1.816094901295,10.98378668079));
#1480 = CARTESIAN_POINT('',(1.918712189661,11.022487336534));
#1481 = CARTESIAN_POINT('',(1.972423442373,11.046443016372));
#1482 = CARTESIAN_POINT('',(2.026099505059,11.073435534502));
#1483 = CARTESIAN_POINT('',(2.079883764699,11.102835364591));
#1484 = CARTESIAN_POINT('',(2.13390404064,11.133991391639));
#1485 = CARTESIAN_POINT('',(2.247088373017,11.201142150158));
#1486 = CARTESIAN_POINT('',(2.306379333365,11.237363061403));
#1487 = CARTESIAN_POINT('',(2.366425401092,11.274164379261));
#1488 = CARTESIAN_POINT('',(2.427484931,11.310788630886));
#1489 = CARTESIAN_POINT('',(2.489818655756,11.346422327505));
#1490 = CARTESIAN_POINT('',(2.603622546767,11.406496555475));
#1491 = CARTESIAN_POINT('',(2.654577679027,11.43172834748));
#1492 = CARTESIAN_POINT('',(2.706556992722,11.455314231949));
#1493 = CARTESIAN_POINT('',(2.759568074145,11.476723163946));
#1494 = CARTESIAN_POINT('',(2.813639941259,11.495435515853));
#1495 = CARTESIAN_POINT('',(2.942460386891,11.531672069315));
#1496 = CARTESIAN_POINT('',(3.018232541882,11.546750773877));
#1497 = CARTESIAN_POINT('',(3.095102831871,11.554645389682));
#1498 = CARTESIAN_POINT('',(3.172279769057,11.554585120341));
#1499 = CARTESIAN_POINT('',(3.249004062079,11.546783635746));
#1500 = CARTESIAN_POINT('',(3.36573977326,11.524353625305));
#1501 = CARTESIAN_POINT('',(3.406664892265,11.514396649952));
#1502 = CARTESIAN_POINT('',(3.44710104497,11.502595490775));
#1503 = CARTESIAN_POINT('',(3.487010959252,11.489145215434));
#1504 = CARTESIAN_POINT('',(3.526346664931,11.474269117377));
#1505 = CARTESIAN_POINT('',(3.593845166207,11.446264425359));
#1506 = CARTESIAN_POINT('',(3.6223147684,11.433652803351));
#1507 = CARTESIAN_POINT('',(3.650468090354,11.420460925309));
#1508 = CARTESIAN_POINT('',(3.678317202505,11.406770003667));
#1509 = CARTESIAN_POINT('',(3.705873045561,11.392659650596));
#1510 = CARTESIAN_POINT('',(3.797651198368,11.344025950392));
#1511 = CARTESIAN_POINT('',(3.860581541748,11.307928239313));
#1512 = CARTESIAN_POINT('',(3.922223102405,11.27086146146));
#1513 = CARTESIAN_POINT('',(3.982845327364,11.23366226314));
#1514 = CARTESIAN_POINT('',(4.042715044266,11.197110674044));
#1515 = CARTESIAN_POINT('',(4.154800372103,11.13082280145));
#1516 = CARTESIAN_POINT('',(4.207166346143,11.10075411516));
#1517 = CARTESIAN_POINT('',(4.259319236535,11.072371186544));
#1518 = CARTESIAN_POINT('',(4.311375141602,11.046267758791));
#1519 = CARTESIAN_POINT('',(4.363464270816,11.023017981992));
#1520 = CARTESIAN_POINT('',(4.464876357186,10.984487724699));
#1521 = CARTESIAN_POINT('',(4.514213511662,10.968798765846));
#1522 = CARTESIAN_POINT('',(4.5636537894,10.9566258262));
#1523 = CARTESIAN_POINT('',(4.613164672729,10.948364173089));
#1524 = CARTESIAN_POINT('',(4.662740747112,10.944222209522));
#1525 = CARTESIAN_POINT('',(4.762471996524,10.944222209522));
#1526 = CARTESIAN_POINT('',(4.812479506937,10.948437033185));
#1527 = CARTESIAN_POINT('',(4.862419874358,10.956843172355));
#1528 = CARTESIAN_POINT('',(4.912288532301,10.969225025379));
#1529 = CARTESIAN_POINT('',(4.96205291703,10.985174321209));
#1530 = CARTESIAN_POINT('',(5.06364042986,11.024046427768));
#1531 = CARTESIAN_POINT('',(5.115486047559,11.047293576253));
#1532 = CARTESIAN_POINT('',(5.167301311255,11.073351241094));
#1533 = CARTESIAN_POINT('',(5.219215147324,11.101653177154));
#1534 = CARTESIAN_POINT('',(5.271342929928,11.131614538963));
#1535 = CARTESIAN_POINT('',(5.383572609094,11.198021811123));
#1536 = CARTESIAN_POINT('',(5.443833383882,11.234825193918));
#1537 = CARTESIAN_POINT('',(5.504861280124,11.272269326776));
#1538 = CARTESIAN_POINT('',(5.566928259669,11.309559070233));
#1539 = CARTESIAN_POINT('',(5.630309091953,11.345840494509));
#1540 = CARTESIAN_POINT('',(5.721614857052,11.39403852446));
#1541 = CARTESIAN_POINT('',(5.748197751083,11.407607814637));
#1542 = CARTESIAN_POINT('',(5.775053861442,11.420783516628));
#1543 = CARTESIAN_POINT('',(5.802192947413,11.433494236779));
#1544 = CARTESIAN_POINT('',(5.829625749409,11.445667211494));
#1545 = CARTESIAN_POINT('',(5.924371643305,11.485156608361));
#1546 = CARTESIAN_POINT('',(5.993683686512,11.509732168165));
#1547 = CARTESIAN_POINT('',(6.064640041239,11.529439606665));
#1548 = CARTESIAN_POINT('',(6.136785207957,11.543090659097));
#1549 = CARTESIAN_POINT('',(6.209749549787,11.55));
#1550 = CARTESIAN_POINT('',(6.28318530718,11.55));
#1551 = ( GEOMETRIC_REPRESENTATION_CONTEXT(2) 
PARAMETRIC_REPRESENTATION_CONTEXT() REPRESENTATION_CONTEXT('2D SPACE',''
  ) );
#1552 = PCURVE('',#901,#1553);
#1553 = DEFINITIONAL_REPRESENTATION('',(#1554),#1657);
#1554 = B_SPLINE_CURVE_WITH_KNOTS('',6,(#1555,#1556,#1557,#1558,#1559,
    #1560,#1561,#1562,#1563,#1564,#1565,#1566,#1567,#1568,#1569,#1570,
    #1571,#1572,#1573,#1574,#1575,#1576,#1577,#1578,#1579,#1580,#1581,
    #1582,#1583,#1584,#1585,#1586,#1587,#1588,#1589,#1590,#1591,#1592,
    #1593,#1594,#1595,#1596,#1597,#1598,#1599,#1600,#1601,#1602,#1603,
    #1604,#1605,#1606,#1607,#1608,#1609,#1610,#1611,#1612,#1613,#1614,
    #1615,#1616,#1617,#1618,#1619,#1620,#1621,#1622,#1623,#1624,#1625,
    #1626,#1627,#1628,#1629,#1630,#1631,#1632,#1633,#1634,#1635,#1636,
    #1637,#1638,#1639,#1640,#1641,#1642,#1643,#1644,#1645,#1646,#1647,
    #1648,#1649,#1650,#1651,#1652,#1653,#1654,#1655,#1656),
  .UNSPECIFIED.,.T.,.F.,(7,5,5,5,5,5,5,5,5,5,5,5,5,5,5,5,5,5,5,5,7),(0.,
    6.008666753356E-02,8.559477350616E-02,0.14513211651,0.199093741415,
    0.250315708206,0.300491202276,0.356037726962,0.416106806994,
    0.463043834939,0.525674102321,0.560071473702,0.585669086618,
    0.646213614729,0.699921799663,0.750406111872,0.801332528714,
    0.854792827728,0.91572001243,0.94039420558,1.),.UNSPECIFIED.);
#1555 = CARTESIAN_POINT('',(-1.570796326795,-14.65));
#1556 = CARTESIAN_POINT('',(-1.523029314399,-14.65));
#1557 = CARTESIAN_POINT('',(-1.475572791392,-14.63920967133));
#1558 = CARTESIAN_POINT('',(-1.428927147075,-14.61789224076));
#1559 = CARTESIAN_POINT('',(-1.383585237697,-14.5868264118));
#1560 = CARTESIAN_POINT('',(-1.340074140911,-14.54730190814));
#1561 = CARTESIAN_POINT('',(-1.281477691083,-14.48165187109));
#1562 = CARTESIAN_POINT('',(-1.264384912991,-14.46083923845));
#1563 = CARTESIAN_POINT('',(-1.247666055991,-14.43886039447));
#1564 = CARTESIAN_POINT('',(-1.231325806032,-14.41579327955));
#1565 = CARTESIAN_POINT('',(-1.215369168989,-14.39171172651));
#1566 = CARTESIAN_POINT('',(-1.16346559391,-14.30827275925));
#1567 = CARTESIAN_POINT('',(-1.12924351612,-14.24470601158));
#1568 = CARTESIAN_POINT('',(-1.097122120881,-14.17673873167));
#1569 = CARTESIAN_POINT('',(-1.067111182961,-14.10491208359));
#1570 = CARTESIAN_POINT('',(-1.039256921073,-14.02959735197));
#1571 = CARTESIAN_POINT('',(-0.990451768275,-13.87983657824));
#1572 = CARTESIAN_POINT('',(-0.969077225999,-13.805903413));
#1573 = CARTESIAN_POINT('',(-0.949645301775,-13.72951946616));
#1574 = CARTESIAN_POINT('',(-0.932289290569,-13.65091520088));
#1575 = CARTESIAN_POINT('',(-0.917159189893,-13.57027499398));
#1576 = CARTESIAN_POINT('',(-0.892324632628,-13.40939756192));
#1577 = CARTESIAN_POINT('',(-0.882374009505,-13.32928493419));
#1578 = CARTESIAN_POINT('',(-0.874769135676,-13.24788788883));
#1579 = CARTESIAN_POINT('',(-0.8696450583,-13.16562630099));
#1580 = CARTESIAN_POINT('',(-0.867075818712,-13.08287622144));
#1581 = CARTESIAN_POINT('',(-0.867075818712,-12.9188169526));
#1582 = CARTESIAN_POINT('',(-0.869541154737,-12.83774869315));
#1583 = CARTESIAN_POINT('',(-0.874458980334,-12.7571398236));
#1584 = CARTESIAN_POINT('',(-0.881760790454,-12.67734720811));
#1585 = CARTESIAN_POINT('',(-0.891321152541,-12.59876760843));
#1586 = CARTESIAN_POINT('',(-0.915827612756,-12.43671416148));
#1587 = CARTESIAN_POINT('',(-0.93124910037,-12.35356130268));
#1588 = CARTESIAN_POINT('',(-0.949037524732,-12.27255289422));
#1589 = CARTESIAN_POINT('',(-0.969028704213,-12.19389025829));
#1590 = CARTESIAN_POINT('',(-0.991076790769,-12.11782645432));
#1591 = CARTESIAN_POINT('',(-1.040991676959,-11.96555897758));
#1592 = CARTESIAN_POINT('',(-1.069215178021,-11.88975860179));
#1593 = CARTESIAN_POINT('',(-1.099631454698,-11.81752296057));
#1594 = CARTESIAN_POINT('',(-1.132194540881,-11.74923967936));
#1595 = CARTESIAN_POINT('',(-1.166895342521,-11.68547415891));
#1596 = CARTESIAN_POINT('',(-1.232543117503,-11.58133230652));
#1597 = CARTESIAN_POINT('',(-1.262703859277,-11.53880873108));
#1598 = CARTESIAN_POINT('',(-1.294157214781,-11.49997869163));
#1599 = CARTESIAN_POINT('',(-1.326832529238,-11.46537435272));
#1600 = CARTESIAN_POINT('',(-1.360662521862,-11.43553230604));
#1601 = CARTESIAN_POINT('',(-1.44218333342,-11.37827074454));
#1602 = CARTESIAN_POINT('',(-1.49082476443,-11.35492838621));
#1603 = CARTESIAN_POINT('',(-1.540626570276,-11.3428825651));
#1604 = CARTESIAN_POINT('',(-1.590754966609,-11.34293021895));
#1605 = CARTESIAN_POINT('',(-1.640390360838,-11.35488362881));
#1606 = CARTESIAN_POINT('',(-1.715186235881,-11.38989068259));
#1607 = CARTESIAN_POINT('',(-1.741264605497,-11.40549802385));
#1608 = CARTESIAN_POINT('',(-1.766842152315,-11.42411620022));
#1609 = CARTESIAN_POINT('',(-1.791854449325,-11.44553106161));
#1610 = CARTESIAN_POINT('',(-1.816235424891,-11.46949736476));
#1611 = CARTESIAN_POINT('',(-1.857540057911,-11.5152615951));
#1612 = CARTESIAN_POINT('',(-1.874789833114,-11.53606111361));
#1613 = CARTESIAN_POINT('',(-1.891661573831,-11.55805018323));
#1614 = CARTESIAN_POINT('',(-1.908150282437,-11.58114879427));
#1615 = CARTESIAN_POINT('',(-1.924250633366,-11.60528101151));
#1616 = CARTESIAN_POINT('',(-1.977106254634,-11.68972824838));
#1617 = CARTESIAN_POINT('',(-2.012057111704,-11.75447040987));
#1618 = CARTESIAN_POINT('',(-2.044823474935,-11.82379601197));
#1619 = CARTESIAN_POINT('',(-2.075394957171,-11.89712978095));
#1620 = CARTESIAN_POINT('',(-2.103721913184,-11.97408015632));
#1621 = CARTESIAN_POINT('',(-2.152745731613,-12.125637056));
#1622 = CARTESIAN_POINT('',(-2.173964532212,-12.19959436575));
#1623 = CARTESIAN_POINT('',(-2.193241718081,-12.27598481168));
#1624 = CARTESIAN_POINT('',(-2.210443100213,-12.35457799354));
#1625 = CARTESIAN_POINT('',(-2.225418623593,-12.43518917677));
#1626 = CARTESIAN_POINT('',(-2.249836853825,-12.59521034716));
#1627 = CARTESIAN_POINT('',(-2.25956634614,-12.67445845939));
#1628 = CARTESIAN_POINT('',(-2.266999453928,-12.754950672));
#1629 = CARTESIAN_POINT('',(-2.272006563943,-12.83627982218));
#1630 = CARTESIAN_POINT('',(-2.274516834878,-12.9180804151));
#1631 = CARTESIAN_POINT('',(-2.274516834878,-13.08263697663));
#1632 = CARTESIAN_POINT('',(-2.271962406907,-13.16514944291));
#1633 = CARTESIAN_POINT('',(-2.266867726806,-13.24717759052));
#1634 = CARTESIAN_POINT('',(-2.259306035245,-13.32834812097));
#1635 = CARTESIAN_POINT('',(-2.249410989986,-13.40824448381));
#1636 = CARTESIAN_POINT('',(-2.224756628652,-13.56841576427));
#1637 = CARTESIAN_POINT('',(-2.209769286173,-13.64857984804));
#1638 = CARTESIAN_POINT('',(-2.192581395341,-13.72673784619));
#1639 = CARTESIAN_POINT('',(-2.17334048362,-13.80270819874));
#1640 = CARTESIAN_POINT('',(-2.152178132575,-13.87626448141));
#1641 = CARTESIAN_POINT('',(-2.103027213092,-14.02789677898));
#1642 = CARTESIAN_POINT('',(-2.074470967519,-14.10525341752));
#1643 = CARTESIAN_POINT('',(-2.043643391981,-14.17894142971));
#1644 = CARTESIAN_POINT('',(-2.010594218184,-14.24855950752));
#1645 = CARTESIAN_POINT('',(-1.975333125177,-14.3135172028));
#1646 = CARTESIAN_POINT('',(-1.922663394216,-14.39707103762));
#1647 = CARTESIAN_POINT('',(-1.907115839719,-14.42025570789));
#1648 = CARTESIAN_POINT('',(-1.891207610465,-14.44247634994));
#1649 = CARTESIAN_POINT('',(-1.874943502613,-14.46366476572));
#1650 = CARTESIAN_POINT('',(-1.858328030102,-14.48374925904));
#1651 = CARTESIAN_POINT('',(-1.80038862079,-14.54832461888));
#1652 = CARTESIAN_POINT('',(-1.757066897372,-14.58746892963));
#1653 = CARTESIAN_POINT('',(-1.711939293241,-14.6182237815));
#1654 = CARTESIAN_POINT('',(-1.665525941548,-14.63932221303));
#1655 = CARTESIAN_POINT('',(-1.618313581579,-14.65));
#1656 = CARTESIAN_POINT('',(-1.570796326795,-14.65));
#1657 = ( GEOMETRIC_REPRESENTATION_CONTEXT(2) 
PARAMETRIC_REPRESENTATION_CONTEXT() REPRESENTATION_CONTEXT('2D SPACE',''
  ) );
#1658 = ORIENTED_EDGE('',*,*,#1318,.T.);
#1659 = ADVANCED_FACE('',(#1660),#640,.F.);
#1660 = FACE_BOUND('',#1661,.F.);
#1661 = EDGE_LOOP('',(#1662,#1982,#2003,#2004));
#1662 = ORIENTED_EDGE('',*,*,#1663,.F.);
#1663 = EDGE_CURVE('',#1664,#1664,#1666,.T.);
#1664 = VERTEX_POINT('',#1665);
#1665 = CARTESIAN_POINT('',(-4.041334437186E-16,-2.55,14.65));
#1666 = SURFACE_CURVE('',#1667,(#1770,#1876),.PCURVE_S1.);
#1667 = B_SPLINE_CURVE_WITH_KNOTS('',6,(#1668,#1669,#1670,#1671,#1672,
    #1673,#1674,#1675,#1676,#1677,#1678,#1679,#1680,#1681,#1682,#1683,
    #1684,#1685,#1686,#1687,#1688,#1689,#1690,#1691,#1692,#1693,#1694,
    #1695,#1696,#1697,#1698,#1699,#1700,#1701,#1702,#1703,#1704,#1705,
    #1706,#1707,#1708,#1709,#1710,#1711,#1712,#1713,#1714,#1715,#1716,
    #1717,#1718,#1719,#1720,#1721,#1722,#1723,#1724,#1725,#1726,#1727,
    #1728,#1729,#1730,#1731,#1732,#1733,#1734,#1735,#1736,#1737,#1738,
    #1739,#1740,#1741,#1742,#1743,#1744,#1745,#1746,#1747,#1748,#1749,
    #1750,#1751,#1752,#1753,#1754,#1755,#1756,#1757,#1758,#1759,#1760,
    #1761,#1762,#1763,#1764,#1765,#1766,#1767,#1768,#1769),
  .UNSPECIFIED.,.T.,.F.,(7,5,5,5,5,5,5,5,5,5,5,5,5,5,5,5,5,5,5,5,7),(0.,
    6.008666688017E-02,8.559477257538E-02,0.145132120811,0.199093745718,
    0.250315712512,0.300491206583,0.356037731272,0.41610680549,
    0.463043832953,0.525674099703,0.560071470737,0.585669083473,
    0.64621361133,0.69992179604,0.750406108036,0.801332524665,
    0.854792823456,0.915720013787,0.94039420654,1.),.UNSPECIFIED.);
#1668 = CARTESIAN_POINT('',(-4.440892098501E-16,-2.55,14.65));
#1669 = CARTESIAN_POINT('',(0.121805881609,-2.55,14.65));
#1670 = CARTESIAN_POINT('',(0.24281979037,-2.543017832098,
    14.639209671336));
#1671 = CARTESIAN_POINT('',(0.361266996557,-2.529225104415,
    14.617892240766));
#1672 = CARTESIAN_POINT('',(0.475417844504,-2.509320494793,
    14.586826411804));
#1673 = CARTESIAN_POINT('',(0.583686322823,-2.484514561779,
    14.547301908148));
#1674 = CARTESIAN_POINT('',(0.727619651409,-2.444392045117,
    14.481651871097));
#1675 = CARTESIAN_POINT('',(0.769354812393,-2.431789293312,
    14.460839238458));
#1676 = CARTESIAN_POINT('',(0.809917499805,-2.41862175397,
    14.438860394474));
#1677 = CARTESIAN_POINT('',(0.849297255406,-2.40496882815,14.41579327955
    ));
#1678 = CARTESIAN_POINT('',(0.887487213374,-2.390908268417,
    14.391711726517));
#1679 = CARTESIAN_POINT('',(1.010836907815,-2.34292423519,
    14.308272753488));
#1680 = CARTESIAN_POINT('',(1.090701023239,-2.307521145016,
    14.244706021717));
#1681 = CARTESIAN_POINT('',(1.164224331193,-2.271196507914,
    14.176738731177));
#1682 = CARTESIAN_POINT('',(1.231583600283,-2.234738771379,
    14.104912073258));
#1683 = CARTESIAN_POINT('',(1.292931217359,-2.198883990255,
    14.029597358875));
#1684 = CARTESIAN_POINT('',(1.398563366564,-2.133077953708,
    13.879836578245));
#1685 = CARTESIAN_POINT('',(1.443954868701,-2.102859666176,
    13.805903413009));
#1686 = CARTESIAN_POINT('',(1.48447818305,-2.074304904826,
    13.729519466164));
#1687 = CARTESIAN_POINT('',(1.52009130165,-2.048009456655,
    13.650915200885));
#1688 = CARTESIAN_POINT('',(1.550725789892,-2.024550578886,
    13.57027499398));
#1689 = CARTESIAN_POINT('',(1.600505861834,-1.985404757264,
    13.409397561928));
#1690 = CARTESIAN_POINT('',(1.620174955126,-1.969368117223,
    13.329284934192));
#1691 = CARTESIAN_POINT('',(1.635042614685,-1.956916115649,
    13.247887888836));
#1692 = CARTESIAN_POINT('',(1.645004791248,-1.948461472719,
    13.165626300993));
#1693 = CARTESIAN_POINT('',(1.65,-1.944222209522,13.082876221447));
#1694 = CARTESIAN_POINT('',(1.65,-1.944222209522,12.918816952604));
#1695 = CARTESIAN_POINT('',(1.64520680794,-1.948290029356,
    12.837748693158));
#1696 = CARTESIAN_POINT('',(1.63564560684,-1.956404368632,
    12.757139823601));
#1697 = CARTESIAN_POINT('',(1.621373702178,-1.968363913263,
    12.677347208111));
#1698 = CARTESIAN_POINT('',(1.602488696622,-1.98378668079,
    12.598767608439));
#1699 = CARTESIAN_POINT('',(1.553422990563,-2.022487336534,
    12.436714161486));
#1700 = CARTESIAN_POINT('',(1.52223304705,-2.046443016372,
    12.353561302683));
#1701 = CARTESIAN_POINT('',(1.485763127763,-2.073435534502,
    12.272552894229));
#1702 = CARTESIAN_POINT('',(1.444088314199,-2.102835364591,
    12.193890258298));
#1703 = CARTESIAN_POINT('',(1.397254560973,-2.133991391639,
    12.117826454326));
#1704 = CARTESIAN_POINT('',(1.28912627464,-2.20114214678,11.96555898525)
  );
#1705 = CARTESIAN_POINT('',(1.226900828451,-2.237363066802,
    11.88975859089));
#1706 = CARTESIAN_POINT('',(1.158549528513,-2.274164379435,
    11.81752295941));
#1707 = CARTESIAN_POINT('',(1.083913802334,-2.310788625533,
    11.749239689751));
#1708 = CARTESIAN_POINT('',(1.002812619928,-2.346422330419,
    11.685474153868));
#1709 = CARTESIAN_POINT('',(0.84656136014,-2.406496555479,
    11.581332306514));
#1710 = CARTESIAN_POINT('',(0.773864013216,-2.431728347478,
    11.538808731084));
#1711 = CARTESIAN_POINT('',(0.697119306052,-2.455314231946,
    11.499978691637));
#1712 = CARTESIAN_POINT('',(0.616490656545,-2.476723163946,
    11.465374352727));
#1713 = CARTESIAN_POINT('',(0.53219529485,-2.495435515855,
    11.435532306043));
#1714 = CARTESIAN_POINT('',(0.327499901754,-2.531672069315,
    11.37827074454));
#1715 = CARTESIAN_POINT('',(0.204205606234,-2.546750773877,
    11.354928386217));
#1716 = CARTESIAN_POINT('',(7.710286178074E-02,-2.554645389682,
    11.342882565108));
#1717 = CARTESIAN_POINT('',(-5.109329748854E-02,-2.554585120341,
    11.342930218951));
#1718 = CARTESIAN_POINT('',(-0.177623515038,-2.546783635746,
    11.35488362881));
#1719 = CARTESIAN_POINT('',(-0.367029506737,-2.524353625305,
    11.389890682596));
#1720 = CARTESIAN_POINT('',(-0.432814947748,-2.514396649952,
    11.405498023855));
#1721 = CARTESIAN_POINT('',(-0.497009580111,-2.502595490775,
    11.424116200229));
#1722 = CARTESIAN_POINT('',(-0.559399651772,-2.489145215434,
    11.445531061613));
#1723 = CARTESIAN_POINT('',(-0.619789498179,-2.474269117377,
    11.46949736476));
#1724 = CARTESIAN_POINT('',(-0.721325083279,-2.446264425322,
    11.515261595167));
#1725 = CARTESIAN_POINT('',(-0.76347590506,-2.433652803363,
    11.53606111359));
#1726 = CARTESIAN_POINT('',(-0.804440834394,-2.420460925348,
    11.55805018317));
#1727 = CARTESIAN_POINT('',(-0.844208327114,-2.406770003675,
    11.581148794256));
#1728 = CARTESIAN_POINT('',(-0.882770577512,-2.392659650556,
    11.60528101159));
#1729 = CARTESIAN_POINT('',(-1.008472232302,-2.344025950392,
    11.689728248385));
#1730 = CARTESIAN_POINT('',(-1.090068354242,-2.307928239313,
    11.754470409876));
#1731 = CARTESIAN_POINT('',(-1.16506618879,-2.27086146146,
    11.823796011972));
#1732 = CARTESIAN_POINT('',(-1.233653264053,-2.23366226314,
    11.897129780951));
#1733 = CARTESIAN_POINT('',(-1.295991179881,-2.197110674044,
    11.974080156327));
#1734 = CARTESIAN_POINT('',(-1.401979869423,-2.13082280145,
    12.125637056001));
#1735 = CARTESIAN_POINT('',(-1.446993194759,-2.10075411516,
    12.199594365758));
#1736 = CARTESIAN_POINT('',(-1.487154194666,-2.072371186544,
    12.275984811689));
#1737 = CARTESIAN_POINT('',(-1.522418505115,-2.046267758791,
    12.35457799354));
#1738 = CARTESIAN_POINT('',(-1.552716469046,-2.023017981992,
    12.435189176771));
#1739 = CARTESIAN_POINT('',(-1.601630012033,-1.984487724699,
    12.595210347161));
#1740 = CARTESIAN_POINT('',(-1.620854695606,-1.968798765846,
    12.674458459397));
#1741 = CARTESIAN_POINT('',(-1.635384662166,-1.9566258262,
    12.754950672004));
#1742 = CARTESIAN_POINT('',(-1.645119442474,-1.948364173089,
    12.836279822187));
#1743 = CARTESIAN_POINT('',(-1.65,-1.944222209522,12.9180804151));
#1744 = CARTESIAN_POINT('',(-1.65,-1.944222209522,13.08263697663));
#1745 = CARTESIAN_POINT('',(-1.645033589071,-1.948437033185,
    13.165149442911));
#1746 = CARTESIAN_POINT('',(-1.635128563813,-1.956843172355,
    13.247177590528));
#1747 = CARTESIAN_POINT('',(-1.620345807984,-1.969225025379,
    13.328348120971));
#1748 = CARTESIAN_POINT('',(-1.600788443703,-1.985174321209,
    13.408244483815));
#1749 = CARTESIAN_POINT('',(-1.551377686892,-2.024046427768,
    13.568415764273));
#1750 = CARTESIAN_POINT('',(-1.52103967697,-2.047293576253,
    13.648579848044));
#1751 = CARTESIAN_POINT('',(-1.485784291007,-2.073351241094,
    13.726737846192));
#1752 = CARTESIAN_POINT('',(-1.445679483759,-2.101653177154,
    13.802708198743));
#1753 = CARTESIAN_POINT('',(-1.400767890818,-2.131614538963,
    13.876264481417));
#1754 = CARTESIAN_POINT('',(-1.294471613094,-2.198021814539,
    14.027896786786));
#1755 = CARTESIAN_POINT('',(-1.231602816084,-2.234825188192,
    14.105253405874));
#1756 = CARTESIAN_POINT('',(-1.162403770756,-2.272269326934,
    14.178941429124));
#1757 = CARTESIAN_POINT('',(-1.086708688017,-2.309559076046,
    14.248559518924));
#1758 = CARTESIAN_POINT('',(-1.004325967377,-2.345840490788,
    14.313517196351));
#1759 = CARTESIAN_POINT('',(-0.878964325627,-2.394038524459,
    14.397071037625));
#1760 = CARTESIAN_POINT('',(-0.841705872495,-2.407607814637,
    14.420255707892));
#1761 = CARTESIAN_POINT('',(-0.803327794284,-2.420783516628,
    14.442476349946));
#1762 = CARTESIAN_POINT('',(-0.763837258624,-2.433494236779,
    14.463664765722));
#1763 = CARTESIAN_POINT('',(-0.723244671493,-2.445667211494,
    14.483749259041));
#1764 = CARTESIAN_POINT('',(-0.580874314824,-2.485156608361,
    14.548324618887));
#1765 = CARTESIAN_POINT('',(-0.473049884045,-2.509732168165,
    14.587468929631));
#1766 = CARTESIAN_POINT('',(-0.359422935867,-2.529439606665,
    14.618223781506));
#1767 = CARTESIAN_POINT('',(-0.241560298236,-2.543090659097,
    14.639322213033));
#1768 = CARTESIAN_POINT('',(-0.121168999698,-2.55,14.65));
#1769 = CARTESIAN_POINT('',(-4.440892098501E-16,-2.55,14.65));
#1770 = PCURVE('',#640,#1771);
#1771 = DEFINITIONAL_REPRESENTATION('',(#1772),#1875);
#1772 = B_SPLINE_CURVE_WITH_KNOTS('',6,(#1773,#1774,#1775,#1776,#1777,
    #1778,#1779,#1780,#1781,#1782,#1783,#1784,#1785,#1786,#1787,#1788,
    #1789,#1790,#1791,#1792,#1793,#1794,#1795,#1796,#1797,#1798,#1799,
    #1800,#1801,#1802,#1803,#1804,#1805,#1806,#1807,#1808,#1809,#1810,
    #1811,#1812,#1813,#1814,#1815,#1816,#1817,#1818,#1819,#1820,#1821,
    #1822,#1823,#1824,#1825,#1826,#1827,#1828,#1829,#1830,#1831,#1832,
    #1833,#1834,#1835,#1836,#1837,#1838,#1839,#1840,#1841,#1842,#1843,
    #1844,#1845,#1846,#1847,#1848,#1849,#1850,#1851,#1852,#1853,#1854,
    #1855,#1856,#1857,#1858,#1859,#1860,#1861,#1862,#1863,#1864,#1865,
    #1866,#1867,#1868,#1869,#1870,#1871,#1872,#1873,#1874),
  .UNSPECIFIED.,.F.,.F.,(7,5,5,5,5,5,5,5,5,5,5,5,5,5,5,5,5,5,5,5,7),(0.,
    6.008666688017E-02,8.559477257538E-02,0.145132120811,0.199093745718,
    0.250315712512,0.300491206583,0.356037731272,0.41610680549,
    0.463043832953,0.525674099703,0.560071470737,0.585669083473,
    0.64621361133,0.69992179604,0.750406108036,0.801332524665,
    0.854792823456,0.915720013787,0.94039420654,1.),.UNSPECIFIED.);
#1773 = CARTESIAN_POINT('',(0.,6.45));
#1774 = CARTESIAN_POINT('',(7.382174642958E-02,6.45));
#1775 = CARTESIAN_POINT('',(0.147163425643,6.456982167902));
#1776 = CARTESIAN_POINT('',(0.2196741878,6.470774895585));
#1777 = CARTESIAN_POINT('',(0.290980588415,6.490679505207));
#1778 = CARTESIAN_POINT('',(0.360621604152,6.515485438221));
#1779 = CARTESIAN_POINT('',(0.456499415974,6.555607954883));
#1780 = CARTESIAN_POINT('',(0.484747282113,6.568210706688));
#1781 = CARTESIAN_POINT('',(0.512683659269,6.58137824603));
#1782 = CARTESIAN_POINT('',(0.540320688483,6.59503117185));
#1783 = CARTESIAN_POINT('',(0.567669451836,6.609091731583));
#1784 = CARTESIAN_POINT('',(0.657924084664,6.65707576481));
#1785 = CARTESIAN_POINT('',(0.719601416568,6.692478854984));
#1786 = CARTESIAN_POINT('',(0.780042587197,6.728803492086));
#1787 = CARTESIAN_POINT('',(0.839502316006,6.765261228621));
#1788 = CARTESIAN_POINT('',(0.89823261614,6.801116009745));
#1789 = CARTESIAN_POINT('',(1.009302944973,6.866922046292));
#1790 = CARTESIAN_POINT('',(1.061775249778,6.897140333824));
#1791 = CARTESIAN_POINT('',(1.114026325051,6.925695095174));
#1792 = CARTESIAN_POINT('',(1.166174486514,6.951990543345));
#1793 = CARTESIAN_POINT('',(1.218351657105,6.975449421114));
#1794 = CARTESIAN_POINT('',(1.320414141264,7.014595242736));
#1795 = CARTESIAN_POINT('',(1.370321202206,7.030631882777));
#1796 = CARTESIAN_POINT('',(1.420332976307,7.043083884351));
#1797 = CARTESIAN_POINT('',(1.470416796141,7.051538527281));
#1798 = CARTESIAN_POINT('',(1.520568313797,7.055777790478));
#1799 = CARTESIAN_POINT('',(1.619998173701,7.055777790478));
#1800 = CARTESIAN_POINT('',(1.669130411921,7.051709970644));
#1801 = CARTESIAN_POINT('',(1.718198861925,7.043595631368));
#1802 = CARTESIAN_POINT('',(1.767197673231,7.031636086737));
#1803 = CARTESIAN_POINT('',(1.816094901295,7.01621331921));
#1804 = CARTESIAN_POINT('',(1.918712189661,6.977512663466));
#1805 = CARTESIAN_POINT('',(1.972423442373,6.953556983628));
#1806 = CARTESIAN_POINT('',(2.026099505059,6.926564465498));
#1807 = CARTESIAN_POINT('',(2.079883764699,6.897164635409));
#1808 = CARTESIAN_POINT('',(2.13390404064,6.866008608361));
#1809 = CARTESIAN_POINT('',(2.247088367323,6.79885785322));
#1810 = CARTESIAN_POINT('',(2.306379342855,6.762636933198));
#1811 = CARTESIAN_POINT('',(2.366425401082,6.725835620565));
#1812 = CARTESIAN_POINT('',(2.427484921426,6.689211374467));
#1813 = CARTESIAN_POINT('',(2.489818661275,6.653577669581));
#1814 = CARTESIAN_POINT('',(2.603622546774,6.593503444521));
#1815 = CARTESIAN_POINT('',(2.654577679025,6.568271652522));
#1816 = CARTESIAN_POINT('',(2.706556992714,6.544685768054));
#1817 = CARTESIAN_POINT('',(2.759568074143,6.523276836054));
#1818 = CARTESIAN_POINT('',(2.813639941268,6.504564484145));
#1819 = CARTESIAN_POINT('',(2.942460386891,6.468327930685));
#1820 = CARTESIAN_POINT('',(3.018232541882,6.453249226123));
#1821 = CARTESIAN_POINT('',(3.095102831871,6.445354610318));
#1822 = CARTESIAN_POINT('',(3.172279769057,6.445414879659));
#1823 = CARTESIAN_POINT('',(3.249004062079,6.453216364254));
#1824 = CARTESIAN_POINT('',(3.36573977326,6.475646374695));
#1825 = CARTESIAN_POINT('',(3.406664892265,6.485603350048));
#1826 = CARTESIAN_POINT('',(3.44710104497,6.497404509225));
#1827 = CARTESIAN_POINT('',(3.487010959252,6.510854784566));
#1828 = CARTESIAN_POINT('',(3.526346664931,6.525730882623));
#1829 = CARTESIAN_POINT('',(3.593845166296,6.553735574678));
#1830 = CARTESIAN_POINT('',(3.622314768382,6.566347196637));
#1831 = CARTESIAN_POINT('',(3.650468090271,6.579539074652));
#1832 = CARTESIAN_POINT('',(3.678317202478,6.593229996325));
#1833 = CARTESIAN_POINT('',(3.705873045638,6.607340349444));
#1834 = CARTESIAN_POINT('',(3.797651198368,6.655974049608));
#1835 = CARTESIAN_POINT('',(3.860581541748,6.692071760687));
#1836 = CARTESIAN_POINT('',(3.922223102405,6.72913853854));
#1837 = CARTESIAN_POINT('',(3.982845327364,6.76633773686));
#1838 = CARTESIAN_POINT('',(4.042715044266,6.802889325956));
#1839 = CARTESIAN_POINT('',(4.154800372103,6.86917719855));
#1840 = CARTESIAN_POINT('',(4.207166346143,6.89924588484));
#1841 = CARTESIAN_POINT('',(4.259319236535,6.927628813456));
#1842 = CARTESIAN_POINT('',(4.311375141602,6.953732241209));
#1843 = CARTESIAN_POINT('',(4.363464270816,6.976982018008));
#1844 = CARTESIAN_POINT('',(4.464876357186,7.015512275301));
#1845 = CARTESIAN_POINT('',(4.514213511662,7.031201234154));
#1846 = CARTESIAN_POINT('',(4.5636537894,7.0433741738));
#1847 = CARTESIAN_POINT('',(4.613164672729,7.051635826911));
#1848 = CARTESIAN_POINT('',(4.662740747112,7.055777790478));
#1849 = CARTESIAN_POINT('',(4.762471996524,7.055777790478));
#1850 = CARTESIAN_POINT('',(4.812479506937,7.051562966815));
#1851 = CARTESIAN_POINT('',(4.862419874358,7.043156827645));
#1852 = CARTESIAN_POINT('',(4.912288532301,7.030774974621));
#1853 = CARTESIAN_POINT('',(4.96205291703,7.014825678791));
#1854 = CARTESIAN_POINT('',(5.06364042986,6.975953572232));
#1855 = CARTESIAN_POINT('',(5.115486047559,6.952706423747));
#1856 = CARTESIAN_POINT('',(5.167301311255,6.926648758906));
#1857 = CARTESIAN_POINT('',(5.219215147324,6.898346822846));
#1858 = CARTESIAN_POINT('',(5.271342929928,6.868385461037));
#1859 = CARTESIAN_POINT('',(5.383572614868,6.801978185461));
#1860 = CARTESIAN_POINT('',(5.443833373818,6.765174811808));
#1861 = CARTESIAN_POINT('',(5.50486128074,6.727730673066));
#1862 = CARTESIAN_POINT('',(5.566928270044,6.690440923954));
#1863 = CARTESIAN_POINT('',(5.630309084905,6.654159509212));
#1864 = CARTESIAN_POINT('',(5.721614857051,6.605961475541));
#1865 = CARTESIAN_POINT('',(5.748197751083,6.592392185363));
#1866 = CARTESIAN_POINT('',(5.775053861443,6.579216483372));
#1867 = CARTESIAN_POINT('',(5.802192947413,6.566505763221));
#1868 = CARTESIAN_POINT('',(5.829625749408,6.554332788506));
#1869 = CARTESIAN_POINT('',(5.924371643305,6.514843391639));
#1870 = CARTESIAN_POINT('',(5.993683686512,6.490267831835));
#1871 = CARTESIAN_POINT('',(6.064640041238,6.470560393335));
#1872 = CARTESIAN_POINT('',(6.136785207957,6.456909340903));
#1873 = CARTESIAN_POINT('',(6.209749549787,6.45));
#1874 = CARTESIAN_POINT('',(6.28318530718,6.45));
#1875 = ( GEOMETRIC_REPRESENTATION_CONTEXT(2) 
PARAMETRIC_REPRESENTATION_CONTEXT() REPRESENTATION_CONTEXT('2D SPACE',''
  ) );
#1876 = PCURVE('',#901,#1877);
#1877 = DEFINITIONAL_REPRESENTATION('',(#1878),#1981);
#1878 = B_SPLINE_CURVE_WITH_KNOTS('',6,(#1879,#1880,#1881,#1882,#1883,
    #1884,#1885,#1886,#1887,#1888,#1889,#1890,#1891,#1892,#1893,#1894,
    #1895,#1896,#1897,#1898,#1899,#1900,#1901,#1902,#1903,#1904,#1905,
    #1906,#1907,#1908,#1909,#1910,#1911,#1912,#1913,#1914,#1915,#1916,
    #1917,#1918,#1919,#1920,#1921,#1922,#1923,#1924,#1925,#1926,#1927,
    #1928,#1929,#1930,#1931,#1932,#1933,#1934,#1935,#1936,#1937,#1938,
    #1939,#1940,#1941,#1942,#1943,#1944,#1945,#1946,#1947,#1948,#1949,
    #1950,#1951,#1952,#1953,#1954,#1955,#1956,#1957,#1958,#1959,#1960,
    #1961,#1962,#1963,#1964,#1965,#1966,#1967,#1968,#1969,#1970,#1971,
    #1972,#1973,#1974,#1975,#1976,#1977,#1978,#1979,#1980),
  .UNSPECIFIED.,.T.,.F.,(7,5,5,5,5,5,5,5,5,5,5,5,5,5,5,5,5,5,5,5,7),(0.,
    6.008666688017E-02,8.559477257538E-02,0.145132120811,0.199093745718,
    0.250315712512,0.300491206583,0.356037731272,0.41610680549,
    0.463043832953,0.525674099703,0.560071470737,0.585669083473,
    0.64621361133,0.69992179604,0.750406108036,0.801332524665,
    0.854792823456,0.915720013787,0.94039420654,1.),.UNSPECIFIED.);
#1879 = CARTESIAN_POINT('',(-4.712388980385,-14.65));
#1880 = CARTESIAN_POINT('',(-4.76015599278,-14.65));
#1881 = CARTESIAN_POINT('',(-4.807612515788,-14.63920967133));
#1882 = CARTESIAN_POINT('',(-4.854258160104,-14.61789224076));
#1883 = CARTESIAN_POINT('',(-4.899600069482,-14.5868264118));
#1884 = CARTESIAN_POINT('',(-4.943111166268,-14.54730190814));
#1885 = CARTESIAN_POINT('',(-5.001707616097,-14.48165187109));
#1886 = CARTESIAN_POINT('',(-5.018800394188,-14.46083923845));
#1887 = CARTESIAN_POINT('',(-5.035519251188,-14.43886039447));
#1888 = CARTESIAN_POINT('',(-5.051859501148,-14.41579327955));
#1889 = CARTESIAN_POINT('',(-5.067816138191,-14.39171172651));
#1890 = CARTESIAN_POINT('',(-5.119719716857,-14.30827275348));
#1891 = CARTESIAN_POINT('',(-5.153941786277,-14.24470602171));
#1892 = CARTESIAN_POINT('',(-5.186063185667,-14.17673873117));
#1893 = CARTESIAN_POINT('',(-5.216074128694,-14.10491207325));
#1894 = CARTESIAN_POINT('',(-5.243928383859,-14.02959735887));
#1895 = CARTESIAN_POINT('',(-5.292733538904,-13.87983657824));
#1896 = CARTESIAN_POINT('',(-5.31410808118,-13.805903413));
#1897 = CARTESIAN_POINT('',(-5.333540005404,-13.72951946616));
#1898 = CARTESIAN_POINT('',(-5.35089601661,-13.65091520088));
#1899 = CARTESIAN_POINT('',(-5.366026117286,-13.57027499398));
#1900 = CARTESIAN_POINT('',(-5.390860674552,-13.40939756192));
#1901 = CARTESIAN_POINT('',(-5.400811297674,-13.32928493419));
#1902 = CARTESIAN_POINT('',(-5.408416171504,-13.24788788883));
#1903 = CARTESIAN_POINT('',(-5.413540248879,-13.16562630099));
#1904 = CARTESIAN_POINT('',(-5.416109488468,-13.08287622144));
#1905 = CARTESIAN_POINT('',(-5.416109488468,-12.9188169526));
#1906 = CARTESIAN_POINT('',(-5.413644152443,-12.83774869315));
#1907 = CARTESIAN_POINT('',(-5.408726326845,-12.7571398236));
#1908 = CARTESIAN_POINT('',(-5.401424516726,-12.67734720811));
#1909 = CARTESIAN_POINT('',(-5.391864154638,-12.59876760843));
#1910 = CARTESIAN_POINT('',(-5.367357694424,-12.43671416148));
#1911 = CARTESIAN_POINT('',(-5.35193620681,-12.35356130268));
#1912 = CARTESIAN_POINT('',(-5.334147782448,-12.27255289422));
#1913 = CARTESIAN_POINT('',(-5.314156602967,-12.19389025829));
#1914 = CARTESIAN_POINT('',(-5.29210851641,-12.11782645432));
#1915 = CARTESIAN_POINT('',(-5.242193632731,-11.96555898525));
#1916 = CARTESIAN_POINT('',(-5.213970124359,-11.88975859089));
#1917 = CARTESIAN_POINT('',(-5.183553852859,-11.81752295941));
#1918 = CARTESIAN_POINT('',(-5.150990771332,-11.74923968975));
#1919 = CARTESIAN_POINT('',(-5.116289961475,-11.68547415386));
#1920 = CARTESIAN_POINT('',(-5.050642189673,-11.58133230651));
#1921 = CARTESIAN_POINT('',(-5.020481447903,-11.53880873108));
#1922 = CARTESIAN_POINT('',(-4.989028092403,-11.49997869163));
#1923 = CARTESIAN_POINT('',(-4.956352777943,-11.46537435272));
#1924 = CARTESIAN_POINT('',(-4.922522785312,-11.43553230604));
#1925 = CARTESIAN_POINT('',(-4.84100197376,-11.37827074454));
#1926 = CARTESIAN_POINT('',(-4.79236054275,-11.35492838621));
#1927 = CARTESIAN_POINT('',(-4.742558736904,-11.3428825651));
#1928 = CARTESIAN_POINT('',(-4.69243034057,-11.34293021895));
#1929 = CARTESIAN_POINT('',(-4.642794946342,-11.35488362881));
#1930 = CARTESIAN_POINT('',(-4.567999071299,-11.38989068259));
#1931 = CARTESIAN_POINT('',(-4.541920701683,-11.40549802385));
#1932 = CARTESIAN_POINT('',(-4.516343154865,-11.42411620022));
#1933 = CARTESIAN_POINT('',(-4.491330857855,-11.44553106161));
#1934 = CARTESIAN_POINT('',(-4.466949882288,-11.46949736476));
#1935 = CARTESIAN_POINT('',(-4.425645249215,-11.51526159516));
#1936 = CARTESIAN_POINT('',(-4.408395474075,-11.53606111359));
#1937 = CARTESIAN_POINT('',(-4.391523733397,-11.55805018317));
#1938 = CARTESIAN_POINT('',(-4.375035024759,-11.58114879425));
#1939 = CARTESIAN_POINT('',(-4.358934673769,-11.60528101159));
#1940 = CARTESIAN_POINT('',(-4.306079052545,-11.68972824838));
#1941 = CARTESIAN_POINT('',(-4.271128195475,-11.75447040987));
#1942 = CARTESIAN_POINT('',(-4.238361832244,-11.82379601197));
#1943 = CARTESIAN_POINT('',(-4.207790350009,-11.89712978095));
#1944 = CARTESIAN_POINT('',(-4.179463393996,-11.97408015632));
#1945 = CARTESIAN_POINT('',(-4.130439575567,-12.125637056));
#1946 = CARTESIAN_POINT('',(-4.109220774967,-12.19959436575));
#1947 = CARTESIAN_POINT('',(-4.089943589099,-12.27598481168));
#1948 = CARTESIAN_POINT('',(-4.072742206967,-12.35457799354));
#1949 = CARTESIAN_POINT('',(-4.057766683586,-12.43518917677));
#1950 = CARTESIAN_POINT('',(-4.033348453355,-12.59521034716));
#1951 = CARTESIAN_POINT('',(-4.023618961039,-12.67445845939));
#1952 = CARTESIAN_POINT('',(-4.016185853252,-12.754950672));
#1953 = CARTESIAN_POINT('',(-4.011178743237,-12.83627982218));
#1954 = CARTESIAN_POINT('',(-4.008668472301,-12.9180804151));
#1955 = CARTESIAN_POINT('',(-4.008668472301,-13.08263697663));
#1956 = CARTESIAN_POINT('',(-4.011222900272,-13.16514944291));
#1957 = CARTESIAN_POINT('',(-4.016317580374,-13.24717759052));
#1958 = CARTESIAN_POINT('',(-4.023879271935,-13.32834812097));
#1959 = CARTESIAN_POINT('',(-4.033774317193,-13.40824448381));
#1960 = CARTESIAN_POINT('',(-4.058428678527,-13.56841576427));
#1961 = CARTESIAN_POINT('',(-4.073416021007,-13.64857984804));
#1962 = CARTESIAN_POINT('',(-4.090603911838,-13.72673784619));
#1963 = CARTESIAN_POINT('',(-4.10984482356,-13.80270819874));
#1964 = CARTESIAN_POINT('',(-4.131007174605,-13.87626448141));
#1965 = CARTESIAN_POINT('',(-4.180158096616,-14.02789678678));
#1966 = CARTESIAN_POINT('',(-4.208714334604,-14.10525340587));
#1967 = CARTESIAN_POINT('',(-4.239541915924,-14.17894142912));
#1968 = CARTESIAN_POINT('',(-4.272591094404,-14.24855951892));
#1969 = CARTESIAN_POINT('',(-4.307852177937,-14.31351719635));
#1970 = CARTESIAN_POINT('',(-4.360521912963,-14.39707103762));
#1971 = CARTESIAN_POINT('',(-4.37606946746,-14.42025570789));
#1972 = CARTESIAN_POINT('',(-4.391977696715,-14.44247634994));
#1973 = CARTESIAN_POINT('',(-4.408241804567,-14.46366476572));
#1974 = CARTESIAN_POINT('',(-4.424857277077,-14.48374925904));
#1975 = CARTESIAN_POINT('',(-4.48279668639,-14.54832461888));
#1976 = CARTESIAN_POINT('',(-4.526118409807,-14.58746892963));
#1977 = CARTESIAN_POINT('',(-4.571246013938,-14.6182237815));
#1978 = CARTESIAN_POINT('',(-4.617659365632,-14.63932221303));
#1979 = CARTESIAN_POINT('',(-4.664871725601,-14.65));
#1980 = CARTESIAN_POINT('',(-4.712388980385,-14.65));
#1981 = ( GEOMETRIC_REPRESENTATION_CONTEXT(2) 
PARAMETRIC_REPRESENTATION_CONTEXT() REPRESENTATION_CONTEXT('2D SPACE',''
  ) );
#1982 = ORIENTED_EDGE('',*,*,#1983,.F.);
#1983 = EDGE_CURVE('',#515,#1664,#1984,.T.);
#1984 = SEAM_CURVE('',#1985,(#1989,#1996),.PCURVE_S1.);
#1985 = LINE('',#1986,#1987);
#1986 = CARTESIAN_POINT('',(-4.041334437186E-16,-9.,14.65));
#1987 = VECTOR('',#1988,1.);
#1988 = DIRECTION('',(0.,1.,0.));
#1989 = PCURVE('',#640,#1990);
#1990 = DEFINITIONAL_REPRESENTATION('',(#1991),#1995);
#1991 = LINE('',#1992,#1993);
#1992 = CARTESIAN_POINT('',(6.28318530718,-0.));
#1993 = VECTOR('',#1994,1.);
#1994 = DIRECTION('',(0.,1.));
#1995 = ( GEOMETRIC_REPRESENTATION_CONTEXT(2) 
PARAMETRIC_REPRESENTATION_CONTEXT() REPRESENTATION_CONTEXT('2D SPACE',''
  ) );
#1996 = PCURVE('',#640,#1997);
#1997 = DEFINITIONAL_REPRESENTATION('',(#1998),#2002);
#1998 = LINE('',#1999,#2000);
#1999 = CARTESIAN_POINT('',(0.,-0.));
#2000 = VECTOR('',#2001,1.);
#2001 = DIRECTION('',(0.,1.));
#2002 = ( GEOMETRIC_REPRESENTATION_CONTEXT(2) 
PARAMETRIC_REPRESENTATION_CONTEXT() REPRESENTATION_CONTEXT('2D SPACE',''
  ) );
#2003 = ORIENTED_EDGE('',*,*,#514,.T.);
#2004 = ORIENTED_EDGE('',*,*,#1983,.T.);
#2005 = ADVANCED_FACE('',(#2006),#819,.F.);
#2006 = FACE_BOUND('',#2007,.F.);
#2007 = EDGE_LOOP('',(#2008,#2328,#2349,#2350));
#2008 = ORIENTED_EDGE('',*,*,#2009,.F.);
#2009 = EDGE_CURVE('',#2010,#2010,#2012,.T.);
#2010 = VERTEX_POINT('',#2011);
#2011 = CARTESIAN_POINT('',(-2.55,4.041334437186E-16,6.65));
#2012 = SURFACE_CURVE('',#2013,(#2116,#2222),.PCURVE_S1.);
#2013 = B_SPLINE_CURVE_WITH_KNOTS('',6,(#2014,#2015,#2016,#2017,#2018,
    #2019,#2020,#2021,#2022,#2023,#2024,#2025,#2026,#2027,#2028,#2029,
    #2030,#2031,#2032,#2033,#2034,#2035,#2036,#2037,#2038,#2039,#2040,
    #2041,#2042,#2043,#2044,#2045,#2046,#2047,#2048,#2049,#2050,#2051,
    #2052,#2053,#2054,#2055,#2056,#2057,#2058,#2059,#2060,#2061,#2062,
    #2063,#2064,#2065,#2066,#2067,#2068,#2069,#2070,#2071,#2072,#2073,
    #2074,#2075,#2076,#2077,#2078,#2079,#2080,#2081,#2082,#2083,#2084,
    #2085,#2086,#2087,#2088,#2089,#2090,#2091,#2092,#2093,#2094,#2095,
    #2096,#2097,#2098,#2099,#2100,#2101,#2102,#2103,#2104,#2105,#2106,
    #2107,#2108,#2109,#2110,#2111,#2112,#2113,#2114,#2115),
  .UNSPECIFIED.,.T.,.F.,(7,5,5,5,5,5,5,5,5,5,5,5,5,5,5,5,5,5,5,5,7),(0.,
    5.990541852801E-02,8.533658032928E-02,0.144694337204,0.198493189634,
    0.249560647989,0.300480686198,0.353934289205,0.414853842657,
    0.46164807047,0.499192962795,0.559300451246,0.584817400044,
    0.644375396942,0.698355736747,0.749595468274,0.800687282341,
    0.854321208044,0.915446270151,0.94020060276,1.),.UNSPECIFIED.);
#2014 = CARTESIAN_POINT('',(-2.55,4.440892098501E-16,6.65));
#2015 = CARTESIAN_POINT('',(-2.55,-0.121805881609,6.65));
#2016 = CARTESIAN_POINT('',(-2.543017832098,-0.24281979037,
    6.639209671336));
#2017 = CARTESIAN_POINT('',(-2.529225104415,-0.361266996557,
    6.617892240766));
#2018 = CARTESIAN_POINT('',(-2.509320494793,-0.475417844504,
    6.586826411804));
#2019 = CARTESIAN_POINT('',(-2.484514561779,-0.583686322823,
    6.547301908148));
#2020 = CARTESIAN_POINT('',(-2.444392045117,-0.727619651409,
    6.481651871097));
#2021 = CARTESIAN_POINT('',(-2.431789293312,-0.769354812393,
    6.460839238458));
#2022 = CARTESIAN_POINT('',(-2.41862175397,-0.809917499805,
    6.438860394474));
#2023 = CARTESIAN_POINT('',(-2.40496882815,-0.849297255406,6.41579327955
    ));
#2024 = CARTESIAN_POINT('',(-2.390908268417,-0.887487213374,
    6.391711726517));
#2025 = CARTESIAN_POINT('',(-2.34292423519,-1.010836907815,
    6.308272753488));
#2026 = CARTESIAN_POINT('',(-2.307521145016,-1.090701023239,
    6.244706021717));
#2027 = CARTESIAN_POINT('',(-2.271196507914,-1.164224331193,
    6.176738731177));
#2028 = CARTESIAN_POINT('',(-2.234738771379,-1.231583600283,
    6.104912073258));
#2029 = CARTESIAN_POINT('',(-2.198883990255,-1.292931217359,
    6.029597358875));
#2030 = CARTESIAN_POINT('',(-2.133077953708,-1.398563366564,
    5.879836578245));
#2031 = CARTESIAN_POINT('',(-2.102859666176,-1.443954868701,
    5.805903413009));
#2032 = CARTESIAN_POINT('',(-2.074304904826,-1.484478183049,
    5.729519466164));
#2033 = CARTESIAN_POINT('',(-2.048009456655,-1.52009130165,
    5.650915200885));
#2034 = CARTESIAN_POINT('',(-2.024550578886,-1.550725789892,
    5.57027499398));
#2035 = CARTESIAN_POINT('',(-1.985404757264,-1.600505861834,
    5.409397561928));
#2036 = CARTESIAN_POINT('',(-1.969368117223,-1.620174955126,
    5.329284934193));
#2037 = CARTESIAN_POINT('',(-1.956916115649,-1.635042614685,
    5.247887888836));
#2038 = CARTESIAN_POINT('',(-1.948461472719,-1.645004791248,
    5.165626300993));
#2039 = CARTESIAN_POINT('',(-1.944222209522,-1.65,5.082876221447));
#2040 = CARTESIAN_POINT('',(-1.944222209522,-1.65,4.91736302337));
#2041 = CARTESIAN_POINT('',(-1.948437033185,-1.645033589071,
    4.834850557089));
#2042 = CARTESIAN_POINT('',(-1.956843172355,-1.635128563813,
    4.752822409472));
#2043 = CARTESIAN_POINT('',(-1.969225025379,-1.620345807984,
    4.671651879029));
#2044 = CARTESIAN_POINT('',(-1.985174321209,-1.600788443703,
    4.591755516185));
#2045 = CARTESIAN_POINT('',(-2.024046427768,-1.551377686892,
    4.431584235727));
#2046 = CARTESIAN_POINT('',(-2.047293576253,-1.52103967697,
    4.351420151957));
#2047 = CARTESIAN_POINT('',(-2.073351241094,-1.485784291007,
    4.273262153808));
#2048 = CARTESIAN_POINT('',(-2.101653177154,-1.445679483759,
    4.197291801257));
#2049 = CARTESIAN_POINT('',(-2.131614538963,-1.400767890818,
    4.123735518583));
#2050 = CARTESIAN_POINT('',(-2.198021811123,-1.294471618562,
    3.972103221014));
#2051 = CARTESIAN_POINT('',(-2.234825193918,-1.231602804586,
    3.894746582479));
#2052 = CARTESIAN_POINT('',(-2.272269326776,-1.162403772734,
    3.821058570283));
#2053 = CARTESIAN_POINT('',(-2.309559070233,-1.086708700468,
    3.751440492472));
#2054 = CARTESIAN_POINT('',(-2.345840494509,-1.004325957701,3.6864827972
    ));
#2055 = CARTESIAN_POINT('',(-2.406496555479,-0.84656136014,
    3.581332306514));
#2056 = CARTESIAN_POINT('',(-2.431728347478,-0.773864013216,
    3.538808731084));
#2057 = CARTESIAN_POINT('',(-2.455314231946,-0.697119306052,
    3.499978691637));
#2058 = CARTESIAN_POINT('',(-2.476723163946,-0.616490656545,
    3.465374352727));
#2059 = CARTESIAN_POINT('',(-2.495435515855,-0.53219529485,
    3.435532306043));
#2060 = CARTESIAN_POINT('',(-2.523413621806,-0.374150755596,
    3.391320870857));
#2061 = CARTESIAN_POINT('',(-2.533812191449,-0.301629840588,
    3.375064752778));
#2062 = CARTESIAN_POINT('',(-2.541840043995,-0.227432300957,
    3.362610041847));
#2063 = CARTESIAN_POINT('',(-2.547276067551,-0.152073148322,
    3.354210165361));
#2064 = CARTESIAN_POINT('',(-2.55,-7.60835101813E-02,3.35));
#2065 = CARTESIAN_POINT('',(-2.55,0.121805881609,3.35));
#2066 = CARTESIAN_POINT('',(-2.543017832098,0.24281979037,3.360790328664
    ));
#2067 = CARTESIAN_POINT('',(-2.529225104415,0.361266996557,
    3.382107759234));
#2068 = CARTESIAN_POINT('',(-2.509320494793,0.475417844504,
    3.413173588196));
#2069 = CARTESIAN_POINT('',(-2.484514561779,0.583686322823,
    3.452698091852));
#2070 = CARTESIAN_POINT('',(-2.444392043294,0.727619657948,
    3.518348131885));
#2071 = CARTESIAN_POINT('',(-2.431789293911,0.769354811384,3.53916076045
    ));
#2072 = CARTESIAN_POINT('',(-2.418621755903,0.809917493965,
    3.561139602258));
#2073 = CARTESIAN_POINT('',(-2.40496882859,0.849297253322,3.584206719783
    ));
#2074 = CARTESIAN_POINT('',(-2.390908266395,0.88748721857,3.608288276998
    ));
#2075 = CARTESIAN_POINT('',(-2.34292423519,1.010836907815,3.691727246512
    ));
#2076 = CARTESIAN_POINT('',(-2.307521145016,1.090701023239,
    3.755293978283));
#2077 = CARTESIAN_POINT('',(-2.271196507914,1.164224331193,
    3.823261268823));
#2078 = CARTESIAN_POINT('',(-2.234738771379,1.231583600283,
    3.895087926742));
#2079 = CARTESIAN_POINT('',(-2.198883990255,1.292931217359,
    3.970402641125));
#2080 = CARTESIAN_POINT('',(-2.133077953708,1.398563366564,
    4.120163421755));
#2081 = CARTESIAN_POINT('',(-2.102859666176,1.443954868701,
    4.194096586991));
#2082 = CARTESIAN_POINT('',(-2.074304904826,1.484478183049,
    4.270480533836));
#2083 = CARTESIAN_POINT('',(-2.048009456655,1.52009130165,4.349084799115
    ));
#2084 = CARTESIAN_POINT('',(-2.024550578886,1.550725789892,4.42972500602
    ));
#2085 = CARTESIAN_POINT('',(-1.985404757264,1.600505861834,
    4.590602438072));
#2086 = CARTESIAN_POINT('',(-1.969368117223,1.620174955126,
    4.670715065807));
#2087 = CARTESIAN_POINT('',(-1.956916115649,1.635042614685,
    4.752112111164));
#2088 = CARTESIAN_POINT('',(-1.948461472719,1.645004791248,
    4.834373699007));
#2089 = CARTESIAN_POINT('',(-1.944222209522,1.65,4.917123778554));
#2090 = CARTESIAN_POINT('',(-1.944222209522,1.65,5.08263697663));
#2091 = CARTESIAN_POINT('',(-1.948437033185,1.645033589071,
    5.165149442911));
#2092 = CARTESIAN_POINT('',(-1.956843172355,1.635128563813,
    5.247177590528));
#2093 = CARTESIAN_POINT('',(-1.969225025379,1.620345807984,
    5.328348120971));
#2094 = CARTESIAN_POINT('',(-1.985174321209,1.600788443703,
    5.408244483815));
#2095 = CARTESIAN_POINT('',(-2.024046427768,1.551377686892,
    5.568415764273));
#2096 = CARTESIAN_POINT('',(-2.047293576253,1.52103967697,5.648579848043
    ));
#2097 = CARTESIAN_POINT('',(-2.073351241094,1.485784291007,
    5.726737846192));
#2098 = CARTESIAN_POINT('',(-2.101653177154,1.445679483759,
    5.802708198743));
#2099 = CARTESIAN_POINT('',(-2.131614538963,1.400767890818,
    5.876264481417));
#2100 = CARTESIAN_POINT('',(-2.198021811123,1.294471618562,
    6.027896778985));
#2101 = CARTESIAN_POINT('',(-2.234825193918,1.231602804586,
    6.105253417521));
#2102 = CARTESIAN_POINT('',(-2.272269326776,1.162403772734,
    6.178941429717));
#2103 = CARTESIAN_POINT('',(-2.309559070233,1.086708700468,
    6.248559507528));
#2104 = CARTESIAN_POINT('',(-2.345840494509,1.004325957701,6.3135172028)
  );
#2105 = CARTESIAN_POINT('',(-2.394038526359,0.878964320684,
    6.397071040919));
#2106 = CARTESIAN_POINT('',(-2.407607814229,0.841705874438,
    6.420255707274));
#2107 = CARTESIAN_POINT('',(-2.420783514817,0.803327799804,
    6.442476346888));
#2108 = CARTESIAN_POINT('',(-2.433494236213,0.763837259609,
    6.463664764696));
#2109 = CARTESIAN_POINT('',(-2.445667213197,0.723244665354,
    6.483749261825));
#2110 = CARTESIAN_POINT('',(-2.485156608361,0.580874314824,
    6.548324618887));
#2111 = CARTESIAN_POINT('',(-2.509732168165,0.473049884045,
    6.587468929631));
#2112 = CARTESIAN_POINT('',(-2.529439606665,0.359422935867,
    6.618223781506));
#2113 = CARTESIAN_POINT('',(-2.543090659097,0.241560298236,
    6.639322213033));
#2114 = CARTESIAN_POINT('',(-2.55,0.121168999698,6.65));
#2115 = CARTESIAN_POINT('',(-2.55,4.440892098501E-16,6.65));
#2116 = PCURVE('',#819,#2117);
#2117 = DEFINITIONAL_REPRESENTATION('',(#2118),#2221);
#2118 = B_SPLINE_CURVE_WITH_KNOTS('',6,(#2119,#2120,#2121,#2122,#2123,
    #2124,#2125,#2126,#2127,#2128,#2129,#2130,#2131,#2132,#2133,#2134,
    #2135,#2136,#2137,#2138,#2139,#2140,#2141,#2142,#2143,#2144,#2145,
    #2146,#2147,#2148,#2149,#2150,#2151,#2152,#2153,#2154,#2155,#2156,
    #2157,#2158,#2159,#2160,#2161,#2162,#2163,#2164,#2165,#2166,#2167,
    #2168,#2169,#2170,#2171,#2172,#2173,#2174,#2175,#2176,#2177,#2178,
    #2179,#2180,#2181,#2182,#2183,#2184,#2185,#2186,#2187,#2188,#2189,
    #2190,#2191,#2192,#2193,#2194,#2195,#2196,#2197,#2198,#2199,#2200,
    #2201,#2202,#2203,#2204,#2205,#2206,#2207,#2208,#2209,#2210,#2211,
    #2212,#2213,#2214,#2215,#2216,#2217,#2218,#2219,#2220),
  .UNSPECIFIED.,.F.,.F.,(7,5,5,5,5,5,5,5,5,5,5,5,5,5,5,5,5,5,5,5,7),(0.,
    5.990541852801E-02,8.533658032928E-02,0.144694337204,0.198493189634,
    0.249560647989,0.300480686198,0.353934289205,0.414853842657,
    0.46164807047,0.499192962795,0.559300451246,0.584817400044,
    0.644375396942,0.698355736747,0.749595468274,0.800687282341,
    0.854321208044,0.915446270151,0.94020060276,1.),.UNSPECIFIED.);
#2119 = CARTESIAN_POINT('',(0.,6.45));
#2120 = CARTESIAN_POINT('',(7.382174642958E-02,6.45));
#2121 = CARTESIAN_POINT('',(0.147163425643,6.456982167902));
#2122 = CARTESIAN_POINT('',(0.2196741878,6.470774895585));
#2123 = CARTESIAN_POINT('',(0.290980588415,6.490679505207));
#2124 = CARTESIAN_POINT('',(0.360621604152,6.515485438221));
#2125 = CARTESIAN_POINT('',(0.456499415974,6.555607954883));
#2126 = CARTESIAN_POINT('',(0.484747282113,6.568210706688));
#2127 = CARTESIAN_POINT('',(0.512683659269,6.58137824603));
#2128 = CARTESIAN_POINT('',(0.540320688483,6.59503117185));
#2129 = CARTESIAN_POINT('',(0.567669451836,6.609091731583));
#2130 = CARTESIAN_POINT('',(0.657924084664,6.65707576481));
#2131 = CARTESIAN_POINT('',(0.719601416568,6.692478854984));
#2132 = CARTESIAN_POINT('',(0.780042587197,6.728803492086));
#2133 = CARTESIAN_POINT('',(0.839502316006,6.765261228621));
#2134 = CARTESIAN_POINT('',(0.89823261614,6.801116009745));
#2135 = CARTESIAN_POINT('',(1.009302944973,6.866922046292));
#2136 = CARTESIAN_POINT('',(1.061775249778,6.897140333824));
#2137 = CARTESIAN_POINT('',(1.114026325051,6.925695095174));
#2138 = CARTESIAN_POINT('',(1.166174486514,6.951990543345));
#2139 = CARTESIAN_POINT('',(1.218351657105,6.975449421114));
#2140 = CARTESIAN_POINT('',(1.320414141264,7.014595242736));
#2141 = CARTESIAN_POINT('',(1.370321202205,7.030631882777));
#2142 = CARTESIAN_POINT('',(1.420332976307,7.043083884351));
#2143 = CARTESIAN_POINT('',(1.470416796141,7.051538527281));
#2144 = CARTESIAN_POINT('',(1.520568313797,7.055777790478));
#2145 = CARTESIAN_POINT('',(1.620879342934,7.055777790478));
#2146 = CARTESIAN_POINT('',(1.670886853347,7.051562966815));
#2147 = CARTESIAN_POINT('',(1.720827220768,7.043156827645));
#2148 = CARTESIAN_POINT('',(1.770695878711,7.030774974621));
#2149 = CARTESIAN_POINT('',(1.82046026344,7.014825678791));
#2150 = CARTESIAN_POINT('',(1.92204777627,6.975953572232));
#2151 = CARTESIAN_POINT('',(1.97389339397,6.952706423747));
#2152 = CARTESIAN_POINT('',(2.025708657665,6.926648758906));
#2153 = CARTESIAN_POINT('',(2.077622493734,6.898346822846));
#2154 = CARTESIAN_POINT('',(2.129750276338,6.868385461037));
#2155 = CARTESIAN_POINT('',(2.241979955505,6.801978188877));
#2156 = CARTESIAN_POINT('',(2.302240730292,6.765174806082));
#2157 = CARTESIAN_POINT('',(2.363268626534,6.727730673224));
#2158 = CARTESIAN_POINT('',(2.42533560608,6.690440929767));
#2159 = CARTESIAN_POINT('',(2.488716438363,6.654159505491));
#2160 = CARTESIAN_POINT('',(2.603622546774,6.593503444521));
#2161 = CARTESIAN_POINT('',(2.654577679025,6.568271652522));
#2162 = CARTESIAN_POINT('',(2.706556992714,6.544685768054));
#2163 = CARTESIAN_POINT('',(2.759568074143,6.523276836054));
#2164 = CARTESIAN_POINT('',(2.813639941268,6.504564484145));
#2165 = CARTESIAN_POINT('',(2.913101720388,6.476586378194));
#2166 = CARTESIAN_POINT('',(2.958082980329,6.466187808551));
#2167 = CARTESIAN_POINT('',(3.003578464079,6.458159956005));
#2168 = CARTESIAN_POINT('',(3.049427074652,6.452723932449));
#2169 = CARTESIAN_POINT('',(3.095481435298,6.45));
#2170 = CARTESIAN_POINT('',(3.215414400019,6.45));
#2171 = CARTESIAN_POINT('',(3.288756079233,6.456982167902));
#2172 = CARTESIAN_POINT('',(3.36126684139,6.470774895585));
#2173 = CARTESIAN_POINT('',(3.432573242005,6.490679505207));
#2174 = CARTESIAN_POINT('',(3.502214257741,6.515485438221));
#2175 = CARTESIAN_POINT('',(3.59809207392,6.555607956706));
#2176 = CARTESIAN_POINT('',(3.626339934844,6.568210706089));
#2177 = CARTESIAN_POINT('',(3.654276308791,6.581378244097));
#2178 = CARTESIAN_POINT('',(3.68191334077,6.59503117141));
#2179 = CARTESIAN_POINT('',(3.709262109227,6.609091733605));
#2180 = CARTESIAN_POINT('',(3.799516738254,6.65707576481));
#2181 = CARTESIAN_POINT('',(3.861194070158,6.692478854984));
#2182 = CARTESIAN_POINT('',(3.921635240787,6.728803492086));
#2183 = CARTESIAN_POINT('',(3.981094969596,6.765261228621));
#2184 = CARTESIAN_POINT('',(4.03982526973,6.801116009745));
#2185 = CARTESIAN_POINT('',(4.150895598562,6.866922046292));
#2186 = CARTESIAN_POINT('',(4.203367903368,6.897140333824));
#2187 = CARTESIAN_POINT('',(4.25561897864,6.925695095174));
#2188 = CARTESIAN_POINT('',(4.307767140104,6.951990543345));
#2189 = CARTESIAN_POINT('',(4.359944310695,6.975449421114));
#2190 = CARTESIAN_POINT('',(4.462006794854,7.014595242736));
#2191 = CARTESIAN_POINT('',(4.511913855795,7.030631882777));
#2192 = CARTESIAN_POINT('',(4.561925629897,7.043083884351));
#2193 = CARTESIAN_POINT('',(4.612009449731,7.051538527281));
#2194 = CARTESIAN_POINT('',(4.662160967387,7.055777790478));
#2195 = CARTESIAN_POINT('',(4.762471996524,7.055777790478));
#2196 = CARTESIAN_POINT('',(4.812479506937,7.051562966815));
#2197 = CARTESIAN_POINT('',(4.862419874358,7.043156827645));
#2198 = CARTESIAN_POINT('',(4.912288532301,7.030774974621));
#2199 = CARTESIAN_POINT('',(4.96205291703,7.014825678791));
#2200 = CARTESIAN_POINT('',(5.06364042986,6.975953572232));
#2201 = CARTESIAN_POINT('',(5.115486047559,6.952706423747));
#2202 = CARTESIAN_POINT('',(5.167301311255,6.926648758906));
#2203 = CARTESIAN_POINT('',(5.219215147324,6.898346822846));
#2204 = CARTESIAN_POINT('',(5.271342929928,6.868385461037));
#2205 = CARTESIAN_POINT('',(5.383572609094,6.801978188877));
#2206 = CARTESIAN_POINT('',(5.443833383882,6.765174806082));
#2207 = CARTESIAN_POINT('',(5.504861280124,6.727730673224));
#2208 = CARTESIAN_POINT('',(5.566928259669,6.690440929767));
#2209 = CARTESIAN_POINT('',(5.630309091953,6.654159505491));
#2210 = CARTESIAN_POINT('',(5.721614860651,6.605961473641));
#2211 = CARTESIAN_POINT('',(5.748197749869,6.592392185771));
#2212 = CARTESIAN_POINT('',(5.775053857608,6.579216485183));
#2213 = CARTESIAN_POINT('',(5.802192946587,6.566505763787));
#2214 = CARTESIAN_POINT('',(5.829625753494,6.554332786803));
#2215 = CARTESIAN_POINT('',(5.924371643305,6.514843391639));
#2216 = CARTESIAN_POINT('',(5.993683686512,6.490267831835));
#2217 = CARTESIAN_POINT('',(6.064640041239,6.470560393335));
#2218 = CARTESIAN_POINT('',(6.136785207957,6.456909340903));
#2219 = CARTESIAN_POINT('',(6.209749549787,6.45));
#2220 = CARTESIAN_POINT('',(6.28318530718,6.45));
#2221 = ( GEOMETRIC_REPRESENTATION_CONTEXT(2) 
PARAMETRIC_REPRESENTATION_CONTEXT() REPRESENTATION_CONTEXT('2D SPACE',''
  ) );
#2222 = PCURVE('',#901,#2223);
#2223 = DEFINITIONAL_REPRESENTATION('',(#2224),#2327);
#2224 = B_SPLINE_CURVE_WITH_KNOTS('',6,(#2225,#2226,#2227,#2228,#2229,
    #2230,#2231,#2232,#2233,#2234,#2235,#2236,#2237,#2238,#2239,#2240,
    #2241,#2242,#2243,#2244,#2245,#2246,#2247,#2248,#2249,#2250,#2251,
    #2252,#2253,#2254,#2255,#2256,#2257,#2258,#2259,#2260,#2261,#2262,
    #2263,#2264,#2265,#2266,#2267,#2268,#2269,#2270,#2271,#2272,#2273,
    #2274,#2275,#2276,#2277,#2278,#2279,#2280,#2281,#2282,#2283,#2284,
    #2285,#2286,#2287,#2288,#2289,#2290,#2291,#2292,#2293,#2294,#2295,
    #2296,#2297,#2298,#2299,#2300,#2301,#2302,#2303,#2304,#2305,#2306,
    #2307,#2308,#2309,#2310,#2311,#2312,#2313,#2314,#2315,#2316,#2317,
    #2318,#2319,#2320,#2321,#2322,#2323,#2324,#2325,#2326),
  .UNSPECIFIED.,.T.,.F.,(7,5,5,5,5,5,5,5,5,5,5,5,5,5,5,5,5,5,5,5,7),(0.,
    5.990541852801E-02,8.533658032928E-02,0.144694337204,0.198493189634,
    0.249560647989,0.300480686198,0.353934289205,0.414853842657,
    0.46164807047,0.499192962795,0.559300451246,0.584817400044,
    0.644375396942,0.698355736747,0.749595468274,0.800687282341,
    0.854321208044,0.915446270151,0.94020060276,1.),.UNSPECIFIED.);
#2225 = CARTESIAN_POINT('',(-3.14159265359,-6.65));
#2226 = CARTESIAN_POINT('',(-3.189359665985,-6.65));
#2227 = CARTESIAN_POINT('',(-3.236816188993,-6.639209671336));
#2228 = CARTESIAN_POINT('',(-3.28346183331,-6.617892240766));
#2229 = CARTESIAN_POINT('',(-3.328803742687,-6.586826411804));
#2230 = CARTESIAN_POINT('',(-3.372314839473,-6.547301908148));
#2231 = CARTESIAN_POINT('',(-3.430911289302,-6.481651871097));
#2232 = CARTESIAN_POINT('',(-3.448004067393,-6.460839238458));
#2233 = CARTESIAN_POINT('',(-3.464722924394,-6.438860394474));
#2234 = CARTESIAN_POINT('',(-3.481063174353,-6.41579327955));
#2235 = CARTESIAN_POINT('',(-3.497019811396,-6.391711726517));
#2236 = CARTESIAN_POINT('',(-3.548923390062,-6.308272753488));
#2237 = CARTESIAN_POINT('',(-3.583145459482,-6.244706021717));
#2238 = CARTESIAN_POINT('',(-3.615266858872,-6.176738731177));
#2239 = CARTESIAN_POINT('',(-3.645277801899,-6.104912073258));
#2240 = CARTESIAN_POINT('',(-3.673132057064,-6.029597358875));
#2241 = CARTESIAN_POINT('',(-3.721937212109,-5.879836578245));
#2242 = CARTESIAN_POINT('',(-3.743311754385,-5.805903413009));
#2243 = CARTESIAN_POINT('',(-3.76274367861,-5.729519466164));
#2244 = CARTESIAN_POINT('',(-3.780099689815,-5.650915200885));
#2245 = CARTESIAN_POINT('',(-3.795229790491,-5.57027499398));
#2246 = CARTESIAN_POINT('',(-3.820064347757,-5.409397561928));
#2247 = CARTESIAN_POINT('',(-3.83001497088,-5.329284934193));
#2248 = CARTESIAN_POINT('',(-3.837619844709,-5.247887888836));
#2249 = CARTESIAN_POINT('',(-3.842743922085,-5.165626300993));
#2250 = CARTESIAN_POINT('',(-3.845313161673,-5.082876221447));
#2251 = CARTESIAN_POINT('',(-3.845313161673,-4.91736302337));
#2252 = CARTESIAN_POINT('',(-3.842758733702,-4.834850557089));
#2253 = CARTESIAN_POINT('',(-3.837664053601,-4.752822409472));
#2254 = CARTESIAN_POINT('',(-3.830102362039,-4.671651879029));
#2255 = CARTESIAN_POINT('',(-3.820207316781,-4.591755516185));
#2256 = CARTESIAN_POINT('',(-3.795552955447,-4.431584235727));
#2257 = CARTESIAN_POINT('',(-3.780565612968,-4.351420151957));
#2258 = CARTESIAN_POINT('',(-3.763377722136,-4.273262153808));
#2259 = CARTESIAN_POINT('',(-3.744136810415,-4.197291801257));
#2260 = CARTESIAN_POINT('',(-3.72297445937,-4.123735518583));
#2261 = CARTESIAN_POINT('',(-3.673823539887,-3.972103221014));
#2262 = CARTESIAN_POINT('',(-3.645267294313,-3.894746582479));
#2263 = CARTESIAN_POINT('',(-3.614439718775,-3.821058570283));
#2264 = CARTESIAN_POINT('',(-3.581390544979,-3.751440492472));
#2265 = CARTESIAN_POINT('',(-3.546129451972,-3.6864827972));
#2266 = CARTESIAN_POINT('',(-3.479845862878,-3.581332306514));
#2267 = CARTESIAN_POINT('',(-3.449685121109,-3.538808731084));
#2268 = CARTESIAN_POINT('',(-3.418231765608,-3.499978691637));
#2269 = CARTESIAN_POINT('',(-3.385556451148,-3.465374352727));
#2270 = CARTESIAN_POINT('',(-3.351726458517,-3.435532306043));
#2271 = CARTESIAN_POINT('',(-3.288784548069,-3.391320870857));
#2272 = CARTESIAN_POINT('',(-3.260069512964,-3.375064752778));
#2273 = CARTESIAN_POINT('',(-3.230829667796,-3.362610041847));
#2274 = CARTESIAN_POINT('',(-3.201229140498,-3.354210165361));
#2275 = CARTESIAN_POINT('',(-3.171429324249,-3.35));
#2276 = CARTESIAN_POINT('',(-3.093825641194,-3.35));
#2277 = CARTESIAN_POINT('',(-3.046369118187,-3.360790328664));
#2278 = CARTESIAN_POINT('',(-2.99972347387,-3.382107759234));
#2279 = CARTESIAN_POINT('',(-2.954381564492,-3.413173588196));
#2280 = CARTESIAN_POINT('',(-2.910870467706,-3.452698091852));
#2281 = CARTESIAN_POINT('',(-2.852274015216,-3.518348131885));
#2282 = CARTESIAN_POINT('',(-2.835181240236,-3.53916076045));
#2283 = CARTESIAN_POINT('',(-2.818462385201,-3.561139602258));
#2284 = CARTESIAN_POINT('',(-2.802122133657,-3.584206719783));
#2285 = CARTESIAN_POINT('',(-2.786165493597,-3.608288276998));
#2286 = CARTESIAN_POINT('',(-2.734261917117,-3.691727246512));
#2287 = CARTESIAN_POINT('',(-2.700039847697,-3.755293978283));
#2288 = CARTESIAN_POINT('',(-2.667918448308,-3.823261268823));
#2289 = CARTESIAN_POINT('',(-2.637907505281,-3.895087926742));
#2290 = CARTESIAN_POINT('',(-2.610053250116,-3.970402641125));
#2291 = CARTESIAN_POINT('',(-2.56124809507,-4.120163421755));
#2292 = CARTESIAN_POINT('',(-2.539873552794,-4.194096586991));
#2293 = CARTESIAN_POINT('',(-2.52044162857,-4.270480533836));
#2294 = CARTESIAN_POINT('',(-2.503085617364,-4.349084799115));
#2295 = CARTESIAN_POINT('',(-2.487955516688,-4.42972500602));
#2296 = CARTESIAN_POINT('',(-2.463120959422,-4.590602438072));
#2297 = CARTESIAN_POINT('',(-2.4531703363,-4.670715065807));
#2298 = CARTESIAN_POINT('',(-2.445565462471,-4.752112111164));
#2299 = CARTESIAN_POINT('',(-2.440441385095,-4.834373699007));
#2300 = CARTESIAN_POINT('',(-2.437872145507,-4.917123778554));
#2301 = CARTESIAN_POINT('',(-2.437872145507,-5.08263697663));
#2302 = CARTESIAN_POINT('',(-2.440426573477,-5.165149442911));
#2303 = CARTESIAN_POINT('',(-2.445521253579,-5.247177590528));
#2304 = CARTESIAN_POINT('',(-2.45308294514,-5.328348120971));
#2305 = CARTESIAN_POINT('',(-2.462977990399,-5.408244483815));
#2306 = CARTESIAN_POINT('',(-2.487632351732,-5.568415764273));
#2307 = CARTESIAN_POINT('',(-2.502619694212,-5.648579848043));
#2308 = CARTESIAN_POINT('',(-2.519807585043,-5.726737846192));
#2309 = CARTESIAN_POINT('',(-2.539048496765,-5.802708198743));
#2310 = CARTESIAN_POINT('',(-2.56021084781,-5.876264481417));
#2311 = CARTESIAN_POINT('',(-2.609361767292,-6.027896778985));
#2312 = CARTESIAN_POINT('',(-2.637918012866,-6.105253417521));
#2313 = CARTESIAN_POINT('',(-2.668745588404,-6.178941429717));
#2314 = CARTESIAN_POINT('',(-2.701794762201,-6.248559507528));
#2315 = CARTESIAN_POINT('',(-2.737055855208,-6.3135172028));
#2316 = CARTESIAN_POINT('',(-2.789725588244,-6.397071040919));
#2317 = CARTESIAN_POINT('',(-2.805273139891,-6.420255707274));
#2318 = CARTESIAN_POINT('',(-2.821181367639,-6.442476346888));
#2319 = CARTESIAN_POINT('',(-2.837445477335,-6.463664764696));
#2320 = CARTESIAN_POINT('',(-2.85406095278,-6.483749261825));
#2321 = CARTESIAN_POINT('',(-2.912000359595,-6.548324618887));
#2322 = CARTESIAN_POINT('',(-2.955322083012,-6.587468929631));
#2323 = CARTESIAN_POINT('',(-3.000449687143,-6.618223781506));
#2324 = CARTESIAN_POINT('',(-3.046863038837,-6.639322213033));
#2325 = CARTESIAN_POINT('',(-3.094075398806,-6.65));
#2326 = CARTESIAN_POINT('',(-3.14159265359,-6.65));
#2327 = ( GEOMETRIC_REPRESENTATION_CONTEXT(2) 
PARAMETRIC_REPRESENTATION_CONTEXT() REPRESENTATION_CONTEXT('2D SPACE',''
  ) );
#2328 = ORIENTED_EDGE('',*,*,#2329,.F.);
#2329 = EDGE_CURVE('',#710,#2010,#2330,.T.);
#2330 = SEAM_CURVE('',#2331,(#2335,#2342),.PCURVE_S1.);
#2331 = LINE('',#2332,#2333);
#2332 = CARTESIAN_POINT('',(-9.,4.041334437186E-16,6.65));
#2333 = VECTOR('',#2334,1.);
#2334 = DIRECTION('',(1.,0.,0.));
#2335 = PCURVE('',#819,#2336);
#2336 = DEFINITIONAL_REPRESENTATION('',(#2337),#2341);
#2337 = LINE('',#2338,#2339);
#2338 = CARTESIAN_POINT('',(6.28318530718,-0.));
#2339 = VECTOR('',#2340,1.);
#2340 = DIRECTION('',(0.,1.));
#2341 = ( GEOMETRIC_REPRESENTATION_CONTEXT(2) 
PARAMETRIC_REPRESENTATION_CONTEXT() REPRESENTATION_CONTEXT('2D SPACE',''
  ) );
#2342 = PCURVE('',#819,#2343);
#2343 = DEFINITIONAL_REPRESENTATION('',(#2344),#2348);
#2344 = LINE('',#2345,#2346);
#2345 = CARTESIAN_POINT('',(0.,-0.));
#2346 = VECTOR('',#2347,1.);
#2347 = DIRECTION('',(0.,1.));
#2348 = ( GEOMETRIC_REPRESENTATION_CONTEXT(2) 
PARAMETRIC_REPRESENTATION_CONTEXT() REPRESENTATION_CONTEXT('2D SPACE',''
  ) );
#2349 = ORIENTED_EDGE('',*,*,#709,.T.);
#2350 = ORIENTED_EDGE('',*,*,#2329,.T.);
#2351 = ADVANCED_FACE('',(#2352,#2402,#2405,#2408),#901,.F.);
#2352 = FACE_BOUND('',#2353,.T.);
#2353 = EDGE_LOOP('',(#2354,#2355,#2376,#2377,#2398,#2399,#2400,#2401));
#2354 = ORIENTED_EDGE('',*,*,#884,.F.);
#2355 = ORIENTED_EDGE('',*,*,#2356,.T.);
#2356 = EDGE_CURVE('',#885,#941,#2357,.T.);
#2357 = SEAM_CURVE('',#2358,(#2362,#2369),.PCURVE_S1.);
#2358 = LINE('',#2359,#2360);
#2359 = CARTESIAN_POINT('',(2.55,0.,0.));
#2360 = VECTOR('',#2361,1.);
#2361 = DIRECTION('',(0.,0.,1.));
#2362 = PCURVE('',#901,#2363);
#2363 = DEFINITIONAL_REPRESENTATION('',(#2364),#2368);
#2364 = LINE('',#2365,#2366);
#2365 = CARTESIAN_POINT('',(-6.28318530718,0.));
#2366 = VECTOR('',#2367,1.);
#2367 = DIRECTION('',(-0.,-1.));
#2368 = ( GEOMETRIC_REPRESENTATION_CONTEXT(2) 
PARAMETRIC_REPRESENTATION_CONTEXT() REPRESENTATION_CONTEXT('2D SPACE',''
  ) );
#2369 = PCURVE('',#901,#2370);
#2370 = DEFINITIONAL_REPRESENTATION('',(#2371),#2375);
#2371 = LINE('',#2372,#2373);
#2372 = CARTESIAN_POINT('',(-0.,0.));
#2373 = VECTOR('',#2374,1.);
#2374 = DIRECTION('',(-0.,-1.));
#2375 = ( GEOMETRIC_REPRESENTATION_CONTEXT(2) 
PARAMETRIC_REPRESENTATION_CONTEXT() REPRESENTATION_CONTEXT('2D SPACE',''
  ) );
#2376 = ORIENTED_EDGE('',*,*,#1110,.T.);
#2377 = ORIENTED_EDGE('',*,*,#2378,.T.);
#2378 = EDGE_CURVE('',#918,#1287,#2379,.T.);
#2379 = SEAM_CURVE('',#2380,(#2384,#2391),.PCURVE_S1.);
#2380 = LINE('',#2381,#2382);
#2381 = CARTESIAN_POINT('',(2.55,0.,0.));
#2382 = VECTOR('',#2383,1.);
#2383 = DIRECTION('',(0.,0.,1.));
#2384 = PCURVE('',#901,#2385);
#2385 = DEFINITIONAL_REPRESENTATION('',(#2386),#2390);
#2386 = LINE('',#2387,#2388);
#2387 = CARTESIAN_POINT('',(-6.28318530718,0.));
#2388 = VECTOR('',#2389,1.);
#2389 = DIRECTION('',(-0.,-1.));
#2390 = ( GEOMETRIC_REPRESENTATION_CONTEXT(2) 
PARAMETRIC_REPRESENTATION_CONTEXT() REPRESENTATION_CONTEXT('2D SPACE',''
  ) );
#2391 = PCURVE('',#901,#2392);
#2392 = DEFINITIONAL_REPRESENTATION('',(#2393),#2397);
#2393 = LINE('',#2394,#2395);
#2394 = CARTESIAN_POINT('',(-0.,0.));
#2395 = VECTOR('',#2396,1.);
#2396 = DIRECTION('',(-0.,-1.));
#2397 = ( GEOMETRIC_REPRESENTATION_CONTEXT(2) 
PARAMETRIC_REPRESENTATION_CONTEXT() REPRESENTATION_CONTEXT('2D SPACE',''
  ) );
#2398 = ORIENTED_EDGE('',*,*,#1286,.F.);
#2399 = ORIENTED_EDGE('',*,*,#2378,.F.);
#2400 = ORIENTED_EDGE('',*,*,#940,.T.);
#2401 = ORIENTED_EDGE('',*,*,#2356,.F.);
#2402 = FACE_BOUND('',#2403,.T.);
#2403 = EDGE_LOOP('',(#2404));
#2404 = ORIENTED_EDGE('',*,*,#1341,.T.);
#2405 = FACE_BOUND('',#2406,.T.);
#2406 = EDGE_LOOP('',(#2407));
#2407 = ORIENTED_EDGE('',*,*,#1663,.F.);
#2408 = FACE_BOUND('',#2409,.T.);
#2409 = EDGE_LOOP('',(#2410));
#2410 = ORIENTED_EDGE('',*,*,#2009,.F.);
#2411 = ( GEOMETRIC_REPRESENTATION_CONTEXT(3) 
GLOBAL_UNCERTAINTY_ASSIGNED_CONTEXT((#2415)) 
GLOBAL_UNIT_ASSIGNED_CONTEXT((#2412,#2413,#2414)) REPRESENTATION_CONTEXT
('Context #1','3D Context with UNIT and UNCERTAINTY') );
#2412 = ( LENGTH_UNIT() NAMED_UNIT(*) SI_UNIT(.MILLI.,.METRE.) );
#2413 = ( NAMED_UNIT(*) PLANE_ANGLE_UNIT() SI_UNIT($,.RADIAN.) );
#2414 = ( NAMED_UNIT(*) SI_UNIT($,.STERADIAN.) SOLID_ANGLE_UNIT() );
#2415 = UNCERTAINTY_MEASURE_WITH_UNIT(LENGTH_MEASURE(1.E-07),#2412,
  'distance_accuracy_value','confusion accuracy');
#2416 = PRODUCT_RELATED_PRODUCT_CATEGORY('part',$,(#7));
ENDSEC;
END-ISO-10303-21;
